item_id,dept_id,cat_id,store_id,date,sales,lag_1,lag_7,lag_28,rolling_mean_7,rolling_mean_28,sell_price,price_change_pct,is_weekend,day_of_week_num,month,year,snap_CA
FOODS_3_064,FOODS_3,FOODS,CA_1,2016-04-25,25,20.0,50.0,17.0,32.142857,26.107143,1.18,0.0,0,0,4,2016,0
FOODS_3_064,FOODS_3,FOODS,CA_1,2016-04-26,24,25.0,32.0,14.0,28.571428,26.392857,1.18,0.0,0,1,4,2016,0
FOODS_3_064,FOODS_3,FOODS,CA_1,2016-04-27,20,24.0,24.0,17.0,27.428572,26.75,1.18,0.0,0,2,4,2016,0
FOODS_3_064,FOODS_3,FOODS,CA_1,2016-04-28,21,20.0,26.0,8.0,26.857143,26.857143,1.18,0.0,0,3,4,2016,0
FOODS_3_064,FOODS_3,FOODS,CA_1,2016-04-29,33,21.0,35.0,31.0,26.142857,27.321428,1.18,0.0,0,4,4,2016,0
FOODS_3_064,FOODS_3,FOODS,CA_1,2016-04-30,43,33.0,38.0,42.0,25.857143,27.392857,1.18,0.0,1,5,4,2016,0
FOODS_3_064,FOODS_3,FOODS,CA_1,2016-05-01,37,43.0,20.0,24.0,26.571428,27.428572,1.18,0.0,1,6,5,2016,1
FOODS_3_064,FOODS_3,FOODS,CA_1,2016-05-02,27,37.0,25.0,23.0,29.0,27.892857,1.18,0.0,0,0,5,2016,1
FOODS_3_064,FOODS_3,FOODS,CA_1,2016-05-03,23,27.0,24.0,22.0,29.285715,28.035715,1.18,0.0,0,1,5,2016,1
FOODS_3_064,FOODS_3,FOODS,CA_1,2016-05-04,18,23.0,20.0,28.0,29.142857,28.071428,1.18,0.0,0,2,5,2016,1
FOODS_3_064,FOODS_3,FOODS,CA_1,2016-05-05,18,18.0,21.0,21.0,28.857143,27.714285,1.18,0.0,0,3,5,2016,1
FOODS_3_064,FOODS_3,FOODS,CA_1,2016-05-06,35,18.0,33.0,27.0,28.428572,27.607143,1.18,0.0,0,4,5,2016,1
FOODS_3_064,FOODS_3,FOODS,CA_1,2016-05-07,38,35.0,43.0,32.0,28.714285,27.892857,1.18,0.0,1,5,5,2016,1
FOODS_3_064,FOODS_3,FOODS,CA_1,2016-05-08,30,38.0,37.0,18.0,28.0,28.107143,1.18,0.0,1,6,5,2016,1
FOODS_3_064,FOODS_3,FOODS,CA_1,2016-05-09,27,30.0,27.0,24.0,27.0,28.535715,1.18,0.0,0,0,5,2016,1
FOODS_3_064,FOODS_3,FOODS,CA_1,2016-05-10,31,27.0,23.0,20.0,27.0,28.642857,1.18,0.0,0,1,5,2016,1
FOODS_3_064,FOODS_3,FOODS,CA_1,2016-05-11,16,31.0,18.0,22.0,28.142857,29.035715,1.18,0.0,0,2,5,2016,0
FOODS_3_064,FOODS_3,FOODS,CA_1,2016-05-12,23,16.0,18.0,22.0,27.857143,28.821428,1.18,0.0,0,3,5,2016,0
FOODS_3_064,FOODS_3,FOODS,CA_1,2016-05-13,33,23.0,35.0,23.0,28.571428,28.857143,1.18,0.0,0,4,5,2016,0
FOODS_3_064,FOODS_3,FOODS,CA_1,2016-05-14,39,33.0,38.0,30.0,28.285715,29.214285,1.18,0.0,1,5,5,2016,0
FOODS_3_064,FOODS_3,FOODS,CA_1,2016-05-15,45,39.0,30.0,41.0,28.428572,29.535715,1.18,0.0,1,6,5,2016,0
FOODS_3_064,FOODS_3,FOODS,CA_1,2016-05-16,20,45.0,27.0,50.0,30.571428,29.678572,1.18,0.0,0,0,5,2016,0
FOODS_3_064,FOODS_3,FOODS,CA_1,2016-05-17,23,20.0,31.0,32.0,29.571428,28.607143,1.18,0.0,0,1,5,2016,0
FOODS_3_064,FOODS_3,FOODS,CA_1,2016-05-18,32,23.0,16.0,24.0,28.428572,28.285715,1.18,0.0,0,2,5,2016,0
FOODS_3_064,FOODS_3,FOODS,CA_1,2016-05-19,32,32.0,23.0,26.0,30.714285,28.571428,1.18,0.0,0,3,5,2016,0
FOODS_3_064,FOODS_3,FOODS,CA_1,2016-05-20,27,32.0,33.0,35.0,32.0,28.785715,1.18,0.0,0,4,5,2016,0
FOODS_3_064,FOODS_3,FOODS,CA_1,2016-05-21,29,27.0,39.0,38.0,31.142857,28.5,1.18,0.0,1,5,5,2016,0
FOODS_3_064,FOODS_3,FOODS,CA_1,2016-05-22,23,29.0,45.0,20.0,29.714285,28.178572,1.18,0.0,1,6,5,2016,0
FOODS_3_064,FOODS_3,FOODS,CA_2,2016-04-25,14,33.0,11.0,12.0,29.142857,23.107143,1.18,0.0,0,0,4,2016,0
FOODS_3_064,FOODS_3,FOODS,CA_2,2016-04-26,29,14.0,23.0,15.0,29.571428,23.178572,1.18,0.0,0,1,4,2016,0
FOODS_3_064,FOODS_3,FOODS,CA_2,2016-04-27,15,29.0,26.0,12.0,30.428572,23.678572,1.18,0.0,0,2,4,2016,0
FOODS_3_064,FOODS_3,FOODS,CA_2,2016-04-28,22,15.0,53.0,15.0,28.857143,23.785715,1.18,0.0,0,3,4,2016,0
FOODS_3_064,FOODS_3,FOODS,CA_2,2016-04-29,29,22.0,30.0,13.0,24.428572,24.035715,1.18,0.0,0,4,4,2016,0
FOODS_3_064,FOODS_3,FOODS,CA_2,2016-04-30,40,29.0,28.0,19.0,24.285715,24.607143,1.18,0.0,1,5,4,2016,0
FOODS_3_064,FOODS_3,FOODS,CA_2,2016-05-01,28,40.0,33.0,40.0,26.0,25.357143,1.18,0.0,1,6,5,2016,1
FOODS_3_064,FOODS_3,FOODS,CA_2,2016-05-02,37,28.0,14.0,30.0,25.285715,24.928572,1.18,0.0,0,0,5,2016,1
FOODS_3_064,FOODS_3,FOODS,CA_2,2016-05-03,18,37.0,29.0,16.0,28.571428,25.178572,1.18,0.0,0,1,5,2016,1
FOODS_3_064,FOODS_3,FOODS,CA_2,2016-05-04,30,18.0,15.0,27.0,27.0,25.25,1.18,0.0,0,2,5,2016,1
FOODS_3_064,FOODS_3,FOODS,CA_2,2016-05-05,30,30.0,22.0,29.0,29.142857,25.357143,1.18,0.0,0,3,5,2016,1
FOODS_3_064,FOODS_3,FOODS,CA_2,2016-05-06,27,30.0,29.0,20.0,30.285715,25.392857,1.18,0.0,0,4,5,2016,1
FOODS_3_064,FOODS_3,FOODS,CA_2,2016-05-07,25,27.0,40.0,23.0,30.0,25.642857,1.18,0.0,1,5,5,2016,1
FOODS_3_064,FOODS_3,FOODS,CA_2,2016-05-08,28,25.0,28.0,33.0,27.857143,25.714285,1.18,0.0,1,6,5,2016,1
FOODS_3_064,FOODS_3,FOODS,CA_2,2016-05-09,22,28.0,37.0,22.0,27.857143,25.535715,1.18,0.0,0,0,5,2016,1
FOODS_3_064,FOODS_3,FOODS,CA_2,2016-05-10,22,22.0,18.0,21.0,25.714285,25.535715,1.18,0.0,0,1,5,2016,1
FOODS_3_064,FOODS_3,FOODS,CA_2,2016-05-11,25,22.0,30.0,18.0,26.285715,25.571428,1.18,0.0,0,2,5,2016,0
FOODS_3_064,FOODS_3,FOODS,CA_2,2016-05-12,26,25.0,30.0,16.0,25.571428,25.821428,1.18,0.0,0,3,5,2016,0
FOODS_3_064,FOODS_3,FOODS,CA_2,2016-05-13,25,26.0,27.0,14.0,25.0,26.178572,1.18,0.0,0,4,5,2016,0
FOODS_3_064,FOODS_3,FOODS,CA_2,2016-05-14,43,25.0,25.0,38.0,24.714285,26.571428,1.18,0.0,1,5,5,2016,0
FOODS_3_064,FOODS_3,FOODS,CA_2,2016-05-15,39,43.0,28.0,10.0,27.285715,26.75,1.18,0.0,1,6,5,2016,0
FOODS_3_064,FOODS_3,FOODS,CA_2,2016-05-16,18,39.0,22.0,11.0,28.857143,27.785715,1.18,0.0,0,0,5,2016,0
FOODS_3_064,FOODS_3,FOODS,CA_2,2016-05-17,21,18.0,22.0,23.0,28.285715,28.035715,1.18,0.0,0,1,5,2016,0
FOODS_3_064,FOODS_3,FOODS,CA_2,2016-05-18,27,21.0,25.0,26.0,28.142857,27.964285,1.18,0.0,0,2,5,2016,0
FOODS_3_064,FOODS_3,FOODS,CA_2,2016-05-19,14,27.0,26.0,53.0,28.428572,28.0,1.18,0.0,0,3,5,2016,0
FOODS_3_064,FOODS_3,FOODS,CA_2,2016-05-20,28,14.0,25.0,30.0,26.714285,26.607143,1.18,0.0,0,4,5,2016,0
FOODS_3_064,FOODS_3,FOODS,CA_2,2016-05-21,48,28.0,43.0,28.0,27.142857,26.535715,1.18,0.0,1,5,5,2016,0
FOODS_3_064,FOODS_3,FOODS,CA_2,2016-05-22,30,48.0,39.0,33.0,27.857143,27.25,1.18,0.0,1,6,5,2016,0
FOODS_3_064,FOODS_3,FOODS,CA_3,2016-04-25,12,6.0,13.0,8.0,9.285714,6.214286,1.18,0.0,0,0,4,2016,0
FOODS_3_064,FOODS_3,FOODS,CA_3,2016-04-26,1,12.0,16.0,4.0,9.142858,6.357143,1.18,0.0,0,1,4,2016,0
FOODS_3_064,FOODS_3,FOODS,CA_3,2016-04-27,5,1.0,12.0,4.0,7.0,6.25,1.18,0.0,0,2,4,2016,0
FOODS_3_064,FOODS_3,FOODS,CA_3,2016-04-28,6,5.0,6.0,8.0,6.0,6.285714,1.18,0.0,0,3,4,2016,0
FOODS_3_064,FOODS_3,FOODS,CA_3,2016-04-29,3,6.0,8.0,3.0,6.0,6.214286,1.18,0.0,0,4,4,2016,0
FOODS_3_064,FOODS_3,FOODS,CA_3,2016-04-30,9,3.0,4.0,5.0,5.285714,6.214286,1.18,0.0,1,5,4,2016,0
FOODS_3_064,FOODS_3,FOODS,CA_3,2016-05-01,3,9.0,6.0,7.0,6.0,6.357143,1.18,0.0,1,6,5,2016,1
FOODS_3_064,FOODS_3,FOODS,CA_3,2016-05-02,1,3.0,12.0,0.0,5.571429,6.214286,1.18,0.0,0,0,5,2016,1
FOODS_3_064,FOODS_3,FOODS,CA_3,2016-05-03,6,1.0,1.0,6.0,4.0,6.25,1.18,0.0,0,1,5,2016,1
FOODS_3_064,FOODS_3,FOODS,CA_3,2016-05-04,2,6.0,5.0,1.0,4.714286,6.25,1.18,0.0,0,2,5,2016,1
FOODS_3_064,FOODS_3,FOODS,CA_3,2016-05-05,4,2.0,6.0,1.0,4.285714,6.285714,1.18,0.0,0,3,5,2016,1
FOODS_3_064,FOODS_3,FOODS,CA_3,2016-05-06,2,4.0,3.0,8.0,4.0,6.392857,1.18,0.0,0,4,5,2016,1
FOODS_3_064,FOODS_3,FOODS,CA_3,2016-05-07,6,2.0,9.0,5.0,3.857143,6.178571,1.18,0.0,1,5,5,2016,1
FOODS_3_064,FOODS_3,FOODS,CA_3,2016-05-08,4,6.0,3.0,1.0,3.4285715,6.214286,1.18,0.0,1,6,5,2016,1
FOODS_3_064,FOODS_3,FOODS,CA_3,2016-05-09,9,4.0,1.0,6.0,3.5714285,6.321429,1.18,0.0,0,0,5,2016,1
FOODS_3_064,FOODS_3,FOODS,CA_3,2016-05-10,9,9.0,6.0,11.0,4.714286,6.428571,1.18,0.0,0,1,5,2016,1
FOODS_3_064,FOODS_3,FOODS,CA_3,2016-05-11,1,9.0,2.0,2.0,5.142857,6.357143,1.18,0.0,0,2,5,2016,0
FOODS_3_064,FOODS_3,FOODS,CA_3,2016-05-12,1,1.0,4.0,2.0,5.0,6.321429,1.18,0.0,0,3,5,2016,0
FOODS_3_064,FOODS_3,FOODS,CA_3,2016-05-13,0,1.0,2.0,3.0,4.571429,6.285714,1.18,0.0,0,4,5,2016,0
FOODS_3_064,FOODS_3,FOODS,CA_3,2016-05-14,2,0.0,6.0,9.0,4.285714,6.178571,1.18,0.0,1,5,5,2016,0
FOODS_3_064,FOODS_3,FOODS,CA_3,2016-05-15,0,2.0,4.0,15.0,3.7142856,5.928571,1.18,0.0,1,6,5,2016,0
FOODS_3_064,FOODS_3,FOODS,CA_3,2016-05-16,6,0.0,9.0,13.0,3.142857,5.392857,1.18,0.0,0,0,5,2016,0
FOODS_3_064,FOODS_3,FOODS,CA_3,2016-05-17,6,6.0,9.0,16.0,2.7142856,5.142857,1.18,0.0,0,1,5,2016,0
FOODS_3_064,FOODS_3,FOODS,CA_3,2016-05-18,4,6.0,1.0,12.0,2.2857144,4.785714,1.18,0.0,0,2,5,2016,0
FOODS_3_064,FOODS_3,FOODS,CA_3,2016-05-19,6,4.0,1.0,6.0,2.7142856,4.5,1.18,0.0,0,3,5,2016,0
FOODS_3_064,FOODS_3,FOODS,CA_3,2016-05-20,5,6.0,0.0,8.0,3.4285715,4.5,1.18,0.0,0,4,5,2016,0
FOODS_3_064,FOODS_3,FOODS,CA_3,2016-05-21,5,5.0,2.0,4.0,4.142857,4.392857,1.18,0.0,1,5,5,2016,0
FOODS_3_064,FOODS_3,FOODS,CA_3,2016-05-22,1,5.0,0.0,6.0,4.571429,4.428571,1.18,0.0,1,6,5,2016,0
FOODS_3_064,FOODS_3,FOODS,CA_4,2016-04-25,26,13.0,13.0,2.0,7.285714,7.5,1.18,0.0,0,0,4,2016,0
FOODS_3_064,FOODS_3,FOODS,CA_4,2016-04-26,6,26.0,4.0,5.0,9.142858,8.357142,1.18,0.0,0,1,4,2016,0
FOODS_3_064,FOODS_3,FOODS,CA_4,2016-04-27,9,6.0,2.0,8.0,9.428572,8.392858,1.18,0.0,0,2,4,2016,0
FOODS_3_064,FOODS_3,FOODS,CA_4,2016-04-28,15,9.0,12.0,4.0,10.428572,8.428572,1.18,0.0,0,3,4,2016,0
FOODS_3_064,FOODS_3,FOODS,CA_4,2016-04-29,12,15.0,4.0,8.0,10.857142,8.821428,1.18,0.0,0,4,4,2016,0
FOODS_3_064,FOODS_3,FOODS,CA_4,2016-04-30,7,12.0,3.0,9.0,12.0,8.964286,1.18,0.0,1,5,4,2016,0
FOODS_3_064,FOODS_3,FOODS,CA_4,2016-05-01,1,7.0,13.0,5.0,12.571428,8.892858,1.18,0.0,1,6,5,2016,1
FOODS_3_064,FOODS_3,FOODS,CA_4,2016-05-02,18,1.0,26.0,13.0,10.857142,8.75,1.18,0.0,0,0,5,2016,1
FOODS_3_064,FOODS_3,FOODS,CA_4,2016-05-03,8,18.0,6.0,4.0,9.714286,8.928572,1.18,0.0,0,1,5,2016,1
FOODS_3_064,FOODS_3,FOODS,CA_4,2016-05-04,5,8.0,9.0,9.0,10.0,9.071428,1.18,0.0,0,2,5,2016,1
FOODS_3_064,FOODS_3,FOODS,CA_4,2016-05-05,1,5.0,15.0,2.0,9.428572,8.928572,1.18,0.0,0,3,5,2016,1
FOODS_3_064,FOODS_3,FOODS,CA_4,2016-05-06,1,1.0,12.0,9.0,7.428571,8.892858,1.18,0.0,0,4,5,2016,1
FOODS_3_064,FOODS_3,FOODS,CA_4,2016-05-07,13,1.0,7.0,6.0,5.857143,8.607142,1.18,0.0,1,5,5,2016,1
FOODS_3_064,FOODS_3,FOODS,CA_4,2016-05-08,8,13.0,1.0,3.0,6.714286,8.857142,1.18,0.0,1,6,5,2016,1
FOODS_3_064,FOODS_3,FOODS,CA_4,2016-05-09,3,8.0,18.0,10.0,7.714286,9.035714,1.18,0.0,0,0,5,2016,1
FOODS_3_064,FOODS_3,FOODS,CA_4,2016-05-10,6,3.0,8.0,5.0,5.571429,8.785714,1.18,0.0,0,1,5,2016,1
FOODS_3_064,FOODS_3,FOODS,CA_4,2016-05-11,8,6.0,5.0,3.0,5.285714,8.821428,1.18,0.0,0,2,5,2016,0
FOODS_3_064,FOODS_3,FOODS,CA_4,2016-05-12,17,8.0,1.0,13.0,5.714286,9.0,1.18,0.0,0,3,5,2016,0
FOODS_3_064,FOODS_3,FOODS,CA_4,2016-05-13,9,17.0,1.0,10.0,8.0,9.142858,1.18,0.0,0,4,5,2016,0
FOODS_3_064,FOODS_3,FOODS,CA_4,2016-05-14,18,9.0,13.0,20.0,9.142858,9.107142,1.18,0.0,1,5,5,2016,0
FOODS_3_064,FOODS_3,FOODS,CA_4,2016-05-15,5,18.0,8.0,11.0,9.857142,9.035714,1.18,0.0,1,6,5,2016,0
FOODS_3_064,FOODS_3,FOODS,CA_4,2016-05-16,7,5.0,3.0,13.0,9.428572,8.821428,1.18,0.0,0,0,5,2016,0
FOODS_3_064,FOODS_3,FOODS,CA_4,2016-05-17,10,7.0,6.0,4.0,10.0,8.607142,1.18,0.0,0,1,5,2016,0
FOODS_3_064,FOODS_3,FOODS,CA_4,2016-05-18,10,10.0,8.0,2.0,10.571428,8.821428,1.18,0.0,0,2,5,2016,0
FOODS_3_064,FOODS_3,FOODS,CA_4,2016-05-19,8,10.0,17.0,12.0,10.857142,9.107142,1.18,0.0,0,3,5,2016,0
FOODS_3_064,FOODS_3,FOODS,CA_4,2016-05-20,3,8.0,9.0,4.0,9.571428,8.964286,1.18,0.0,0,4,5,2016,0
FOODS_3_064,FOODS_3,FOODS,CA_4,2016-05-21,15,3.0,18.0,3.0,8.714286,8.928572,1.18,0.0,1,5,5,2016,0
FOODS_3_064,FOODS_3,FOODS,CA_4,2016-05-22,9,15.0,5.0,13.0,8.285714,9.357142,1.18,0.0,1,6,5,2016,0
FOODS_3_090,FOODS_3,FOODS,CA_1,2016-04-25,48,42.0,30.0,25.0,54.42857,50.82143,1.6,0.0,0,0,4,2016,0
FOODS_3_090,FOODS_3,FOODS,CA_1,2016-04-26,35,48.0,45.0,47.0,57.0,51.642857,1.6,0.0,0,1,4,2016,0
FOODS_3_090,FOODS_3,FOODS,CA_1,2016-04-27,34,35.0,29.0,23.0,55.57143,51.214287,1.6,0.0,0,2,4,2016,0
FOODS_3_090,FOODS_3,FOODS,CA_1,2016-04-28,67,34.0,53.0,21.0,56.285713,51.607143,1.6,0.0,0,3,4,2016,0
FOODS_3_090,FOODS_3,FOODS,CA_1,2016-04-29,63,67.0,87.0,72.0,58.285713,53.25,1.6,0.0,0,4,4,2016,0
FOODS_3_090,FOODS_3,FOODS,CA_1,2016-04-30,99,63.0,95.0,58.0,54.857143,52.92857,1.6,0.0,1,5,4,2016,0
FOODS_3_090,FOODS_3,FOODS,CA_1,2016-05-01,71,99.0,42.0,54.0,55.42857,54.392857,1.6,0.0,1,6,5,2016,1
FOODS_3_090,FOODS_3,FOODS,CA_1,2016-05-02,59,71.0,48.0,42.0,59.57143,55.0,1.6,0.0,0,0,5,2016,1
FOODS_3_090,FOODS_3,FOODS,CA_1,2016-05-03,35,59.0,35.0,29.0,61.142857,55.607143,1.6,0.0,0,1,5,2016,1
FOODS_3_090,FOODS_3,FOODS,CA_1,2016-05-04,47,35.0,34.0,53.0,61.142857,55.82143,1.6,0.0,0,2,5,2016,1
FOODS_3_090,FOODS_3,FOODS,CA_1,2016-05-05,73,47.0,67.0,39.0,63.0,55.607143,1.6,0.0,0,3,5,2016,1
FOODS_3_090,FOODS_3,FOODS,CA_1,2016-05-06,89,73.0,63.0,42.0,63.857143,56.82143,1.6,0.0,0,4,5,2016,1
FOODS_3_090,FOODS_3,FOODS,CA_1,2016-05-07,104,89.0,99.0,83.0,67.57143,58.5,1.6,0.0,1,5,5,2016,1
FOODS_3_090,FOODS_3,FOODS,CA_1,2016-05-08,77,104.0,71.0,83.0,68.28571,59.25,1.6,0.0,1,6,5,2016,1
FOODS_3_090,FOODS_3,FOODS,CA_1,2016-05-09,72,77.0,59.0,48.0,69.14286,59.035713,1.6,0.0,0,0,5,2016,1
FOODS_3_090,FOODS_3,FOODS,CA_1,2016-05-10,46,72.0,35.0,26.0,71.0,59.892857,1.6,0.0,0,1,5,2016,1
FOODS_3_090,FOODS_3,FOODS,CA_1,2016-05-11,30,46.0,47.0,41.0,72.57143,60.607143,1.6,0.0,0,2,5,2016,0
FOODS_3_090,FOODS_3,FOODS,CA_1,2016-05-12,35,30.0,73.0,44.0,70.14286,60.214287,1.6,0.0,0,3,5,2016,0
FOODS_3_090,FOODS_3,FOODS,CA_1,2016-05-13,77,35.0,89.0,47.0,64.71429,59.892857,1.6,0.0,0,4,5,2016,0
FOODS_3_090,FOODS_3,FOODS,CA_1,2016-05-14,47,77.0,104.0,82.0,63.0,60.964287,1.6,0.0,1,5,5,2016,0
FOODS_3_090,FOODS_3,FOODS,CA_1,2016-05-15,74,47.0,77.0,83.0,54.857143,59.714287,1.6,0.0,1,6,5,2016,0
FOODS_3_090,FOODS_3,FOODS,CA_1,2016-05-16,38,74.0,72.0,30.0,54.42857,59.392857,1.6,0.0,0,0,5,2016,0
FOODS_3_090,FOODS_3,FOODS,CA_1,2016-05-17,42,38.0,46.0,45.0,49.57143,59.67857,1.6,0.0,0,1,5,2016,0
FOODS_3_090,FOODS_3,FOODS,CA_1,2016-05-18,39,42.0,30.0,29.0,49.0,59.57143,1.6,0.0,0,2,5,2016,0
FOODS_3_090,FOODS_3,FOODS,CA_1,2016-05-19,51,39.0,35.0,53.0,50.285713,59.92857,1.6,0.0,0,3,5,2016,0
FOODS_3_090,FOODS_3,FOODS,CA_1,2016-05-20,69,51.0,77.0,87.0,52.57143,59.857143,1.6,0.0,0,4,5,2016,0
FOODS_3_090,FOODS_3,FOODS,CA_1,2016-05-21,67,69.0,47.0,95.0,51.42857,59.214287,1.6,0.0,1,5,5,2016,0
FOODS_3_090,FOODS_3,FOODS,CA_1,2016-05-22,64,67.0,74.0,42.0,54.285713,58.214287,1.6,0.0,1,6,5,2016,0
FOODS_3_090,FOODS_3,FOODS,CA_2,2016-04-25,36,60.0,65.0,50.0,54.57143,48.535713,1.6,0.0,0,0,4,2016,0
FOODS_3_090,FOODS_3,FOODS,CA_2,2016-04-26,31,36.0,29.0,18.0,50.42857,48.035713,1.6,0.0,0,1,4,2016,0
FOODS_3_090,FOODS_3,FOODS,CA_2,2016-04-27,29,31.0,40.0,30.0,50.714287,48.5,1.6,0.0,0,2,4,2016,0
FOODS_3_090,FOODS_3,FOODS,CA_2,2016-04-28,32,29.0,24.0,32.0,49.142857,48.464287,1.6,0.0,0,3,4,2016,0
FOODS_3_090,FOODS_3,FOODS,CA_2,2016-04-29,46,32.0,91.0,53.0,50.285713,48.464287,1.6,0.0,0,4,4,2016,0
FOODS_3_090,FOODS_3,FOODS,CA_2,2016-04-30,116,46.0,73.0,59.0,43.857143,48.214287,1.6,0.0,1,5,4,2016,0
FOODS_3_090,FOODS_3,FOODS,CA_2,2016-05-01,73,116.0,60.0,53.0,50.0,50.25,1.6,0.0,1,6,5,2016,1
FOODS_3_090,FOODS_3,FOODS,CA_2,2016-05-02,27,73.0,36.0,19.0,51.857143,50.964287,1.6,0.0,0,0,5,2016,1
FOODS_3_090,FOODS_3,FOODS,CA_2,2016-05-03,30,27.0,31.0,21.0,50.57143,51.25,1.6,0.0,0,1,5,2016,1
FOODS_3_090,FOODS_3,FOODS,CA_2,2016-05-04,54,30.0,29.0,29.0,50.42857,51.57143,1.6,0.0,0,2,5,2016,1
FOODS_3_090,FOODS_3,FOODS,CA_2,2016-05-05,48,54.0,32.0,41.0,54.0,52.464287,1.6,0.0,0,3,5,2016,1
FOODS_3_090,FOODS_3,FOODS,CA_2,2016-05-06,101,48.0,46.0,70.0,56.285713,52.714287,1.6,0.0,0,4,5,2016,1
FOODS_3_090,FOODS_3,FOODS,CA_2,2016-05-07,89,101.0,116.0,82.0,64.14286,53.82143,1.6,0.0,1,5,5,2016,1
FOODS_3_090,FOODS_3,FOODS,CA_2,2016-05-08,62,89.0,73.0,62.0,60.285713,54.07143,1.6,0.0,1,6,5,2016,1
FOODS_3_090,FOODS_3,FOODS,CA_2,2016-05-09,41,62.0,27.0,27.0,58.714287,54.07143,1.6,0.0,0,0,5,2016,1
FOODS_3_090,FOODS_3,FOODS,CA_2,2016-05-10,26,41.0,30.0,34.0,60.714287,54.57143,1.6,0.0,0,1,5,2016,1
FOODS_3_090,FOODS_3,FOODS,CA_2,2016-05-11,50,26.0,54.0,37.0,60.142857,54.285713,1.6,0.0,0,2,5,2016,0
FOODS_3_090,FOODS_3,FOODS,CA_2,2016-05-12,25,50.0,48.0,49.0,59.57143,54.75,1.6,0.0,0,3,5,2016,0
FOODS_3_090,FOODS_3,FOODS,CA_2,2016-05-13,63,25.0,101.0,70.0,56.285713,53.892857,1.6,0.0,0,4,5,2016,0
FOODS_3_090,FOODS_3,FOODS,CA_2,2016-05-14,74,63.0,89.0,79.0,50.857143,53.642857,1.6,0.0,1,5,5,2016,0
FOODS_3_090,FOODS_3,FOODS,CA_2,2016-05-15,69,74.0,62.0,62.0,48.714287,53.464287,1.6,0.0,1,6,5,2016,0
FOODS_3_090,FOODS_3,FOODS,CA_2,2016-05-16,34,69.0,41.0,65.0,49.714287,53.714287,1.6,0.0,0,0,5,2016,0
FOODS_3_090,FOODS_3,FOODS,CA_2,2016-05-17,40,34.0,26.0,29.0,48.714287,52.607143,1.6,0.0,0,1,5,2016,0
FOODS_3_090,FOODS_3,FOODS,CA_2,2016-05-18,41,40.0,50.0,40.0,50.714287,53.0,1.6,0.0,0,2,5,2016,0
FOODS_3_090,FOODS_3,FOODS,CA_2,2016-05-19,49,41.0,25.0,24.0,49.42857,53.035713,1.6,0.0,0,3,5,2016,0
FOODS_3_090,FOODS_3,FOODS,CA_2,2016-05-20,66,49.0,63.0,91.0,52.857143,53.92857,1.6,0.0,0,4,5,2016,0
FOODS_3_090,FOODS_3,FOODS,CA_2,2016-05-21,63,66.0,74.0,73.0,53.285713,53.035713,1.6,0.0,1,5,5,2016,0
FOODS_3_090,FOODS_3,FOODS,CA_2,2016-05-22,59,63.0,69.0,60.0,51.714287,52.67857,1.6,0.0,1,6,5,2016,0
FOODS_3_090,FOODS_3,FOODS,CA_3,2016-04-25,133,130.0,86.0,61.0,108.71429,110.35714,1.6,0.0,0,0,4,2016,0
FOODS_3_090,FOODS_3,FOODS,CA_3,2016-04-26,117,133.0,100.0,62.0,115.42857,112.92857,1.6,0.0,0,1,4,2016,0
FOODS_3_090,FOODS_3,FOODS,CA_3,2016-04-27,113,117.0,88.0,71.0,117.85714,114.89286,1.6,0.0,0,2,4,2016,0
FOODS_3_090,FOODS_3,FOODS,CA_3,2016-04-28,99,113.0,77.0,130.0,121.42857,116.39286,1.6,0.0,0,3,4,2016,0
FOODS_3_090,FOODS_3,FOODS,CA_3,2016-04-29,196,99.0,141.0,156.0,124.57143,115.28571,1.6,0.0,0,4,4,2016,0
FOODS_3_090,FOODS_3,FOODS,CA_3,2016-04-30,132,196.0,139.0,133.0,132.42857,116.71429,1.6,0.0,1,5,4,2016,0
FOODS_3_090,FOODS_3,FOODS,CA_3,2016-05-01,114,132.0,130.0,114.0,131.42857,116.67857,1.6,0.0,1,6,5,2016,1
FOODS_3_090,FOODS_3,FOODS,CA_3,2016-05-02,114,114.0,133.0,80.0,129.14285,116.67857,1.6,0.0,0,0,5,2016,1
FOODS_3_090,FOODS_3,FOODS,CA_3,2016-05-03,93,114.0,117.0,75.0,126.42857,117.89286,1.6,0.0,0,1,5,2016,1
FOODS_3_090,FOODS_3,FOODS,CA_3,2016-05-04,77,93.0,113.0,113.0,123.0,118.53571,1.6,0.0,0,2,5,2016,1
FOODS_3_090,FOODS_3,FOODS,CA_3,2016-05-05,83,77.0,99.0,81.0,117.85714,117.25,1.6,0.0,0,3,5,2016,1
FOODS_3_090,FOODS_3,FOODS,CA_3,2016-05-06,138,83.0,196.0,107.0,115.57143,117.32143,1.6,0.0,0,4,5,2016,1
FOODS_3_090,FOODS_3,FOODS,CA_3,2016-05-07,173,138.0,132.0,160.0,107.28571,118.42857,1.6,0.0,1,5,5,2016,1
FOODS_3_090,FOODS_3,FOODS,CA_3,2016-05-08,167,173.0,114.0,124.0,113.14286,118.89286,1.6,0.0,1,6,5,2016,1
FOODS_3_090,FOODS_3,FOODS,CA_3,2016-05-09,119,167.0,114.0,107.0,120.71429,120.42857,1.6,0.0,0,0,5,2016,1
FOODS_3_090,FOODS_3,FOODS,CA_3,2016-05-10,119,119.0,93.0,84.0,121.42857,120.85714,1.6,0.0,0,1,5,2016,1
FOODS_3_090,FOODS_3,FOODS,CA_3,2016-05-11,125,119.0,77.0,88.0,125.14286,122.10714,1.6,0.0,0,2,5,2016,0
FOODS_3_090,FOODS_3,FOODS,CA_3,2016-05-12,89,125.0,83.0,90.0,132.0,123.42857,1.6,0.0,0,3,5,2016,0
FOODS_3_090,FOODS_3,FOODS,CA_3,2016-05-13,143,89.0,138.0,129.0,132.85715,123.39286,1.6,0.0,0,4,5,2016,0
FOODS_3_090,FOODS_3,FOODS,CA_3,2016-05-14,156,143.0,173.0,160.0,133.57143,123.89286,1.6,0.0,1,5,5,2016,0
FOODS_3_090,FOODS_3,FOODS,CA_3,2016-05-15,187,156.0,167.0,204.0,131.14285,123.75,1.6,0.0,1,6,5,2016,0
FOODS_3_090,FOODS_3,FOODS,CA_3,2016-05-16,76,187.0,119.0,86.0,134.0,123.14286,1.6,0.0,0,0,5,2016,0
FOODS_3_090,FOODS_3,FOODS,CA_3,2016-05-17,85,76.0,119.0,100.0,127.85714,122.78571,1.6,0.0,0,1,5,2016,0
FOODS_3_090,FOODS_3,FOODS,CA_3,2016-05-18,69,85.0,125.0,88.0,123.0,122.25,1.6,0.0,0,2,5,2016,0
FOODS_3_090,FOODS_3,FOODS,CA_3,2016-05-19,75,69.0,89.0,77.0,115.0,121.57143,1.6,0.0,0,3,5,2016,0
FOODS_3_090,FOODS_3,FOODS,CA_3,2016-05-20,110,75.0,143.0,141.0,113.0,121.5,1.6,0.0,0,4,5,2016,0
FOODS_3_090,FOODS_3,FOODS,CA_3,2016-05-21,156,110.0,156.0,139.0,108.28571,120.39286,1.6,0.0,1,5,5,2016,0
FOODS_3_090,FOODS_3,FOODS,CA_3,2016-05-22,99,156.0,187.0,130.0,108.28571,121.0,1.6,0.0,1,6,5,2016,0
FOODS_3_090,FOODS_3,FOODS,CA_4,2016-04-25,11,18.0,30.0,19.0,24.571428,26.642857,1.6,0.0,0,0,4,2016,0
FOODS_3_090,FOODS_3,FOODS,CA_4,2016-04-26,21,11.0,19.0,20.0,21.857143,26.357143,1.6,0.0,0,1,4,2016,0
FOODS_3_090,FOODS_3,FOODS,CA_4,2016-04-27,17,21.0,35.0,18.0,22.142857,26.392857,1.6,0.0,0,2,4,2016,0
FOODS_3_090,FOODS_3,FOODS,CA_4,2016-04-28,27,17.0,31.0,20.0,19.571428,26.357143,1.6,0.0,0,3,4,2016,0
FOODS_3_090,FOODS_3,FOODS,CA_4,2016-04-29,20,27.0,15.0,52.0,19.0,26.607143,1.6,0.0,0,4,4,2016,0
FOODS_3_090,FOODS_3,FOODS,CA_4,2016-04-30,25,20.0,24.0,34.0,19.714285,25.464285,1.6,0.0,1,5,4,2016,0
FOODS_3_090,FOODS_3,FOODS,CA_4,2016-05-01,37,25.0,18.0,30.0,19.857143,25.142857,1.6,0.0,1,6,5,2016,1
FOODS_3_090,FOODS_3,FOODS,CA_4,2016-05-02,17,37.0,11.0,19.0,22.571428,25.392857,1.6,0.0,0,0,5,2016,1
FOODS_3_090,FOODS_3,FOODS,CA_4,2016-05-03,19,17.0,21.0,16.0,23.428572,25.321428,1.6,0.0,0,1,5,2016,1
FOODS_3_090,FOODS_3,FOODS,CA_4,2016-05-04,20,19.0,17.0,22.0,23.142857,25.428572,1.6,0.0,0,2,5,2016,1
FOODS_3_090,FOODS_3,FOODS,CA_4,2016-05-05,29,20.0,27.0,31.0,23.571428,25.357143,1.6,0.0,0,3,5,2016,1
FOODS_3_090,FOODS_3,FOODS,CA_4,2016-05-06,24,29.0,20.0,30.0,23.857143,25.285715,1.6,0.0,0,4,5,2016,1
FOODS_3_090,FOODS_3,FOODS,CA_4,2016-05-07,36,24.0,25.0,32.0,24.428572,25.071428,1.6,0.0,1,5,5,2016,1
FOODS_3_090,FOODS_3,FOODS,CA_4,2016-05-08,35,36.0,37.0,32.0,26.0,25.214285,1.6,0.0,1,6,5,2016,1
FOODS_3_090,FOODS_3,FOODS,CA_4,2016-05-09,28,35.0,17.0,23.0,25.714285,25.321428,1.6,0.0,0,0,5,2016,1
FOODS_3_090,FOODS_3,FOODS,CA_4,2016-05-10,16,28.0,19.0,26.0,27.285715,25.5,1.6,0.0,0,1,5,2016,1
FOODS_3_090,FOODS_3,FOODS,CA_4,2016-05-11,13,16.0,20.0,17.0,26.857143,25.142857,1.6,0.0,0,2,5,2016,0
FOODS_3_090,FOODS_3,FOODS,CA_4,2016-05-12,38,13.0,29.0,17.0,25.857143,25.0,1.6,0.0,0,3,5,2016,0
FOODS_3_090,FOODS_3,FOODS,CA_4,2016-05-13,29,38.0,24.0,48.0,27.142857,25.75,1.6,0.0,0,4,5,2016,0
FOODS_3_090,FOODS_3,FOODS,CA_4,2016-05-14,59,29.0,36.0,32.0,27.857143,25.071428,1.6,0.0,1,5,5,2016,0
FOODS_3_090,FOODS_3,FOODS,CA_4,2016-05-15,24,59.0,35.0,36.0,31.142857,26.035715,1.6,0.0,1,6,5,2016,0
FOODS_3_090,FOODS_3,FOODS,CA_4,2016-05-16,16,24.0,28.0,30.0,29.571428,25.607143,1.6,0.0,0,0,5,2016,0
FOODS_3_090,FOODS_3,FOODS,CA_4,2016-05-17,13,16.0,16.0,19.0,27.857143,25.107143,1.6,0.0,0,1,5,2016,0
FOODS_3_090,FOODS_3,FOODS,CA_4,2016-05-18,25,13.0,13.0,35.0,27.428572,24.892857,1.6,0.0,0,2,5,2016,0
FOODS_3_090,FOODS_3,FOODS,CA_4,2016-05-19,16,25.0,38.0,31.0,29.142857,24.535715,1.6,0.0,0,3,5,2016,0
FOODS_3_090,FOODS_3,FOODS,CA_4,2016-05-20,22,16.0,29.0,15.0,26.0,24.0,1.6,0.0,0,4,5,2016,0
FOODS_3_090,FOODS_3,FOODS,CA_4,2016-05-21,16,22.0,59.0,24.0,25.0,24.25,1.6,0.0,1,5,5,2016,0
FOODS_3_090,FOODS_3,FOODS,CA_4,2016-05-22,38,16.0,24.0,18.0,18.857143,23.964285,1.6,0.0,1,6,5,2016,0
FOODS_3_120,FOODS_3,FOODS,CA_1,2016-04-25,34,59.0,6.0,34.0,43.0,38.25,4.98,0.0,0,0,4,2016,0
FOODS_3_120,FOODS_3,FOODS,CA_1,2016-04-26,30,34.0,43.0,62.0,47.0,38.25,4.98,0.0,0,1,4,2016,0
FOODS_3_120,FOODS_3,FOODS,CA_1,2016-04-27,32,30.0,48.0,21.0,45.142857,37.107143,4.98,0.0,0,2,4,2016,0
FOODS_3_120,FOODS_3,FOODS,CA_1,2016-04-28,43,32.0,47.0,29.0,42.857143,37.5,4.98,0.0,0,3,4,2016,0
FOODS_3_120,FOODS_3,FOODS,CA_1,2016-04-29,45,43.0,39.0,44.0,42.285713,38.0,4.98,0.0,0,4,4,2016,0
FOODS_3_120,FOODS_3,FOODS,CA_1,2016-04-30,73,45.0,59.0,109.0,43.142857,38.035713,4.98,0.0,1,5,4,2016,0
FOODS_3_120,FOODS_3,FOODS,CA_1,2016-05-01,62,73.0,59.0,126.0,45.142857,36.75,4.98,0.0,1,6,5,2016,1
FOODS_3_120,FOODS_3,FOODS,CA_1,2016-05-02,30,62.0,34.0,24.0,45.57143,34.464287,4.98,0.0,0,0,5,2016,1
FOODS_3_120,FOODS_3,FOODS,CA_1,2016-05-03,39,30.0,30.0,0.0,45.0,34.67857,4.98,0.0,0,1,5,2016,1
FOODS_3_120,FOODS_3,FOODS,CA_1,2016-05-04,31,39.0,32.0,0.0,46.285713,36.07143,4.98,0.0,0,2,5,2016,1
FOODS_3_120,FOODS_3,FOODS,CA_1,2016-05-05,26,31.0,43.0,0.0,46.142857,37.17857,4.98,0.0,0,3,5,2016,1
FOODS_3_120,FOODS_3,FOODS,CA_1,2016-05-06,61,26.0,45.0,58.0,43.714287,38.107143,4.98,0.0,0,4,5,2016,1
FOODS_3_120,FOODS_3,FOODS,CA_1,2016-05-07,57,61.0,73.0,55.0,46.0,38.214287,4.98,0.0,1,5,5,2016,1
FOODS_3_120,FOODS_3,FOODS,CA_1,2016-05-08,76,57.0,62.0,0.0,43.714287,38.285713,4.98,0.0,1,6,5,2016,1
FOODS_3_120,FOODS_3,FOODS,CA_1,2016-05-09,32,76.0,30.0,2.0,45.714287,41.0,4.98,0.0,0,0,5,2016,1
FOODS_3_120,FOODS_3,FOODS,CA_1,2016-05-10,24,32.0,39.0,0.0,46.0,42.07143,4.98,0.0,0,1,5,2016,1
FOODS_3_120,FOODS_3,FOODS,CA_1,2016-05-11,24,24.0,31.0,0.0,43.857143,42.92857,4.98,0.0,0,2,5,2016,0
FOODS_3_120,FOODS_3,FOODS,CA_1,2016-05-12,25,24.0,26.0,38.0,42.857143,43.785713,4.98,0.0,0,3,5,2016,0
FOODS_3_120,FOODS_3,FOODS,CA_1,2016-05-13,37,25.0,61.0,60.0,42.714287,43.32143,4.98,0.0,0,4,5,2016,0
FOODS_3_120,FOODS_3,FOODS,CA_1,2016-05-14,53,37.0,57.0,52.0,39.285713,42.5,4.98,0.0,1,5,5,2016,0
FOODS_3_120,FOODS_3,FOODS,CA_1,2016-05-15,43,53.0,76.0,56.0,38.714287,42.535713,4.98,0.0,1,6,5,2016,0
FOODS_3_120,FOODS_3,FOODS,CA_1,2016-05-16,41,43.0,32.0,6.0,34.0,42.07143,4.98,0.0,0,0,5,2016,0
FOODS_3_120,FOODS_3,FOODS,CA_1,2016-05-17,38,41.0,24.0,43.0,35.285713,43.32143,4.98,0.0,0,1,5,2016,0
FOODS_3_120,FOODS_3,FOODS,CA_1,2016-05-18,16,38.0,24.0,48.0,37.285713,43.142857,4.98,0.0,0,2,5,2016,0
FOODS_3_120,FOODS_3,FOODS,CA_1,2016-05-19,23,16.0,25.0,47.0,36.142857,42.0,4.98,0.0,0,3,5,2016,0
FOODS_3_120,FOODS_3,FOODS,CA_1,2016-05-20,33,23.0,37.0,39.0,35.857143,41.142857,4.98,0.0,0,4,5,2016,0
FOODS_3_120,FOODS_3,FOODS,CA_1,2016-05-21,66,33.0,53.0,59.0,35.285713,40.92857,4.98,0.0,1,5,5,2016,0
FOODS_3_120,FOODS_3,FOODS,CA_1,2016-05-22,114,66.0,43.0,59.0,37.142857,41.17857,4.98,0.0,1,6,5,2016,0
FOODS_3_120,FOODS_3,FOODS,CA_2,2016-04-25,11,32.0,23.0,21.0,19.285715,19.464285,4.98,0.0,0,0,4,2016,0
FOODS_3_120,FOODS_3,FOODS,CA_2,2016-04-26,13,11.0,18.0,17.0,17.571428,19.107143,4.98,0.0,0,1,4,2016,0
FOODS_3_120,FOODS_3,FOODS,CA_2,2016-04-27,5,13.0,0.0,12.0,16.857143,18.964285,4.98,0.0,0,2,4,2016,0
FOODS_3_120,FOODS_3,FOODS,CA_2,2016-04-28,16,5.0,22.0,22.0,17.571428,18.714285,4.98,0.0,0,3,4,2016,0
FOODS_3_120,FOODS_3,FOODS,CA_2,2016-04-29,30,16.0,14.0,11.0,16.714285,18.5,4.98,0.0,0,4,4,2016,0
FOODS_3_120,FOODS_3,FOODS,CA_2,2016-04-30,26,30.0,26.0,27.0,19.0,19.178572,4.98,0.0,1,5,4,2016,0
FOODS_3_120,FOODS_3,FOODS,CA_2,2016-05-01,26,26.0,32.0,20.0,19.0,19.142857,4.98,0.0,1,6,5,2016,1
FOODS_3_120,FOODS_3,FOODS,CA_2,2016-05-02,14,26.0,11.0,27.0,18.142857,19.357143,4.98,0.0,0,0,5,2016,1
FOODS_3_120,FOODS_3,FOODS,CA_2,2016-05-03,12,14.0,13.0,32.0,18.571428,18.892857,4.98,0.0,0,1,5,2016,1
FOODS_3_120,FOODS_3,FOODS,CA_2,2016-05-04,19,12.0,5.0,27.0,18.428572,18.178572,4.98,0.0,0,2,5,2016,1
FOODS_3_120,FOODS_3,FOODS,CA_2,2016-05-05,19,19.0,16.0,24.0,20.428572,17.892857,4.98,0.0,0,3,5,2016,1
FOODS_3_120,FOODS_3,FOODS,CA_2,2016-05-06,11,19.0,30.0,13.0,20.857143,17.714285,4.98,0.0,0,4,5,2016,1
FOODS_3_120,FOODS_3,FOODS,CA_2,2016-05-07,33,11.0,26.0,23.0,18.142857,17.642857,4.98,0.0,1,5,5,2016,1
FOODS_3_120,FOODS_3,FOODS,CA_2,2016-05-08,0,33.0,26.0,23.0,19.142857,18.0,4.98,0.0,1,6,5,2016,1
FOODS_3_120,FOODS_3,FOODS,CA_2,2016-05-09,18,0.0,14.0,16.0,15.428572,17.178572,4.98,0.0,0,0,5,2016,1
FOODS_3_120,FOODS_3,FOODS,CA_2,2016-05-10,15,18.0,12.0,15.0,16.0,17.25,4.98,0.0,0,1,5,2016,1
FOODS_3_120,FOODS_3,FOODS,CA_2,2016-05-11,19,15.0,19.0,12.0,16.428572,17.25,4.98,0.0,0,2,5,2016,0
FOODS_3_120,FOODS_3,FOODS,CA_2,2016-05-12,21,19.0,19.0,16.0,16.428572,17.5,4.98,0.0,0,3,5,2016,0
FOODS_3_120,FOODS_3,FOODS,CA_2,2016-05-13,18,21.0,11.0,17.0,16.714285,17.678572,4.98,0.0,0,4,5,2016,0
FOODS_3_120,FOODS_3,FOODS,CA_2,2016-05-14,31,18.0,33.0,20.0,17.714285,17.714285,4.98,0.0,1,5,5,2016,0
FOODS_3_120,FOODS_3,FOODS,CA_2,2016-05-15,31,31.0,0.0,15.0,17.428572,18.107143,4.98,0.0,1,6,5,2016,0
FOODS_3_120,FOODS_3,FOODS,CA_2,2016-05-16,10,31.0,18.0,23.0,21.857143,18.678572,4.98,0.0,0,0,5,2016,0
FOODS_3_120,FOODS_3,FOODS,CA_2,2016-05-17,26,10.0,15.0,18.0,20.714285,18.214285,4.98,0.0,0,1,5,2016,0
FOODS_3_120,FOODS_3,FOODS,CA_2,2016-05-18,14,26.0,19.0,0.0,22.285715,18.5,4.98,0.0,0,2,5,2016,0
FOODS_3_120,FOODS_3,FOODS,CA_2,2016-05-19,20,14.0,21.0,22.0,21.571428,19.0,4.98,0.0,0,3,5,2016,0
FOODS_3_120,FOODS_3,FOODS,CA_2,2016-05-20,7,20.0,18.0,14.0,21.428572,18.928572,4.98,0.0,0,4,5,2016,0
FOODS_3_120,FOODS_3,FOODS,CA_2,2016-05-21,26,7.0,31.0,26.0,19.857143,18.678572,4.98,0.0,1,5,5,2016,0
FOODS_3_120,FOODS_3,FOODS,CA_2,2016-05-22,26,26.0,31.0,32.0,19.142857,18.678572,4.98,0.0,1,6,5,2016,0
FOODS_3_120,FOODS_3,FOODS,CA_3,2016-04-25,71,98.0,77.0,46.0,72.14286,67.03571,4.98,0.0,0,0,4,2016,0
FOODS_3_120,FOODS_3,FOODS,CA_3,2016-04-26,82,71.0,71.0,58.0,71.28571,67.92857,4.98,0.0,0,1,4,2016,0
FOODS_3_120,FOODS_3,FOODS,CA_3,2016-04-27,62,82.0,69.0,56.0,72.85714,68.78571,4.98,0.0,0,2,4,2016,0
FOODS_3_120,FOODS_3,FOODS,CA_3,2016-04-28,46,62.0,66.0,36.0,71.85714,69.0,4.98,0.0,0,3,4,2016,0
FOODS_3_120,FOODS_3,FOODS,CA_3,2016-04-29,63,46.0,43.0,56.0,69.0,69.35714,4.98,0.0,0,4,4,2016,0
FOODS_3_120,FOODS_3,FOODS,CA_3,2016-04-30,93,63.0,81.0,61.0,71.85714,69.60714,4.98,0.0,1,5,4,2016,0
FOODS_3_120,FOODS_3,FOODS,CA_3,2016-05-01,79,93.0,98.0,59.0,73.57143,70.75,4.98,0.0,1,6,5,2016,1
FOODS_3_120,FOODS_3,FOODS,CA_3,2016-05-02,59,79.0,71.0,71.0,70.85714,71.46429,4.98,0.0,0,0,5,2016,1
FOODS_3_120,FOODS_3,FOODS,CA_3,2016-05-03,73,59.0,82.0,73.0,69.14286,71.03571,4.98,0.0,0,1,5,2016,1
FOODS_3_120,FOODS_3,FOODS,CA_3,2016-05-04,70,73.0,62.0,63.0,67.85714,71.03571,4.98,0.0,0,2,5,2016,1
FOODS_3_120,FOODS_3,FOODS,CA_3,2016-05-05,52,70.0,46.0,43.0,69.0,71.28571,4.98,0.0,0,3,5,2016,1
FOODS_3_120,FOODS_3,FOODS,CA_3,2016-05-06,59,52.0,63.0,47.0,69.85714,71.60714,4.98,0.0,0,4,5,2016,1
FOODS_3_120,FOODS_3,FOODS,CA_3,2016-05-07,77,59.0,93.0,61.0,69.28571,72.03571,4.98,0.0,1,5,5,2016,1
FOODS_3_120,FOODS_3,FOODS,CA_3,2016-05-08,48,77.0,79.0,84.0,67.0,72.60714,4.98,0.0,1,6,5,2016,1
FOODS_3_120,FOODS_3,FOODS,CA_3,2016-05-09,63,48.0,59.0,57.0,62.57143,71.32143,4.98,0.0,0,0,5,2016,1
FOODS_3_120,FOODS_3,FOODS,CA_3,2016-05-10,66,63.0,73.0,86.0,63.142857,71.53571,4.98,0.0,0,1,5,2016,1
FOODS_3_120,FOODS_3,FOODS,CA_3,2016-05-11,55,66.0,70.0,89.0,62.142857,70.82143,4.98,0.0,0,2,5,2016,0
FOODS_3_120,FOODS_3,FOODS,CA_3,2016-05-12,31,55.0,52.0,142.0,60.0,69.60714,4.98,0.0,0,3,5,2016,0
FOODS_3_120,FOODS_3,FOODS,CA_3,2016-05-13,45,31.0,59.0,46.0,57.0,65.64286,4.98,0.0,0,4,5,2016,0
FOODS_3_120,FOODS_3,FOODS,CA_3,2016-05-14,79,45.0,77.0,66.0,55.0,65.60714,4.98,0.0,1,5,5,2016,0
FOODS_3_120,FOODS_3,FOODS,CA_3,2016-05-15,20,79.0,48.0,72.0,55.285713,66.07143,4.98,0.0,1,6,5,2016,0
FOODS_3_120,FOODS_3,FOODS,CA_3,2016-05-16,30,20.0,63.0,77.0,51.285713,64.21429,4.98,0.0,0,0,5,2016,0
FOODS_3_120,FOODS_3,FOODS,CA_3,2016-05-17,57,30.0,66.0,71.0,46.57143,62.535713,4.98,0.0,0,1,5,2016,0
FOODS_3_120,FOODS_3,FOODS,CA_3,2016-05-18,44,57.0,55.0,69.0,45.285713,62.035713,4.98,0.0,0,2,5,2016,0
FOODS_3_120,FOODS_3,FOODS,CA_3,2016-05-19,56,44.0,31.0,66.0,43.714287,61.142857,4.98,0.0,0,3,5,2016,0
FOODS_3_120,FOODS_3,FOODS,CA_3,2016-05-20,41,56.0,45.0,43.0,47.285713,60.785713,4.98,0.0,0,4,5,2016,0
FOODS_3_120,FOODS_3,FOODS,CA_3,2016-05-21,63,41.0,79.0,81.0,46.714287,60.714287,4.98,0.0,1,5,5,2016,0
FOODS_3_120,FOODS_3,FOODS,CA_3,2016-05-22,33,63.0,20.0,98.0,44.42857,60.07143,4.98,0.0,1,6,5,2016,0
FOODS_3_120,FOODS_3,FOODS,CA_4,2016-04-25,5,18.0,0.0,0.0,11.857142,9.428572,4.98,0.0,0,0,4,2016,0
FOODS_3_120,FOODS_3,FOODS,CA_4,2016-04-26,12,5.0,12.0,0.0,12.571428,9.607142,4.98,0.0,0,1,4,2016,0
FOODS_3_120,FOODS_3,FOODS,CA_4,2016-04-27,10,12.0,19.0,0.0,12.571428,10.035714,4.98,0.0,0,2,4,2016,0
FOODS_3_120,FOODS_3,FOODS,CA_4,2016-04-28,7,10.0,16.0,15.0,11.285714,10.392858,4.98,0.0,0,3,4,2016,0
FOODS_3_120,FOODS_3,FOODS,CA_4,2016-04-29,5,7.0,18.0,31.0,10.0,10.107142,4.98,0.0,0,4,4,2016,0
FOODS_3_120,FOODS_3,FOODS,CA_4,2016-04-30,16,5.0,0.0,1.0,8.142858,9.178572,4.98,0.0,1,5,4,2016,0
FOODS_3_120,FOODS_3,FOODS,CA_4,2016-05-01,17,16.0,18.0,3.0,10.428572,9.714286,4.98,0.0,1,6,5,2016,1
FOODS_3_120,FOODS_3,FOODS,CA_4,2016-05-02,10,17.0,5.0,0.0,10.285714,10.214286,4.98,0.0,0,0,5,2016,1
FOODS_3_120,FOODS_3,FOODS,CA_4,2016-05-03,12,10.0,12.0,18.0,11.0,10.571428,4.98,0.0,0,1,5,2016,1
FOODS_3_120,FOODS_3,FOODS,CA_4,2016-05-04,24,12.0,10.0,9.0,11.0,10.357142,4.98,0.0,0,2,5,2016,1
FOODS_3_120,FOODS_3,FOODS,CA_4,2016-05-05,8,24.0,7.0,15.0,13.0,10.892858,4.98,0.0,0,3,5,2016,1
FOODS_3_120,FOODS_3,FOODS,CA_4,2016-05-06,0,8.0,5.0,6.0,13.142858,10.642858,4.98,0.0,0,4,5,2016,1
FOODS_3_120,FOODS_3,FOODS,CA_4,2016-05-07,16,0.0,16.0,22.0,12.428572,10.428572,4.98,0.0,1,5,5,2016,1
FOODS_3_120,FOODS_3,FOODS,CA_4,2016-05-08,29,16.0,17.0,22.0,12.428572,10.214286,4.98,0.0,1,6,5,2016,1
FOODS_3_120,FOODS_3,FOODS,CA_4,2016-05-09,0,29.0,10.0,0.0,14.142858,10.464286,4.98,0.0,0,0,5,2016,1
FOODS_3_120,FOODS_3,FOODS,CA_4,2016-05-10,0,0.0,12.0,1.0,12.714286,10.464286,4.98,0.0,0,1,5,2016,1
FOODS_3_120,FOODS_3,FOODS,CA_4,2016-05-11,12,0.0,24.0,15.0,11.0,10.428572,4.98,0.0,0,2,5,2016,0
FOODS_3_120,FOODS_3,FOODS,CA_4,2016-05-12,8,12.0,8.0,21.0,9.285714,10.321428,4.98,0.0,0,3,5,2016,0
FOODS_3_120,FOODS_3,FOODS,CA_4,2016-05-13,6,8.0,0.0,1.0,9.285714,9.857142,4.98,0.0,0,4,5,2016,0
FOODS_3_120,FOODS_3,FOODS,CA_4,2016-05-14,12,6.0,16.0,1.0,10.142858,10.035714,4.98,0.0,1,5,5,2016,0
FOODS_3_120,FOODS_3,FOODS,CA_4,2016-05-15,17,12.0,29.0,0.0,9.571428,10.428572,4.98,0.0,1,6,5,2016,0
FOODS_3_120,FOODS_3,FOODS,CA_4,2016-05-16,17,17.0,0.0,0.0,7.857143,11.035714,4.98,0.0,0,0,5,2016,0
FOODS_3_120,FOODS_3,FOODS,CA_4,2016-05-17,21,17.0,0.0,12.0,10.285714,11.642858,4.98,0.0,0,1,5,2016,0
FOODS_3_120,FOODS_3,FOODS,CA_4,2016-05-18,9,21.0,12.0,19.0,13.285714,11.964286,4.98,0.0,0,2,5,2016,0
FOODS_3_120,FOODS_3,FOODS,CA_4,2016-05-19,10,9.0,8.0,16.0,12.857142,11.607142,4.98,0.0,0,3,5,2016,0
FOODS_3_120,FOODS_3,FOODS,CA_4,2016-05-20,6,10.0,6.0,18.0,13.142858,11.392858,4.98,0.0,0,4,5,2016,0
FOODS_3_120,FOODS_3,FOODS,CA_4,2016-05-21,15,6.0,12.0,0.0,13.142858,10.964286,4.98,0.0,1,5,5,2016,0
FOODS_3_120,FOODS_3,FOODS,CA_4,2016-05-22,14,15.0,17.0,18.0,13.571428,11.5,4.98,0.0,1,6,5,2016,0
FOODS_3_252,FOODS_3,FOODS,CA_1,2016-04-25,30,52.0,21.0,24.0,37.142857,37.535713,1.58,0.0,0,0,4,2016,0
FOODS_3_252,FOODS_3,FOODS,CA_1,2016-04-26,27,30.0,46.0,28.0,38.42857,37.75,1.58,0.0,0,1,4,2016,0
FOODS_3_252,FOODS_3,FOODS,CA_1,2016-04-27,13,27.0,24.0,25.0,35.714287,37.714287,1.58,0.0,0,2,4,2016,0
FOODS_3_252,FOODS_3,FOODS,CA_1,2016-04-28,28,13.0,35.0,26.0,34.142857,37.285713,1.58,0.0,0,3,4,2016,0
FOODS_3_252,FOODS_3,FOODS,CA_1,2016-04-29,38,28.0,33.0,45.0,33.142857,37.357143,1.58,0.0,0,4,4,2016,0
FOODS_3_252,FOODS_3,FOODS,CA_1,2016-04-30,49,38.0,49.0,68.0,33.857143,37.107143,1.58,0.0,1,5,4,2016,0
FOODS_3_252,FOODS_3,FOODS,CA_1,2016-05-01,82,49.0,52.0,52.0,33.857143,36.42857,1.58,0.0,1,6,5,2016,1
FOODS_3_252,FOODS_3,FOODS,CA_1,2016-05-02,37,82.0,30.0,33.0,38.142857,37.5,1.58,0.0,0,0,5,2016,1
FOODS_3_252,FOODS_3,FOODS,CA_1,2016-05-03,41,37.0,27.0,32.0,39.142857,37.642857,1.58,0.0,0,1,5,2016,1
FOODS_3_252,FOODS_3,FOODS,CA_1,2016-05-04,16,41.0,13.0,34.0,41.142857,37.964287,1.58,0.0,0,2,5,2016,1
FOODS_3_252,FOODS_3,FOODS,CA_1,2016-05-05,28,16.0,28.0,40.0,41.57143,37.32143,1.58,0.0,0,3,5,2016,1
FOODS_3_252,FOODS_3,FOODS,CA_1,2016-05-06,30,28.0,38.0,45.0,41.57143,36.892857,1.58,0.0,0,4,5,2016,1
FOODS_3_252,FOODS_3,FOODS,CA_1,2016-05-07,45,30.0,49.0,59.0,40.42857,36.357143,1.58,0.0,1,5,5,2016,1
FOODS_3_252,FOODS_3,FOODS,CA_1,2016-05-08,69,45.0,82.0,37.0,39.857143,35.857143,1.58,0.0,1,6,5,2016,1
FOODS_3_252,FOODS_3,FOODS,CA_1,2016-05-09,36,69.0,37.0,32.0,38.0,37.0,1.58,0.0,0,0,5,2016,1
FOODS_3_252,FOODS_3,FOODS,CA_1,2016-05-10,34,36.0,41.0,18.0,37.857143,37.142857,1.58,0.0,0,1,5,2016,1
FOODS_3_252,FOODS_3,FOODS,CA_1,2016-05-11,30,34.0,16.0,37.0,36.857143,37.714287,1.58,0.0,0,2,5,2016,0
FOODS_3_252,FOODS_3,FOODS,CA_1,2016-05-12,20,30.0,28.0,27.0,38.857143,37.464287,1.58,0.0,0,3,5,2016,0
FOODS_3_252,FOODS_3,FOODS,CA_1,2016-05-13,38,20.0,30.0,23.0,37.714287,37.214287,1.58,0.0,0,4,5,2016,0
FOODS_3_252,FOODS_3,FOODS,CA_1,2016-05-14,61,38.0,45.0,57.0,38.857143,37.75,1.58,0.0,1,5,5,2016,0
FOODS_3_252,FOODS_3,FOODS,CA_1,2016-05-15,61,61.0,69.0,49.0,41.142857,37.892857,1.58,0.0,1,6,5,2016,0
FOODS_3_252,FOODS_3,FOODS,CA_1,2016-05-16,36,61.0,36.0,21.0,40.0,38.32143,1.58,0.0,0,0,5,2016,0
FOODS_3_252,FOODS_3,FOODS,CA_1,2016-05-17,34,36.0,34.0,46.0,40.0,38.857143,1.58,0.0,0,1,5,2016,0
FOODS_3_252,FOODS_3,FOODS,CA_1,2016-05-18,39,34.0,30.0,24.0,40.0,38.42857,1.58,0.0,0,2,5,2016,0
FOODS_3_252,FOODS_3,FOODS,CA_1,2016-05-19,30,39.0,20.0,35.0,41.285713,38.964287,1.58,0.0,0,3,5,2016,0
FOODS_3_252,FOODS_3,FOODS,CA_1,2016-05-20,32,30.0,38.0,33.0,42.714287,38.785713,1.58,0.0,0,4,5,2016,0
FOODS_3_252,FOODS_3,FOODS,CA_1,2016-05-21,50,32.0,61.0,49.0,41.857143,38.75,1.58,0.0,1,5,5,2016,0
FOODS_3_252,FOODS_3,FOODS,CA_1,2016-05-22,50,50.0,61.0,52.0,40.285713,38.785713,1.58,0.0,1,6,5,2016,0
FOODS_3_252,FOODS_3,FOODS,CA_2,2016-04-25,22,38.0,43.0,11.0,33.42857,34.392857,1.58,0.0,0,0,4,2016,0
FOODS_3_252,FOODS_3,FOODS,CA_2,2016-04-26,23,22.0,37.0,35.0,30.428572,34.785713,1.58,0.0,0,1,4,2016,0
FOODS_3_252,FOODS_3,FOODS,CA_2,2016-04-27,27,23.0,23.0,28.0,28.428572,34.357143,1.58,0.0,0,2,4,2016,0
FOODS_3_252,FOODS_3,FOODS,CA_2,2016-04-28,24,27.0,25.0,37.0,29.0,34.32143,1.58,0.0,0,3,4,2016,0
FOODS_3_252,FOODS_3,FOODS,CA_2,2016-04-29,23,24.0,27.0,29.0,28.857143,33.857143,1.58,0.0,0,4,4,2016,0
FOODS_3_252,FOODS_3,FOODS,CA_2,2016-04-30,53,23.0,41.0,56.0,28.285715,33.642857,1.58,0.0,1,5,4,2016,0
FOODS_3_252,FOODS_3,FOODS,CA_2,2016-05-01,56,53.0,38.0,53.0,30.0,33.535713,1.58,0.0,1,6,5,2016,1
FOODS_3_252,FOODS_3,FOODS,CA_2,2016-05-02,33,56.0,22.0,34.0,32.57143,33.642857,1.58,0.0,0,0,5,2016,1
FOODS_3_252,FOODS_3,FOODS,CA_2,2016-05-03,29,33.0,23.0,39.0,34.142857,33.607143,1.58,0.0,0,1,5,2016,1
FOODS_3_252,FOODS_3,FOODS,CA_2,2016-05-04,26,29.0,27.0,40.0,35.0,33.25,1.58,0.0,0,2,5,2016,1
FOODS_3_252,FOODS_3,FOODS,CA_2,2016-05-05,21,26.0,24.0,29.0,34.857143,32.75,1.58,0.0,0,3,5,2016,1
FOODS_3_252,FOODS_3,FOODS,CA_2,2016-05-06,25,21.0,23.0,26.0,34.42857,32.464287,1.58,0.0,0,4,5,2016,1
FOODS_3_252,FOODS_3,FOODS,CA_2,2016-05-07,36,25.0,53.0,41.0,34.714287,32.42857,1.58,0.0,1,5,5,2016,1
FOODS_3_252,FOODS_3,FOODS,CA_2,2016-05-08,57,36.0,56.0,48.0,32.285713,32.25,1.58,0.0,1,6,5,2016,1
FOODS_3_252,FOODS_3,FOODS,CA_2,2016-05-09,19,57.0,33.0,23.0,32.42857,32.57143,1.58,0.0,0,0,5,2016,1
FOODS_3_252,FOODS_3,FOODS,CA_2,2016-05-10,29,19.0,29.0,16.0,30.428572,32.42857,1.58,0.0,0,1,5,2016,1
FOODS_3_252,FOODS_3,FOODS,CA_2,2016-05-11,28,29.0,26.0,27.0,30.428572,32.892857,1.58,0.0,0,2,5,2016,0
FOODS_3_252,FOODS_3,FOODS,CA_2,2016-05-12,16,28.0,21.0,8.0,30.714285,32.92857,1.58,0.0,0,3,5,2016,0
FOODS_3_252,FOODS_3,FOODS,CA_2,2016-05-13,40,16.0,25.0,35.0,30.0,33.214287,1.58,0.0,0,4,5,2016,0
FOODS_3_252,FOODS_3,FOODS,CA_2,2016-05-14,62,40.0,36.0,59.0,32.142857,33.392857,1.58,0.0,1,5,5,2016,0
FOODS_3_252,FOODS_3,FOODS,CA_2,2016-05-15,46,62.0,57.0,55.0,35.857143,33.5,1.58,0.0,1,6,5,2016,0
FOODS_3_252,FOODS_3,FOODS,CA_2,2016-05-16,36,46.0,19.0,43.0,34.285713,33.17857,1.58,0.0,0,0,5,2016,0
FOODS_3_252,FOODS_3,FOODS,CA_2,2016-05-17,40,36.0,29.0,37.0,36.714287,32.92857,1.58,0.0,0,1,5,2016,0
FOODS_3_252,FOODS_3,FOODS,CA_2,2016-05-18,32,40.0,28.0,23.0,38.285713,33.035713,1.58,0.0,0,2,5,2016,0
FOODS_3_252,FOODS_3,FOODS,CA_2,2016-05-19,38,32.0,16.0,25.0,38.857143,33.357143,1.58,0.0,0,3,5,2016,0
FOODS_3_252,FOODS_3,FOODS,CA_2,2016-05-20,39,38.0,40.0,27.0,42.0,33.82143,1.58,0.0,0,4,5,2016,0
FOODS_3_252,FOODS_3,FOODS,CA_2,2016-05-21,46,39.0,62.0,41.0,41.857143,34.25,1.58,0.0,1,5,5,2016,0
FOODS_3_252,FOODS_3,FOODS,CA_2,2016-05-22,46,46.0,46.0,38.0,39.57143,34.42857,1.58,0.0,1,6,5,2016,0
FOODS_3_252,FOODS_3,FOODS,CA_3,2016-04-25,46,39.0,59.0,36.0,46.42857,45.857143,1.58,0.0,0,0,4,2016,0
FOODS_3_252,FOODS_3,FOODS,CA_3,2016-04-26,38,46.0,56.0,43.0,44.57143,46.214287,1.58,0.0,0,1,4,2016,0
FOODS_3_252,FOODS_3,FOODS,CA_3,2016-04-27,26,38.0,29.0,30.0,42.0,46.035713,1.58,0.0,0,2,4,2016,0
FOODS_3_252,FOODS_3,FOODS,CA_3,2016-04-28,42,26.0,46.0,24.0,41.57143,45.892857,1.58,0.0,0,3,4,2016,0
FOODS_3_252,FOODS_3,FOODS,CA_3,2016-04-29,51,42.0,35.0,33.0,41.0,46.535713,1.58,0.0,0,4,4,2016,0
FOODS_3_252,FOODS_3,FOODS,CA_3,2016-04-30,63,51.0,61.0,47.0,43.285713,47.17857,1.58,0.0,1,5,4,2016,0
FOODS_3_252,FOODS_3,FOODS,CA_3,2016-05-01,80,63.0,39.0,61.0,43.57143,47.75,1.58,0.0,1,6,5,2016,1
FOODS_3_252,FOODS_3,FOODS,CA_3,2016-05-02,47,80.0,46.0,42.0,49.42857,48.42857,1.58,0.0,0,0,5,2016,1
FOODS_3_252,FOODS_3,FOODS,CA_3,2016-05-03,37,47.0,38.0,38.0,49.57143,48.607143,1.58,0.0,0,1,5,2016,1
FOODS_3_252,FOODS_3,FOODS,CA_3,2016-05-04,37,37.0,26.0,60.0,49.42857,48.57143,1.58,0.0,0,2,5,2016,1
FOODS_3_252,FOODS_3,FOODS,CA_3,2016-05-05,30,37.0,42.0,40.0,51.0,47.75,1.58,0.0,0,3,5,2016,1
FOODS_3_252,FOODS_3,FOODS,CA_3,2016-05-06,31,30.0,51.0,46.0,49.285713,47.392857,1.58,0.0,0,4,5,2016,1
FOODS_3_252,FOODS_3,FOODS,CA_3,2016-05-07,48,31.0,63.0,51.0,46.42857,46.857143,1.58,0.0,1,5,5,2016,1
FOODS_3_252,FOODS_3,FOODS,CA_3,2016-05-08,57,48.0,80.0,52.0,44.285713,46.75,1.58,0.0,1,6,5,2016,1
FOODS_3_252,FOODS_3,FOODS,CA_3,2016-05-09,57,57.0,47.0,58.0,41.0,46.92857,1.58,0.0,0,0,5,2016,1
FOODS_3_252,FOODS_3,FOODS,CA_3,2016-05-10,37,57.0,37.0,35.0,42.42857,46.892857,1.58,0.0,0,1,5,2016,1
FOODS_3_252,FOODS_3,FOODS,CA_3,2016-05-11,55,37.0,37.0,43.0,42.42857,46.964287,1.58,0.0,0,2,5,2016,0
FOODS_3_252,FOODS_3,FOODS,CA_3,2016-05-12,39,55.0,30.0,30.0,45.0,47.392857,1.58,0.0,0,3,5,2016,0
FOODS_3_252,FOODS_3,FOODS,CA_3,2016-05-13,47,39.0,31.0,44.0,46.285713,47.714287,1.58,0.0,0,4,5,2016,0
FOODS_3_252,FOODS_3,FOODS,CA_3,2016-05-14,78,47.0,48.0,65.0,48.57143,47.82143,1.58,0.0,1,5,5,2016,0
FOODS_3_252,FOODS_3,FOODS,CA_3,2016-05-15,72,78.0,57.0,81.0,52.857143,48.285713,1.58,0.0,1,6,5,2016,0
FOODS_3_252,FOODS_3,FOODS,CA_3,2016-05-16,64,72.0,57.0,59.0,55.0,47.964287,1.58,0.0,0,0,5,2016,0
FOODS_3_252,FOODS_3,FOODS,CA_3,2016-05-17,71,64.0,37.0,56.0,56.0,48.142857,1.58,0.0,0,1,5,2016,0
FOODS_3_252,FOODS_3,FOODS,CA_3,2016-05-18,75,71.0,55.0,29.0,60.857143,48.67857,1.58,0.0,0,2,5,2016,0
FOODS_3_252,FOODS_3,FOODS,CA_3,2016-05-19,37,75.0,39.0,46.0,63.714287,50.32143,1.58,0.0,0,3,5,2016,0
FOODS_3_252,FOODS_3,FOODS,CA_3,2016-05-20,36,37.0,47.0,35.0,63.42857,50.0,1.58,0.0,0,4,5,2016,0
FOODS_3_252,FOODS_3,FOODS,CA_3,2016-05-21,42,36.0,78.0,61.0,61.857143,50.035713,1.58,0.0,1,5,5,2016,0
FOODS_3_252,FOODS_3,FOODS,CA_3,2016-05-22,62,42.0,72.0,39.0,56.714287,49.357143,1.58,0.0,1,6,5,2016,0
FOODS_3_252,FOODS_3,FOODS,CA_4,2016-04-25,17,9.0,24.0,15.0,15.571428,16.821428,1.58,0.0,0,0,4,2016,0
FOODS_3_252,FOODS_3,FOODS,CA_4,2016-04-26,9,17.0,12.0,6.0,14.571428,16.892857,1.58,0.0,0,1,4,2016,0
FOODS_3_252,FOODS_3,FOODS,CA_4,2016-04-27,8,9.0,21.0,16.0,14.142858,17.0,1.58,0.0,0,2,4,2016,0
FOODS_3_252,FOODS_3,FOODS,CA_4,2016-04-28,19,8.0,12.0,15.0,12.285714,16.714285,1.58,0.0,0,3,4,2016,0
FOODS_3_252,FOODS_3,FOODS,CA_4,2016-04-29,11,19.0,11.0,27.0,13.285714,16.857143,1.58,0.0,0,4,4,2016,0
FOODS_3_252,FOODS_3,FOODS,CA_4,2016-04-30,17,11.0,20.0,27.0,13.285714,16.285715,1.58,0.0,1,5,4,2016,0
FOODS_3_252,FOODS_3,FOODS,CA_4,2016-05-01,13,17.0,9.0,16.0,12.857142,15.928572,1.58,0.0,1,6,5,2016,1
FOODS_3_252,FOODS_3,FOODS,CA_4,2016-05-02,11,13.0,17.0,22.0,13.428572,15.821428,1.58,0.0,0,0,5,2016,1
FOODS_3_252,FOODS_3,FOODS,CA_4,2016-05-03,7,11.0,9.0,18.0,12.571428,15.428572,1.58,0.0,0,1,5,2016,1
FOODS_3_252,FOODS_3,FOODS,CA_4,2016-05-04,7,7.0,8.0,20.0,12.285714,15.035714,1.58,0.0,0,2,5,2016,1
FOODS_3_252,FOODS_3,FOODS,CA_4,2016-05-05,10,7.0,19.0,21.0,12.142858,14.571428,1.58,0.0,0,3,5,2016,1
FOODS_3_252,FOODS_3,FOODS,CA_4,2016-05-06,8,10.0,11.0,14.0,10.857142,14.178572,1.58,0.0,0,4,5,2016,1
FOODS_3_252,FOODS_3,FOODS,CA_4,2016-05-07,16,8.0,17.0,17.0,10.428572,13.964286,1.58,0.0,1,5,5,2016,1
FOODS_3_252,FOODS_3,FOODS,CA_4,2016-05-08,18,16.0,13.0,16.0,10.285714,13.928572,1.58,0.0,1,6,5,2016,1
FOODS_3_252,FOODS_3,FOODS,CA_4,2016-05-09,22,18.0,11.0,12.0,11.0,14.0,1.58,0.0,0,0,5,2016,1
FOODS_3_252,FOODS_3,FOODS,CA_4,2016-05-10,19,22.0,7.0,16.0,12.571428,14.357142,1.58,0.0,0,1,5,2016,1
FOODS_3_252,FOODS_3,FOODS,CA_4,2016-05-11,20,19.0,7.0,12.0,14.285714,14.464286,1.58,0.0,0,2,5,2016,0
FOODS_3_252,FOODS_3,FOODS,CA_4,2016-05-12,14,20.0,10.0,15.0,16.142857,14.75,1.58,0.0,0,3,5,2016,0
FOODS_3_252,FOODS_3,FOODS,CA_4,2016-05-13,15,14.0,8.0,20.0,16.714285,14.714286,1.58,0.0,0,4,5,2016,0
FOODS_3_252,FOODS_3,FOODS,CA_4,2016-05-14,28,15.0,16.0,25.0,17.714285,14.535714,1.58,0.0,1,5,5,2016,0
FOODS_3_252,FOODS_3,FOODS,CA_4,2016-05-15,23,28.0,18.0,12.0,19.428572,14.642858,1.58,0.0,1,6,5,2016,0
FOODS_3_252,FOODS_3,FOODS,CA_4,2016-05-16,18,23.0,22.0,24.0,20.142857,15.035714,1.58,0.0,0,0,5,2016,0
FOODS_3_252,FOODS_3,FOODS,CA_4,2016-05-17,18,18.0,19.0,12.0,19.571428,14.821428,1.58,0.0,0,1,5,2016,0
FOODS_3_252,FOODS_3,FOODS,CA_4,2016-05-18,27,18.0,20.0,21.0,19.428572,15.035714,1.58,0.0,0,2,5,2016,0
FOODS_3_252,FOODS_3,FOODS,CA_4,2016-05-19,18,27.0,14.0,12.0,20.428572,15.25,1.58,0.0,0,3,5,2016,0
FOODS_3_252,FOODS_3,FOODS,CA_4,2016-05-20,15,18.0,15.0,11.0,21.0,15.464286,1.58,0.0,0,4,5,2016,0
FOODS_3_252,FOODS_3,FOODS,CA_4,2016-05-21,9,15.0,28.0,20.0,21.0,15.607142,1.58,0.0,1,5,5,2016,0
FOODS_3_252,FOODS_3,FOODS,CA_4,2016-05-22,12,9.0,23.0,9.0,18.285715,15.214286,1.58,0.0,1,6,5,2016,0
FOODS_3_288,FOODS_3,FOODS,CA_1,2016-04-25,12,24.0,13.0,11.0,16.142857,16.928572,1.5,0.0,0,0,4,2016,0
FOODS_3_288,FOODS_3,FOODS,CA_1,2016-04-26,20,12.0,8.0,10.0,16.0,16.964285,1.5,0.0,0,1,4,2016,0
FOODS_3_288,FOODS_3,FOODS,CA_1,2016-04-27,14,20.0,13.0,9.0,17.714285,17.321428,1.5,0.0,0,2,4,2016,0
FOODS_3_288,FOODS_3,FOODS,CA_1,2016-04-28,8,14.0,16.0,20.0,17.857143,17.5,1.5,0.0,0,3,4,2016,0
FOODS_3_288,FOODS_3,FOODS,CA_1,2016-04-29,14,8.0,21.0,13.0,16.714285,17.071428,1.5,0.0,0,4,4,2016,0
FOODS_3_288,FOODS_3,FOODS,CA_1,2016-04-30,7,14.0,18.0,17.0,15.714286,17.107143,1.5,0.0,1,5,4,2016,0
FOODS_3_288,FOODS_3,FOODS,CA_1,2016-05-01,14,7.0,24.0,23.0,14.142858,16.75,1.5,0.0,1,6,5,2016,1
FOODS_3_288,FOODS_3,FOODS,CA_1,2016-05-02,22,14.0,12.0,24.0,12.714286,16.428572,1.5,0.0,0,0,5,2016,1
FOODS_3_288,FOODS_3,FOODS,CA_1,2016-05-03,12,22.0,20.0,26.0,14.142858,16.357143,1.5,0.0,0,1,5,2016,1
FOODS_3_288,FOODS_3,FOODS,CA_1,2016-05-04,6,12.0,14.0,20.0,13.0,15.857142,1.5,0.0,0,2,5,2016,1
FOODS_3_288,FOODS_3,FOODS,CA_1,2016-05-05,14,6.0,8.0,16.0,11.857142,15.357142,1.5,0.0,0,3,5,2016,1
FOODS_3_288,FOODS_3,FOODS,CA_1,2016-05-06,17,14.0,14.0,18.0,12.714286,15.285714,1.5,0.0,0,4,5,2016,1
FOODS_3_288,FOODS_3,FOODS,CA_1,2016-05-07,19,17.0,7.0,21.0,13.142858,15.25,1.5,0.0,1,5,5,2016,1
FOODS_3_288,FOODS_3,FOODS,CA_1,2016-05-08,12,19.0,14.0,33.0,14.857142,15.178572,1.5,0.0,1,6,5,2016,1
FOODS_3_288,FOODS_3,FOODS,CA_1,2016-05-09,12,12.0,22.0,10.0,14.571428,14.428572,1.5,0.0,0,0,5,2016,1
FOODS_3_288,FOODS_3,FOODS,CA_1,2016-05-10,13,12.0,12.0,7.0,13.142858,14.5,1.5,0.0,0,1,5,2016,1
FOODS_3_288,FOODS_3,FOODS,CA_1,2016-05-11,12,13.0,6.0,20.0,13.285714,14.714286,1.5,0.0,0,2,5,2016,0
FOODS_3_288,FOODS_3,FOODS,CA_1,2016-05-12,15,12.0,14.0,15.0,14.142858,14.428572,1.5,0.0,0,3,5,2016,0
FOODS_3_288,FOODS_3,FOODS,CA_1,2016-05-13,12,15.0,17.0,17.0,14.285714,14.428572,1.5,0.0,0,4,5,2016,0
FOODS_3_288,FOODS_3,FOODS,CA_1,2016-05-14,9,12.0,19.0,15.0,13.571428,14.25,1.5,0.0,1,5,5,2016,0
FOODS_3_288,FOODS_3,FOODS,CA_1,2016-05-15,16,9.0,12.0,16.0,12.142858,14.035714,1.5,0.0,1,6,5,2016,0
FOODS_3_288,FOODS_3,FOODS,CA_1,2016-05-16,5,16.0,12.0,13.0,12.714286,14.035714,1.5,0.0,0,0,5,2016,0
FOODS_3_288,FOODS_3,FOODS,CA_1,2016-05-17,11,5.0,13.0,8.0,11.714286,13.75,1.5,0.0,0,1,5,2016,0
FOODS_3_288,FOODS_3,FOODS,CA_1,2016-05-18,13,11.0,12.0,13.0,11.428572,13.857142,1.5,0.0,0,2,5,2016,0
FOODS_3_288,FOODS_3,FOODS,CA_1,2016-05-19,10,13.0,15.0,16.0,11.571428,13.857142,1.5,0.0,0,3,5,2016,0
FOODS_3_288,FOODS_3,FOODS,CA_1,2016-05-20,4,10.0,12.0,21.0,10.857142,13.642858,1.5,0.0,0,4,5,2016,0
FOODS_3_288,FOODS_3,FOODS,CA_1,2016-05-21,21,4.0,9.0,18.0,9.714286,13.035714,1.5,0.0,1,5,5,2016,0
FOODS_3_288,FOODS_3,FOODS,CA_1,2016-05-22,13,21.0,16.0,24.0,11.428572,13.142858,1.5,0.0,1,6,5,2016,0
FOODS_3_288,FOODS_3,FOODS,CA_2,2016-04-25,29,54.0,32.0,36.0,36.857143,34.964287,1.5,0.0,0,0,4,2016,0
FOODS_3_288,FOODS_3,FOODS,CA_2,2016-04-26,19,29.0,39.0,33.0,36.42857,34.714287,1.5,0.0,0,1,4,2016,0
FOODS_3_288,FOODS_3,FOODS,CA_2,2016-04-27,25,19.0,31.0,36.0,33.57143,34.214287,1.5,0.0,0,2,4,2016,0
FOODS_3_288,FOODS_3,FOODS,CA_2,2016-04-28,22,25.0,21.0,45.0,32.714287,33.82143,1.5,0.0,0,3,4,2016,0
FOODS_3_288,FOODS_3,FOODS,CA_2,2016-04-29,42,22.0,24.0,38.0,32.857143,33.0,1.5,0.0,0,4,4,2016,0
FOODS_3_288,FOODS_3,FOODS,CA_2,2016-04-30,60,42.0,57.0,31.0,35.42857,33.142857,1.5,0.0,1,5,4,2016,0
FOODS_3_288,FOODS_3,FOODS,CA_2,2016-05-01,44,60.0,54.0,48.0,35.857143,34.17857,1.5,0.0,1,6,5,2016,1
FOODS_3_288,FOODS_3,FOODS,CA_2,2016-05-02,34,44.0,29.0,34.0,34.42857,34.035713,1.5,0.0,0,0,5,2016,1
FOODS_3_288,FOODS_3,FOODS,CA_2,2016-05-03,31,34.0,19.0,13.0,35.142857,34.035713,1.5,0.0,0,1,5,2016,1
FOODS_3_288,FOODS_3,FOODS,CA_2,2016-05-04,15,31.0,25.0,29.0,36.857143,34.67857,1.5,0.0,0,2,5,2016,1
FOODS_3_288,FOODS_3,FOODS,CA_2,2016-05-05,31,15.0,22.0,20.0,35.42857,34.17857,1.5,0.0,0,3,5,2016,1
FOODS_3_288,FOODS_3,FOODS,CA_2,2016-05-06,19,31.0,42.0,33.0,36.714287,34.57143,1.5,0.0,0,4,5,2016,1
FOODS_3_288,FOODS_3,FOODS,CA_2,2016-05-07,41,19.0,60.0,43.0,33.42857,34.07143,1.5,0.0,1,5,5,2016,1
FOODS_3_288,FOODS_3,FOODS,CA_2,2016-05-08,47,41.0,44.0,45.0,30.714285,34.0,1.5,0.0,1,6,5,2016,1
FOODS_3_288,FOODS_3,FOODS,CA_2,2016-05-09,26,47.0,34.0,35.0,31.142857,34.07143,1.5,0.0,0,0,5,2016,1
FOODS_3_288,FOODS_3,FOODS,CA_2,2016-05-10,26,26.0,31.0,30.0,30.0,33.75,1.5,0.0,0,1,5,2016,1
FOODS_3_288,FOODS_3,FOODS,CA_2,2016-05-11,27,26.0,15.0,22.0,29.285715,33.607143,1.5,0.0,0,2,5,2016,0
FOODS_3_288,FOODS_3,FOODS,CA_2,2016-05-12,20,27.0,31.0,33.0,31.0,33.785713,1.5,0.0,0,3,5,2016,0
FOODS_3_288,FOODS_3,FOODS,CA_2,2016-05-13,30,20.0,19.0,24.0,29.428572,33.32143,1.5,0.0,0,4,5,2016,0
FOODS_3_288,FOODS_3,FOODS,CA_2,2016-05-14,26,30.0,41.0,43.0,31.0,33.535713,1.5,0.0,1,5,5,2016,0
FOODS_3_288,FOODS_3,FOODS,CA_2,2016-05-15,45,26.0,47.0,50.0,28.857143,32.92857,1.5,0.0,1,6,5,2016,0
FOODS_3_288,FOODS_3,FOODS,CA_2,2016-05-16,26,45.0,26.0,32.0,28.571428,32.75,1.5,0.0,0,0,5,2016,0
FOODS_3_288,FOODS_3,FOODS,CA_2,2016-05-17,30,26.0,26.0,39.0,28.571428,32.535713,1.5,0.0,0,1,5,2016,0
FOODS_3_288,FOODS_3,FOODS,CA_2,2016-05-18,15,30.0,27.0,31.0,29.142857,32.214287,1.5,0.0,0,2,5,2016,0
FOODS_3_288,FOODS_3,FOODS,CA_2,2016-05-19,25,15.0,20.0,21.0,27.428572,31.642857,1.5,0.0,0,3,5,2016,0
FOODS_3_288,FOODS_3,FOODS,CA_2,2016-05-20,28,25.0,30.0,24.0,28.142857,31.785715,1.5,0.0,0,4,5,2016,0
FOODS_3_288,FOODS_3,FOODS,CA_2,2016-05-21,50,28.0,26.0,57.0,27.857143,31.928572,1.5,0.0,1,5,5,2016,0
FOODS_3_288,FOODS_3,FOODS,CA_2,2016-05-22,50,50.0,45.0,54.0,31.285715,31.678572,1.5,0.0,1,6,5,2016,0
FOODS_3_288,FOODS_3,FOODS,CA_3,2016-04-25,30,64.0,37.0,29.0,34.0,34.892857,1.5,0.0,0,0,4,2016,0
FOODS_3_288,FOODS_3,FOODS,CA_3,2016-04-26,37,30.0,33.0,21.0,33.0,34.92857,1.5,0.0,0,1,4,2016,0
FOODS_3_288,FOODS_3,FOODS,CA_3,2016-04-27,27,37.0,14.0,34.0,33.57143,35.5,1.5,0.0,0,2,4,2016,0
FOODS_3_288,FOODS_3,FOODS,CA_3,2016-04-28,44,27.0,28.0,33.0,35.42857,35.25,1.5,0.0,0,3,4,2016,0
FOODS_3_288,FOODS_3,FOODS,CA_3,2016-04-29,28,44.0,21.0,32.0,37.714287,35.642857,1.5,0.0,0,4,4,2016,0
FOODS_3_288,FOODS_3,FOODS,CA_3,2016-04-30,55,28.0,41.0,38.0,38.714287,35.5,1.5,0.0,1,5,4,2016,0
FOODS_3_288,FOODS_3,FOODS,CA_3,2016-05-01,47,55.0,64.0,66.0,40.714287,36.107143,1.5,0.0,1,6,5,2016,1
FOODS_3_288,FOODS_3,FOODS,CA_3,2016-05-02,33,47.0,30.0,31.0,38.285713,35.42857,1.5,0.0,0,0,5,2016,1
FOODS_3_288,FOODS_3,FOODS,CA_3,2016-05-03,37,33.0,37.0,43.0,38.714287,35.5,1.5,0.0,0,1,5,2016,1
FOODS_3_288,FOODS_3,FOODS,CA_3,2016-05-04,33,37.0,27.0,28.0,38.714287,35.285713,1.5,0.0,0,2,5,2016,1
FOODS_3_288,FOODS_3,FOODS,CA_3,2016-05-05,28,33.0,44.0,25.0,39.57143,35.464287,1.5,0.0,0,3,5,2016,1
FOODS_3_288,FOODS_3,FOODS,CA_3,2016-05-06,32,28.0,28.0,31.0,37.285713,35.57143,1.5,0.0,0,4,5,2016,1
FOODS_3_288,FOODS_3,FOODS,CA_3,2016-05-07,49,32.0,55.0,44.0,37.857143,35.607143,1.5,0.0,1,5,5,2016,1
FOODS_3_288,FOODS_3,FOODS,CA_3,2016-05-08,54,49.0,47.0,59.0,37.0,35.785713,1.5,0.0,1,6,5,2016,1
FOODS_3_288,FOODS_3,FOODS,CA_3,2016-05-09,37,54.0,33.0,32.0,38.0,35.607143,1.5,0.0,0,0,5,2016,1
FOODS_3_288,FOODS_3,FOODS,CA_3,2016-05-10,26,37.0,37.0,18.0,38.57143,35.785713,1.5,0.0,0,1,5,2016,1
FOODS_3_288,FOODS_3,FOODS,CA_3,2016-05-11,42,26.0,33.0,26.0,37.0,36.07143,1.5,0.0,0,2,5,2016,0
FOODS_3_288,FOODS_3,FOODS,CA_3,2016-05-12,31,42.0,28.0,26.0,38.285713,36.642857,1.5,0.0,0,3,5,2016,0
FOODS_3_288,FOODS_3,FOODS,CA_3,2016-05-13,33,31.0,32.0,23.0,38.714287,36.82143,1.5,0.0,0,4,5,2016,0
FOODS_3_288,FOODS_3,FOODS,CA_3,2016-05-14,43,33.0,49.0,48.0,38.857143,37.17857,1.5,0.0,1,5,5,2016,0
FOODS_3_288,FOODS_3,FOODS,CA_3,2016-05-15,37,43.0,54.0,52.0,38.0,37.0,1.5,0.0,1,6,5,2016,0
FOODS_3_288,FOODS_3,FOODS,CA_3,2016-05-16,31,37.0,37.0,37.0,35.57143,36.464287,1.5,0.0,0,0,5,2016,0
FOODS_3_288,FOODS_3,FOODS,CA_3,2016-05-17,31,31.0,26.0,33.0,34.714287,36.25,1.5,0.0,0,1,5,2016,0
FOODS_3_288,FOODS_3,FOODS,CA_3,2016-05-18,25,31.0,42.0,14.0,35.42857,36.17857,1.5,0.0,0,2,5,2016,0
FOODS_3_288,FOODS_3,FOODS,CA_3,2016-05-19,30,25.0,31.0,28.0,33.0,36.57143,1.5,0.0,0,3,5,2016,0
FOODS_3_288,FOODS_3,FOODS,CA_3,2016-05-20,29,30.0,33.0,21.0,32.857143,36.642857,1.5,0.0,0,4,5,2016,0
FOODS_3_288,FOODS_3,FOODS,CA_3,2016-05-21,27,29.0,43.0,41.0,32.285713,36.92857,1.5,0.0,1,5,5,2016,0
FOODS_3_288,FOODS_3,FOODS,CA_3,2016-05-22,37,27.0,37.0,64.0,30.0,36.42857,1.5,0.0,1,6,5,2016,0
FOODS_3_288,FOODS_3,FOODS,CA_4,2016-04-25,8,19.0,9.0,5.0,11.0,8.785714,1.5,0.0,0,0,4,2016,0
FOODS_3_288,FOODS_3,FOODS,CA_4,2016-04-26,12,8.0,4.0,10.0,10.857142,8.892858,1.5,0.0,0,1,4,2016,0
FOODS_3_288,FOODS_3,FOODS,CA_4,2016-04-27,2,12.0,4.0,7.0,12.0,8.964286,1.5,0.0,0,2,4,2016,0
FOODS_3_288,FOODS_3,FOODS,CA_4,2016-04-28,4,2.0,10.0,3.0,11.714286,8.785714,1.5,0.0,0,3,4,2016,0
FOODS_3_288,FOODS_3,FOODS,CA_4,2016-04-29,7,4.0,15.0,7.0,10.857142,8.821428,1.5,0.0,0,4,4,2016,0
FOODS_3_288,FOODS_3,FOODS,CA_4,2016-04-30,4,7.0,16.0,10.0,9.714286,8.821428,1.5,0.0,1,5,4,2016,0
FOODS_3_288,FOODS_3,FOODS,CA_4,2016-05-01,9,4.0,19.0,4.0,8.0,8.607142,1.5,0.0,1,6,5,2016,1
FOODS_3_288,FOODS_3,FOODS,CA_4,2016-05-02,5,9.0,8.0,9.0,6.571429,8.785714,1.5,0.0,0,0,5,2016,1
FOODS_3_288,FOODS_3,FOODS,CA_4,2016-05-03,7,5.0,12.0,9.0,6.142857,8.642858,1.5,0.0,0,1,5,2016,1
FOODS_3_288,FOODS_3,FOODS,CA_4,2016-05-04,10,7.0,2.0,7.0,5.428571,8.571428,1.5,0.0,0,2,5,2016,1
FOODS_3_288,FOODS_3,FOODS,CA_4,2016-05-05,8,10.0,4.0,1.0,6.571429,8.678572,1.5,0.0,0,3,5,2016,1
FOODS_3_288,FOODS_3,FOODS,CA_4,2016-05-06,1,8.0,7.0,10.0,7.142857,8.928572,1.5,0.0,0,4,5,2016,1
FOODS_3_288,FOODS_3,FOODS,CA_4,2016-05-07,5,1.0,4.0,8.0,6.285714,8.607142,1.5,0.0,1,5,5,2016,1
FOODS_3_288,FOODS_3,FOODS,CA_4,2016-05-08,5,5.0,9.0,14.0,6.428571,8.5,1.5,0.0,1,6,5,2016,1
FOODS_3_288,FOODS_3,FOODS,CA_4,2016-05-09,5,5.0,5.0,13.0,5.857143,8.178572,1.5,0.0,0,0,5,2016,1
FOODS_3_288,FOODS_3,FOODS,CA_4,2016-05-10,4,5.0,7.0,15.0,5.857143,7.892857,1.5,0.0,0,1,5,2016,1
FOODS_3_288,FOODS_3,FOODS,CA_4,2016-05-11,7,4.0,10.0,9.0,5.428571,7.5,1.5,0.0,0,2,5,2016,0
FOODS_3_288,FOODS_3,FOODS,CA_4,2016-05-12,2,7.0,8.0,5.0,5.0,7.428571,1.5,0.0,0,3,5,2016,0
FOODS_3_288,FOODS_3,FOODS,CA_4,2016-05-13,9,2.0,1.0,9.0,4.142857,7.321429,1.5,0.0,0,4,5,2016,0
FOODS_3_288,FOODS_3,FOODS,CA_4,2016-05-14,5,9.0,5.0,7.0,5.285714,7.321429,1.5,0.0,1,5,5,2016,0
FOODS_3_288,FOODS_3,FOODS,CA_4,2016-05-15,3,5.0,5.0,7.0,5.285714,7.25,1.5,0.0,1,6,5,2016,0
FOODS_3_288,FOODS_3,FOODS,CA_4,2016-05-16,10,3.0,5.0,9.0,5.0,7.107143,1.5,0.0,0,0,5,2016,0
FOODS_3_288,FOODS_3,FOODS,CA_4,2016-05-17,6,10.0,4.0,4.0,5.714286,7.142857,1.5,0.0,0,1,5,2016,0
FOODS_3_288,FOODS_3,FOODS,CA_4,2016-05-18,3,6.0,7.0,4.0,6.0,7.214286,1.5,0.0,0,2,5,2016,0
FOODS_3_288,FOODS_3,FOODS,CA_4,2016-05-19,6,3.0,2.0,10.0,5.428571,7.178571,1.5,0.0,0,3,5,2016,0
FOODS_3_288,FOODS_3,FOODS,CA_4,2016-05-20,7,6.0,9.0,15.0,6.0,7.035714,1.5,0.0,0,4,5,2016,0
FOODS_3_288,FOODS_3,FOODS,CA_4,2016-05-21,7,7.0,5.0,16.0,5.714286,6.75,1.5,0.0,1,5,5,2016,0
FOODS_3_288,FOODS_3,FOODS,CA_4,2016-05-22,0,7.0,3.0,19.0,6.0,6.428571,1.5,0.0,1,6,5,2016,0
FOODS_3_555,FOODS_3,FOODS,CA_1,2016-04-25,13,24.0,13.0,19.0,17.714285,19.142857,1.68,0.0,0,0,4,2016,0
FOODS_3_555,FOODS_3,FOODS,CA_1,2016-04-26,17,13.0,21.0,19.0,17.714285,18.928572,1.68,0.0,0,1,4,2016,0
FOODS_3_555,FOODS_3,FOODS,CA_1,2016-04-27,14,17.0,15.0,16.0,17.142857,18.857143,1.68,0.0,0,2,4,2016,0
FOODS_3_555,FOODS_3,FOODS,CA_1,2016-04-28,16,14.0,14.0,12.0,17.0,18.785715,1.68,0.0,0,3,4,2016,0
FOODS_3_555,FOODS_3,FOODS,CA_1,2016-04-29,18,16.0,14.0,19.0,17.285715,18.928572,1.68,0.0,0,4,4,2016,0
FOODS_3_555,FOODS_3,FOODS,CA_1,2016-04-30,25,18.0,23.0,30.0,17.857143,18.892857,1.68,0.0,1,5,4,2016,0
FOODS_3_555,FOODS_3,FOODS,CA_1,2016-05-01,29,25.0,24.0,30.0,18.142857,18.714285,1.68,0.0,1,6,5,2016,1
FOODS_3_555,FOODS_3,FOODS,CA_1,2016-05-02,16,29.0,13.0,16.0,18.857143,18.678572,1.68,0.0,0,0,5,2016,1
FOODS_3_555,FOODS_3,FOODS,CA_1,2016-05-03,18,16.0,17.0,21.0,19.285715,18.678572,1.68,0.0,0,1,5,2016,1
FOODS_3_555,FOODS_3,FOODS,CA_1,2016-05-04,13,18.0,14.0,17.0,19.428572,18.571428,1.68,0.0,0,2,5,2016,1
FOODS_3_555,FOODS_3,FOODS,CA_1,2016-05-05,17,13.0,16.0,13.0,19.285715,18.428572,1.68,0.0,0,3,5,2016,1
FOODS_3_555,FOODS_3,FOODS,CA_1,2016-05-06,17,17.0,18.0,14.0,19.428572,18.571428,1.68,0.0,0,4,5,2016,1
FOODS_3_555,FOODS_3,FOODS,CA_1,2016-05-07,30,17.0,25.0,33.0,19.285715,18.678572,1.68,0.0,1,5,5,2016,1
FOODS_3_555,FOODS_3,FOODS,CA_1,2016-05-08,27,30.0,29.0,26.0,20.0,18.571428,1.68,0.0,1,6,5,2016,1
FOODS_3_555,FOODS_3,FOODS,CA_1,2016-05-09,18,27.0,16.0,18.0,19.714285,18.607143,1.68,0.0,0,0,5,2016,1
FOODS_3_555,FOODS_3,FOODS,CA_1,2016-05-10,22,18.0,18.0,14.0,20.0,18.607143,1.68,0.0,0,1,5,2016,1
FOODS_3_555,FOODS_3,FOODS,CA_1,2016-05-11,27,22.0,13.0,15.0,20.571428,18.892857,1.68,0.0,0,2,5,2016,0
FOODS_3_555,FOODS_3,FOODS,CA_1,2016-05-12,14,27.0,17.0,12.0,22.571428,19.321428,1.68,0.0,0,3,5,2016,0
FOODS_3_555,FOODS_3,FOODS,CA_1,2016-05-13,20,14.0,17.0,10.0,22.142857,19.392857,1.68,0.0,0,4,5,2016,0
FOODS_3_555,FOODS_3,FOODS,CA_1,2016-05-14,26,20.0,30.0,32.0,22.571428,19.75,1.68,0.0,1,5,5,2016,0
FOODS_3_555,FOODS_3,FOODS,CA_1,2016-05-15,25,26.0,27.0,26.0,22.0,19.535715,1.68,0.0,1,6,5,2016,0
FOODS_3_555,FOODS_3,FOODS,CA_1,2016-05-16,19,25.0,18.0,13.0,21.714285,19.5,1.68,0.0,0,0,5,2016,0
FOODS_3_555,FOODS_3,FOODS,CA_1,2016-05-17,19,19.0,22.0,21.0,21.857143,19.714285,1.68,0.0,0,1,5,2016,0
FOODS_3_555,FOODS_3,FOODS,CA_1,2016-05-18,26,19.0,27.0,15.0,21.428572,19.642857,1.68,0.0,0,2,5,2016,0
FOODS_3_555,FOODS_3,FOODS,CA_1,2016-05-19,16,26.0,14.0,14.0,21.285715,20.035715,1.68,0.0,0,3,5,2016,0
FOODS_3_555,FOODS_3,FOODS,CA_1,2016-05-20,15,16.0,20.0,14.0,21.571428,20.107143,1.68,0.0,0,4,5,2016,0
FOODS_3_555,FOODS_3,FOODS,CA_1,2016-05-21,32,15.0,26.0,23.0,20.857143,20.142857,1.68,0.0,1,5,5,2016,0
FOODS_3_555,FOODS_3,FOODS,CA_1,2016-05-22,26,32.0,25.0,24.0,21.714285,20.464285,1.68,0.0,1,6,5,2016,0
FOODS_3_555,FOODS_3,FOODS,CA_2,2016-04-25,18,36.0,24.0,22.0,22.285715,20.214285,1.68,0.0,0,0,4,2016,0
FOODS_3_555,FOODS_3,FOODS,CA_2,2016-04-26,15,18.0,22.0,19.0,21.428572,20.071428,1.68,0.0,0,1,4,2016,0
FOODS_3_555,FOODS_3,FOODS,CA_2,2016-04-27,16,15.0,15.0,13.0,20.428572,19.928572,1.68,0.0,0,2,4,2016,0
FOODS_3_555,FOODS_3,FOODS,CA_2,2016-04-28,28,16.0,18.0,21.0,20.571428,20.035715,1.68,0.0,0,3,4,2016,0
FOODS_3_555,FOODS_3,FOODS,CA_2,2016-04-29,18,28.0,18.0,23.0,22.0,20.285715,1.68,0.0,0,4,4,2016,0
FOODS_3_555,FOODS_3,FOODS,CA_2,2016-04-30,25,18.0,23.0,26.0,22.0,20.107143,1.68,0.0,1,5,4,2016,0
FOODS_3_555,FOODS_3,FOODS,CA_2,2016-05-01,20,25.0,36.0,31.0,22.285715,20.071428,1.68,0.0,1,6,5,2016,1
FOODS_3_555,FOODS_3,FOODS,CA_2,2016-05-02,13,20.0,18.0,17.0,20.0,19.678572,1.68,0.0,0,0,5,2016,1
FOODS_3_555,FOODS_3,FOODS,CA_2,2016-05-03,23,13.0,15.0,15.0,19.285715,19.535715,1.68,0.0,0,1,5,2016,1
FOODS_3_555,FOODS_3,FOODS,CA_2,2016-05-04,14,23.0,16.0,18.0,20.428572,19.821428,1.68,0.0,0,2,5,2016,1
FOODS_3_555,FOODS_3,FOODS,CA_2,2016-05-05,15,14.0,28.0,15.0,20.142857,19.678572,1.68,0.0,0,3,5,2016,1
FOODS_3_555,FOODS_3,FOODS,CA_2,2016-05-06,21,15.0,18.0,15.0,18.285715,19.678572,1.68,0.0,0,4,5,2016,1
FOODS_3_555,FOODS_3,FOODS,CA_2,2016-05-07,20,21.0,25.0,20.0,18.714285,19.892857,1.68,0.0,1,5,5,2016,1
FOODS_3_555,FOODS_3,FOODS,CA_2,2016-05-08,24,20.0,20.0,29.0,18.0,19.892857,1.68,0.0,1,6,5,2016,1
FOODS_3_555,FOODS_3,FOODS,CA_2,2016-05-09,16,24.0,13.0,14.0,18.571428,19.714285,1.68,0.0,0,0,5,2016,1
FOODS_3_555,FOODS_3,FOODS,CA_2,2016-05-10,12,16.0,23.0,14.0,19.0,19.785715,1.68,0.0,0,1,5,2016,1
FOODS_3_555,FOODS_3,FOODS,CA_2,2016-05-11,23,12.0,14.0,17.0,17.428572,19.714285,1.68,0.0,0,2,5,2016,0
FOODS_3_555,FOODS_3,FOODS,CA_2,2016-05-12,14,23.0,15.0,11.0,18.714285,19.928572,1.68,0.0,0,3,5,2016,0
FOODS_3_555,FOODS_3,FOODS,CA_2,2016-05-13,27,14.0,21.0,15.0,18.571428,20.035715,1.68,0.0,0,4,5,2016,0
FOODS_3_555,FOODS_3,FOODS,CA_2,2016-05-14,25,27.0,20.0,30.0,19.428572,20.464285,1.68,0.0,1,5,5,2016,0
FOODS_3_555,FOODS_3,FOODS,CA_2,2016-05-15,25,25.0,24.0,25.0,20.142857,20.285715,1.68,0.0,1,6,5,2016,0
FOODS_3_555,FOODS_3,FOODS,CA_2,2016-05-16,13,25.0,16.0,24.0,20.285715,20.285715,1.68,0.0,0,0,5,2016,0
FOODS_3_555,FOODS_3,FOODS,CA_2,2016-05-17,22,13.0,12.0,22.0,19.857143,19.892857,1.68,0.0,0,1,5,2016,0
FOODS_3_555,FOODS_3,FOODS,CA_2,2016-05-18,24,22.0,23.0,15.0,21.285715,19.892857,1.68,0.0,0,2,5,2016,0
FOODS_3_555,FOODS_3,FOODS,CA_2,2016-05-19,16,24.0,14.0,18.0,21.428572,20.214285,1.68,0.0,0,3,5,2016,0
FOODS_3_555,FOODS_3,FOODS,CA_2,2016-05-20,20,16.0,27.0,18.0,21.714285,20.142857,1.68,0.0,0,4,5,2016,0
FOODS_3_555,FOODS_3,FOODS,CA_2,2016-05-21,18,20.0,25.0,23.0,20.714285,20.214285,1.68,0.0,1,5,5,2016,0
FOODS_3_555,FOODS_3,FOODS,CA_2,2016-05-22,25,18.0,25.0,36.0,19.714285,20.035715,1.68,0.0,1,6,5,2016,0
FOODS_3_555,FOODS_3,FOODS,CA_3,2016-04-25,32,36.0,31.0,24.0,30.571428,30.857143,1.68,0.0,0,0,4,2016,0
FOODS_3_555,FOODS_3,FOODS,CA_3,2016-04-26,30,32.0,31.0,9.0,30.714285,31.142857,1.68,0.0,0,1,4,2016,0
FOODS_3_555,FOODS_3,FOODS,CA_3,2016-04-27,34,30.0,27.0,23.0,30.571428,31.892857,1.68,0.0,0,2,4,2016,0
FOODS_3_555,FOODS_3,FOODS,CA_3,2016-04-28,28,34.0,26.0,25.0,31.571428,32.285713,1.68,0.0,0,3,4,2016,0
FOODS_3_555,FOODS_3,FOODS,CA_3,2016-04-29,34,28.0,30.0,35.0,31.857143,32.392857,1.68,0.0,0,4,4,2016,0
FOODS_3_555,FOODS_3,FOODS,CA_3,2016-04-30,37,34.0,33.0,44.0,32.42857,32.357143,1.68,0.0,1,5,4,2016,0
FOODS_3_555,FOODS_3,FOODS,CA_3,2016-05-01,38,37.0,36.0,33.0,33.0,32.107143,1.68,0.0,1,6,5,2016,1
FOODS_3_555,FOODS_3,FOODS,CA_3,2016-05-02,28,38.0,32.0,25.0,33.285713,32.285713,1.68,0.0,0,0,5,2016,1
FOODS_3_555,FOODS_3,FOODS,CA_3,2016-05-03,26,28.0,30.0,28.0,32.714287,32.392857,1.68,0.0,0,1,5,2016,1
FOODS_3_555,FOODS_3,FOODS,CA_3,2016-05-04,35,26.0,34.0,35.0,32.142857,32.32143,1.68,0.0,0,2,5,2016,1
FOODS_3_555,FOODS_3,FOODS,CA_3,2016-05-05,20,35.0,28.0,35.0,32.285713,32.32143,1.68,0.0,0,3,5,2016,1
FOODS_3_555,FOODS_3,FOODS,CA_3,2016-05-06,30,20.0,34.0,32.0,31.142857,31.785715,1.68,0.0,0,4,5,2016,1
FOODS_3_555,FOODS_3,FOODS,CA_3,2016-05-07,26,30.0,37.0,38.0,30.571428,31.714285,1.68,0.0,1,5,5,2016,1
FOODS_3_555,FOODS_3,FOODS,CA_3,2016-05-08,31,26.0,38.0,40.0,29.0,31.285715,1.68,0.0,1,6,5,2016,1
FOODS_3_555,FOODS_3,FOODS,CA_3,2016-05-09,44,31.0,28.0,41.0,28.0,30.964285,1.68,0.0,0,0,5,2016,1
FOODS_3_555,FOODS_3,FOODS,CA_3,2016-05-10,27,44.0,26.0,23.0,30.285715,31.071428,1.68,0.0,0,1,5,2016,1
FOODS_3_555,FOODS_3,FOODS,CA_3,2016-05-11,37,27.0,35.0,20.0,30.428572,31.214285,1.68,0.0,0,2,5,2016,0
FOODS_3_555,FOODS_3,FOODS,CA_3,2016-05-12,33,37.0,20.0,14.0,30.714285,31.821428,1.68,0.0,0,3,5,2016,0
FOODS_3_555,FOODS_3,FOODS,CA_3,2016-05-13,39,33.0,30.0,31.0,32.57143,32.5,1.68,0.0,0,4,5,2016,0
FOODS_3_555,FOODS_3,FOODS,CA_3,2016-05-14,33,39.0,26.0,46.0,33.857143,32.785713,1.68,0.0,1,5,5,2016,0
FOODS_3_555,FOODS_3,FOODS,CA_3,2016-05-15,21,33.0,31.0,49.0,34.857143,32.32143,1.68,0.0,1,6,5,2016,0
FOODS_3_555,FOODS_3,FOODS,CA_3,2016-05-16,32,21.0,44.0,31.0,33.42857,31.321428,1.68,0.0,0,0,5,2016,0
FOODS_3_555,FOODS_3,FOODS,CA_3,2016-05-17,23,32.0,27.0,31.0,31.714285,31.357143,1.68,0.0,0,1,5,2016,0
FOODS_3_555,FOODS_3,FOODS,CA_3,2016-05-18,32,23.0,37.0,27.0,31.142857,31.071428,1.68,0.0,0,2,5,2016,0
FOODS_3_555,FOODS_3,FOODS,CA_3,2016-05-19,29,32.0,33.0,26.0,30.428572,31.25,1.68,0.0,0,3,5,2016,0
FOODS_3_555,FOODS_3,FOODS,CA_3,2016-05-20,31,29.0,39.0,30.0,29.857143,31.357143,1.68,0.0,0,4,5,2016,0
FOODS_3_555,FOODS_3,FOODS,CA_3,2016-05-21,43,31.0,33.0,33.0,28.714285,31.392857,1.68,0.0,1,5,5,2016,0
FOODS_3_555,FOODS_3,FOODS,CA_3,2016-05-22,54,43.0,21.0,36.0,30.142857,31.75,1.68,0.0,1,6,5,2016,0
FOODS_3_555,FOODS_3,FOODS,CA_4,2016-04-25,5,7.0,7.0,8.0,7.285714,7.607143,1.68,0.0,0,0,4,2016,0
FOODS_3_555,FOODS_3,FOODS,CA_4,2016-04-26,5,5.0,9.0,6.0,7.0,7.5,1.68,0.0,0,1,4,2016,0
FOODS_3_555,FOODS_3,FOODS,CA_4,2016-04-27,4,5.0,7.0,5.0,6.428571,7.464286,1.68,0.0,0,2,4,2016,0
FOODS_3_555,FOODS_3,FOODS,CA_4,2016-04-28,4,4.0,9.0,6.0,6.0,7.428571,1.68,0.0,0,3,4,2016,0
FOODS_3_555,FOODS_3,FOODS,CA_4,2016-04-29,7,4.0,5.0,17.0,5.285714,7.357143,1.68,0.0,0,4,4,2016,0
FOODS_3_555,FOODS_3,FOODS,CA_4,2016-04-30,8,7.0,7.0,11.0,5.571429,7.0,1.68,0.0,1,5,4,2016,0
FOODS_3_555,FOODS_3,FOODS,CA_4,2016-05-01,7,8.0,7.0,6.0,5.714286,6.892857,1.68,0.0,1,6,5,2016,1
FOODS_3_555,FOODS_3,FOODS,CA_4,2016-05-02,8,7.0,5.0,8.0,5.714286,6.928571,1.68,0.0,0,0,5,2016,1
FOODS_3_555,FOODS_3,FOODS,CA_4,2016-05-03,5,8.0,5.0,5.0,6.142857,6.928571,1.68,0.0,0,1,5,2016,1
FOODS_3_555,FOODS_3,FOODS,CA_4,2016-05-04,7,5.0,4.0,8.0,6.142857,6.928571,1.68,0.0,0,2,5,2016,1
FOODS_3_555,FOODS_3,FOODS,CA_4,2016-05-05,9,7.0,4.0,7.0,6.571429,6.892857,1.68,0.0,0,3,5,2016,1
FOODS_3_555,FOODS_3,FOODS,CA_4,2016-05-06,9,9.0,7.0,2.0,7.285714,6.964286,1.68,0.0,0,4,5,2016,1
FOODS_3_555,FOODS_3,FOODS,CA_4,2016-05-07,6,9.0,8.0,10.0,7.571429,7.214286,1.68,0.0,1,5,5,2016,1
FOODS_3_555,FOODS_3,FOODS,CA_4,2016-05-08,10,6.0,7.0,5.0,7.285714,7.071429,1.68,0.0,1,6,5,2016,1
FOODS_3_555,FOODS_3,FOODS,CA_4,2016-05-09,6,10.0,8.0,14.0,7.714286,7.25,1.68,0.0,0,0,5,2016,1
FOODS_3_555,FOODS_3,FOODS,CA_4,2016-05-10,13,6.0,5.0,6.0,7.428571,6.964286,1.68,0.0,0,1,5,2016,1
FOODS_3_555,FOODS_3,FOODS,CA_4,2016-05-11,7,13.0,7.0,5.0,8.571428,7.214286,1.68,0.0,0,2,5,2016,0
FOODS_3_555,FOODS_3,FOODS,CA_4,2016-05-12,8,7.0,9.0,6.0,8.571428,7.285714,1.68,0.0,0,3,5,2016,0
FOODS_3_555,FOODS_3,FOODS,CA_4,2016-05-13,12,8.0,9.0,10.0,8.428572,7.357143,1.68,0.0,0,4,5,2016,0
FOODS_3_555,FOODS_3,FOODS,CA_4,2016-05-14,9,12.0,6.0,8.0,8.857142,7.428571,1.68,0.0,1,5,5,2016,0
FOODS_3_555,FOODS_3,FOODS,CA_4,2016-05-15,8,9.0,10.0,9.0,9.285714,7.464286,1.68,0.0,1,6,5,2016,0
FOODS_3_555,FOODS_3,FOODS,CA_4,2016-05-16,11,8.0,6.0,7.0,9.0,7.428571,1.68,0.0,0,0,5,2016,0
FOODS_3_555,FOODS_3,FOODS,CA_4,2016-05-17,12,11.0,13.0,9.0,9.714286,7.571429,1.68,0.0,0,1,5,2016,0
FOODS_3_555,FOODS_3,FOODS,CA_4,2016-05-18,8,12.0,7.0,7.0,9.571428,7.678571,1.68,0.0,0,2,5,2016,0
FOODS_3_555,FOODS_3,FOODS,CA_4,2016-05-19,8,8.0,8.0,9.0,9.714286,7.714286,1.68,0.0,0,3,5,2016,0
FOODS_3_555,FOODS_3,FOODS,CA_4,2016-05-20,10,8.0,12.0,5.0,9.714286,7.678571,1.68,0.0,0,4,5,2016,0
FOODS_3_555,FOODS_3,FOODS,CA_4,2016-05-21,12,10.0,9.0,7.0,9.428572,7.857143,1.68,0.0,1,5,5,2016,0
FOODS_3_555,FOODS_3,FOODS,CA_4,2016-05-22,7,12.0,8.0,7.0,9.857142,8.035714,1.68,0.0,1,6,5,2016,0
FOODS_3_586,FOODS_3,FOODS,CA_1,2016-04-25,40,54.0,30.0,27.0,38.285713,38.392857,1.68,0.0,0,0,4,2016,0
FOODS_3_586,FOODS_3,FOODS,CA_1,2016-04-26,29,40.0,40.0,32.0,39.714287,38.857143,1.68,0.0,0,1,4,2016,0
FOODS_3_586,FOODS_3,FOODS,CA_1,2016-04-27,30,29.0,31.0,26.0,38.142857,38.75,1.68,0.0,0,2,4,2016,0
FOODS_3_586,FOODS_3,FOODS,CA_1,2016-04-28,27,30.0,45.0,28.0,38.0,38.892857,1.68,0.0,0,3,4,2016,0
FOODS_3_586,FOODS_3,FOODS,CA_1,2016-04-29,36,27.0,28.0,36.0,35.42857,38.857143,1.68,0.0,0,4,4,2016,0
FOODS_3_586,FOODS_3,FOODS,CA_1,2016-04-30,52,36.0,40.0,65.0,36.57143,38.857143,1.68,0.0,1,5,4,2016,0
FOODS_3_586,FOODS_3,FOODS,CA_1,2016-05-01,52,52.0,54.0,54.0,38.285713,38.392857,1.68,0.0,1,6,5,2016,1
FOODS_3_586,FOODS_3,FOODS,CA_1,2016-05-02,41,52.0,40.0,30.0,38.0,38.32143,1.68,0.0,0,0,5,2016,1
FOODS_3_586,FOODS_3,FOODS,CA_1,2016-05-03,39,41.0,29.0,37.0,38.142857,38.714287,1.68,0.0,0,1,5,2016,1
FOODS_3_586,FOODS_3,FOODS,CA_1,2016-05-04,34,39.0,30.0,27.0,39.57143,38.785713,1.68,0.0,0,2,5,2016,1
FOODS_3_586,FOODS_3,FOODS,CA_1,2016-05-05,39,34.0,27.0,35.0,40.142857,39.035713,1.68,0.0,0,3,5,2016,1
FOODS_3_586,FOODS_3,FOODS,CA_1,2016-05-06,43,39.0,36.0,41.0,41.857143,39.17857,1.68,0.0,0,4,5,2016,1
FOODS_3_586,FOODS_3,FOODS,CA_1,2016-05-07,52,43.0,52.0,60.0,42.857143,39.25,1.68,0.0,1,5,5,2016,1
FOODS_3_586,FOODS_3,FOODS,CA_1,2016-05-08,61,52.0,52.0,48.0,42.857143,38.964287,1.68,0.0,1,6,5,2016,1
FOODS_3_586,FOODS_3,FOODS,CA_1,2016-05-09,48,61.0,41.0,36.0,44.142857,39.42857,1.68,0.0,0,0,5,2016,1
FOODS_3_586,FOODS_3,FOODS,CA_1,2016-05-10,41,48.0,39.0,29.0,45.142857,39.857143,1.68,0.0,0,1,5,2016,1
FOODS_3_586,FOODS_3,FOODS,CA_1,2016-05-11,34,41.0,34.0,20.0,45.42857,40.285713,1.68,0.0,0,2,5,2016,0
FOODS_3_586,FOODS_3,FOODS,CA_1,2016-05-12,44,34.0,39.0,43.0,45.42857,40.785713,1.68,0.0,0,3,5,2016,0
FOODS_3_586,FOODS_3,FOODS,CA_1,2016-05-13,42,44.0,43.0,32.0,46.142857,40.82143,1.68,0.0,0,4,5,2016,0
FOODS_3_586,FOODS_3,FOODS,CA_1,2016-05-14,45,42.0,52.0,37.0,46.0,41.17857,1.68,0.0,1,5,5,2016,0
FOODS_3_586,FOODS_3,FOODS,CA_1,2016-05-15,71,45.0,61.0,64.0,45.0,41.464287,1.68,0.0,1,6,5,2016,0
FOODS_3_586,FOODS_3,FOODS,CA_1,2016-05-16,34,71.0,48.0,30.0,46.42857,41.714287,1.68,0.0,0,0,5,2016,0
FOODS_3_586,FOODS_3,FOODS,CA_1,2016-05-17,46,34.0,41.0,40.0,44.42857,41.857143,1.68,0.0,0,1,5,2016,0
FOODS_3_586,FOODS_3,FOODS,CA_1,2016-05-18,33,46.0,34.0,31.0,45.142857,42.07143,1.68,0.0,0,2,5,2016,0
FOODS_3_586,FOODS_3,FOODS,CA_1,2016-05-19,18,33.0,44.0,45.0,45.0,42.142857,1.68,0.0,0,3,5,2016,0
FOODS_3_586,FOODS_3,FOODS,CA_1,2016-05-20,33,18.0,42.0,28.0,41.285713,41.17857,1.68,0.0,0,4,5,2016,0
FOODS_3_586,FOODS_3,FOODS,CA_1,2016-05-21,48,33.0,45.0,40.0,40.0,41.357143,1.68,0.0,1,5,5,2016,0
FOODS_3_586,FOODS_3,FOODS,CA_1,2016-05-22,43,48.0,71.0,54.0,40.42857,41.642857,1.68,0.0,1,6,5,2016,0
FOODS_3_586,FOODS_3,FOODS,CA_2,2016-04-25,24,36.0,26.0,26.0,36.0,32.75,1.68,0.0,0,0,4,2016,0
FOODS_3_586,FOODS_3,FOODS,CA_2,2016-04-26,32,24.0,45.0,27.0,35.714287,32.67857,1.68,0.0,0,1,4,2016,0
FOODS_3_586,FOODS_3,FOODS,CA_2,2016-04-27,23,32.0,42.0,26.0,33.857143,32.857143,1.68,0.0,0,2,4,2016,0
FOODS_3_586,FOODS_3,FOODS,CA_2,2016-04-28,30,23.0,30.0,28.0,31.142857,32.75,1.68,0.0,0,3,4,2016,0
FOODS_3_586,FOODS_3,FOODS,CA_2,2016-04-29,37,30.0,34.0,30.0,31.142857,32.82143,1.68,0.0,0,4,4,2016,0
FOODS_3_586,FOODS_3,FOODS,CA_2,2016-04-30,45,37.0,39.0,49.0,31.571428,33.07143,1.68,0.0,1,5,4,2016,0
FOODS_3_586,FOODS_3,FOODS,CA_2,2016-05-01,45,45.0,36.0,34.0,32.42857,32.92857,1.68,0.0,1,6,5,2016,1
FOODS_3_586,FOODS_3,FOODS,CA_2,2016-05-02,32,45.0,24.0,26.0,33.714287,33.32143,1.68,0.0,0,0,5,2016,1
FOODS_3_586,FOODS_3,FOODS,CA_2,2016-05-03,37,32.0,32.0,25.0,34.857143,33.535713,1.68,0.0,0,1,5,2016,1
FOODS_3_586,FOODS_3,FOODS,CA_2,2016-05-04,32,37.0,23.0,27.0,35.57143,33.964287,1.68,0.0,0,2,5,2016,1
FOODS_3_586,FOODS_3,FOODS,CA_2,2016-05-05,24,32.0,30.0,33.0,36.857143,34.142857,1.68,0.0,0,3,5,2016,1
FOODS_3_586,FOODS_3,FOODS,CA_2,2016-05-06,39,24.0,37.0,36.0,36.0,33.82143,1.68,0.0,0,4,5,2016,1
FOODS_3_586,FOODS_3,FOODS,CA_2,2016-05-07,50,39.0,45.0,49.0,36.285713,33.92857,1.68,0.0,1,5,5,2016,1
FOODS_3_586,FOODS_3,FOODS,CA_2,2016-05-08,38,50.0,45.0,30.0,37.0,33.964287,1.68,0.0,1,6,5,2016,1
FOODS_3_586,FOODS_3,FOODS,CA_2,2016-05-09,18,38.0,32.0,38.0,36.0,34.25,1.68,0.0,0,0,5,2016,1
FOODS_3_586,FOODS_3,FOODS,CA_2,2016-05-10,37,18.0,37.0,24.0,34.0,33.535713,1.68,0.0,0,1,5,2016,1
FOODS_3_586,FOODS_3,FOODS,CA_2,2016-05-11,30,37.0,32.0,29.0,34.0,34.0,1.68,0.0,0,2,5,2016,0
FOODS_3_586,FOODS_3,FOODS,CA_2,2016-05-12,28,30.0,24.0,18.0,33.714287,34.035713,1.68,0.0,0,3,5,2016,0
FOODS_3_586,FOODS_3,FOODS,CA_2,2016-05-13,41,28.0,39.0,24.0,34.285713,34.392857,1.68,0.0,0,4,5,2016,0
FOODS_3_586,FOODS_3,FOODS,CA_2,2016-05-14,45,41.0,50.0,47.0,34.57143,35.0,1.68,0.0,1,5,5,2016,0
FOODS_3_586,FOODS_3,FOODS,CA_2,2016-05-15,41,45.0,38.0,39.0,33.857143,34.92857,1.68,0.0,1,6,5,2016,0
FOODS_3_586,FOODS_3,FOODS,CA_2,2016-05-16,29,41.0,18.0,26.0,34.285713,35.0,1.68,0.0,0,0,5,2016,0
FOODS_3_586,FOODS_3,FOODS,CA_2,2016-05-17,29,29.0,37.0,45.0,35.857143,35.107143,1.68,0.0,0,1,5,2016,0
FOODS_3_586,FOODS_3,FOODS,CA_2,2016-05-18,38,29.0,30.0,42.0,34.714287,34.535713,1.68,0.0,0,2,5,2016,0
FOODS_3_586,FOODS_3,FOODS,CA_2,2016-05-19,41,38.0,28.0,30.0,35.857143,34.392857,1.68,0.0,0,3,5,2016,0
FOODS_3_586,FOODS_3,FOODS,CA_2,2016-05-20,30,41.0,41.0,34.0,37.714287,34.785713,1.68,0.0,0,4,5,2016,0
FOODS_3_586,FOODS_3,FOODS,CA_2,2016-05-21,48,30.0,45.0,39.0,36.142857,34.642857,1.68,0.0,1,5,5,2016,0
FOODS_3_586,FOODS_3,FOODS,CA_2,2016-05-22,62,48.0,41.0,36.0,36.57143,34.964287,1.68,0.0,1,6,5,2016,0
FOODS_3_586,FOODS_3,FOODS,CA_3,2016-04-25,74,78.0,77.0,60.0,69.0,66.92857,1.68,0.0,0,0,4,2016,0
FOODS_3_586,FOODS_3,FOODS,CA_3,2016-04-26,61,74.0,75.0,53.0,68.57143,67.42857,1.68,0.0,0,1,4,2016,0
FOODS_3_586,FOODS_3,FOODS,CA_3,2016-04-27,45,61.0,70.0,44.0,66.57143,67.71429,1.68,0.0,0,2,4,2016,0
FOODS_3_586,FOODS_3,FOODS,CA_3,2016-04-28,59,45.0,48.0,42.0,63.0,67.75,1.68,0.0,0,3,4,2016,0
FOODS_3_586,FOODS_3,FOODS,CA_3,2016-04-29,65,59.0,61.0,62.0,64.57143,68.35714,1.68,0.0,0,4,4,2016,0
FOODS_3_586,FOODS_3,FOODS,CA_3,2016-04-30,76,65.0,74.0,72.0,65.14286,68.46429,1.68,0.0,1,5,4,2016,0
FOODS_3_586,FOODS_3,FOODS,CA_3,2016-05-01,114,76.0,78.0,73.0,65.42857,68.60714,1.68,0.0,1,6,5,2016,1
FOODS_3_586,FOODS_3,FOODS,CA_3,2016-05-02,59,114.0,74.0,60.0,70.57143,70.07143,1.68,0.0,0,0,5,2016,1
FOODS_3_586,FOODS_3,FOODS,CA_3,2016-05-03,53,59.0,61.0,70.0,68.42857,70.03571,1.68,0.0,0,1,5,2016,1
FOODS_3_586,FOODS_3,FOODS,CA_3,2016-05-04,60,53.0,45.0,75.0,67.28571,69.42857,1.68,0.0,0,2,5,2016,1
FOODS_3_586,FOODS_3,FOODS,CA_3,2016-05-05,55,60.0,59.0,69.0,69.42857,68.89286,1.68,0.0,0,3,5,2016,1
FOODS_3_586,FOODS_3,FOODS,CA_3,2016-05-06,51,55.0,65.0,58.0,68.85714,68.39286,1.68,0.0,0,4,5,2016,1
FOODS_3_586,FOODS_3,FOODS,CA_3,2016-05-07,72,51.0,76.0,84.0,66.85714,68.14286,1.68,0.0,1,5,5,2016,1
FOODS_3_586,FOODS_3,FOODS,CA_3,2016-05-08,75,72.0,114.0,85.0,66.28571,67.71429,1.68,0.0,1,6,5,2016,1
FOODS_3_586,FOODS_3,FOODS,CA_3,2016-05-09,70,75.0,59.0,76.0,60.714287,67.35714,1.68,0.0,0,0,5,2016,1
FOODS_3_586,FOODS_3,FOODS,CA_3,2016-05-10,73,70.0,53.0,60.0,62.285713,67.14286,1.68,0.0,0,1,5,2016,1
FOODS_3_586,FOODS_3,FOODS,CA_3,2016-05-11,59,73.0,60.0,52.0,65.14286,67.60714,1.68,0.0,0,2,5,2016,0
FOODS_3_586,FOODS_3,FOODS,CA_3,2016-05-12,55,59.0,55.0,63.0,65.0,67.85714,1.68,0.0,0,3,5,2016,0
FOODS_3_586,FOODS_3,FOODS,CA_3,2016-05-13,61,55.0,51.0,57.0,65.0,67.57143,1.68,0.0,0,4,5,2016,0
FOODS_3_586,FOODS_3,FOODS,CA_3,2016-05-14,82,61.0,72.0,85.0,66.42857,67.71429,1.68,0.0,1,5,5,2016,0
FOODS_3_586,FOODS_3,FOODS,CA_3,2016-05-15,72,82.0,75.0,91.0,67.85714,67.60714,1.68,0.0,1,6,5,2016,0
FOODS_3_586,FOODS_3,FOODS,CA_3,2016-05-16,63,72.0,70.0,77.0,67.42857,66.92857,1.68,0.0,0,0,5,2016,0
FOODS_3_586,FOODS_3,FOODS,CA_3,2016-05-17,74,63.0,73.0,75.0,66.42857,66.42857,1.68,0.0,0,1,5,2016,0
FOODS_3_586,FOODS_3,FOODS,CA_3,2016-05-18,73,74.0,59.0,70.0,66.57143,66.39286,1.68,0.0,0,2,5,2016,0
FOODS_3_586,FOODS_3,FOODS,CA_3,2016-05-19,66,73.0,55.0,48.0,68.57143,66.5,1.68,0.0,0,3,5,2016,0
FOODS_3_586,FOODS_3,FOODS,CA_3,2016-05-20,59,66.0,61.0,61.0,70.14286,67.14286,1.68,0.0,0,4,5,2016,0
FOODS_3_586,FOODS_3,FOODS,CA_3,2016-05-21,68,59.0,82.0,74.0,69.85714,67.07143,1.68,0.0,1,5,5,2016,0
FOODS_3_586,FOODS_3,FOODS,CA_3,2016-05-22,89,68.0,72.0,78.0,67.85714,66.85714,1.68,0.0,1,6,5,2016,0
FOODS_3_586,FOODS_3,FOODS,CA_4,2016-04-25,10,19.0,14.0,16.0,15.857142,16.285715,1.68,0.0,0,0,4,2016,0
FOODS_3_586,FOODS_3,FOODS,CA_4,2016-04-26,15,10.0,20.0,12.0,15.285714,16.071428,1.68,0.0,0,1,4,2016,0
FOODS_3_586,FOODS_3,FOODS,CA_4,2016-04-27,12,15.0,12.0,9.0,14.571428,16.178572,1.68,0.0,0,2,4,2016,0
FOODS_3_586,FOODS_3,FOODS,CA_4,2016-04-28,18,12.0,18.0,18.0,14.571428,16.285715,1.68,0.0,0,3,4,2016,0
FOODS_3_586,FOODS_3,FOODS,CA_4,2016-04-29,18,18.0,8.0,25.0,14.571428,16.285715,1.68,0.0,0,4,4,2016,0
FOODS_3_586,FOODS_3,FOODS,CA_4,2016-04-30,23,18.0,20.0,23.0,16.0,16.035715,1.68,0.0,1,5,4,2016,0
FOODS_3_586,FOODS_3,FOODS,CA_4,2016-05-01,16,23.0,19.0,19.0,16.428572,16.035715,1.68,0.0,1,6,5,2016,1
FOODS_3_586,FOODS_3,FOODS,CA_4,2016-05-02,16,16.0,10.0,16.0,16.0,15.928572,1.68,0.0,0,0,5,2016,1
FOODS_3_586,FOODS_3,FOODS,CA_4,2016-05-03,18,16.0,15.0,12.0,16.857143,15.928572,1.68,0.0,0,1,5,2016,1
FOODS_3_586,FOODS_3,FOODS,CA_4,2016-05-04,8,18.0,12.0,18.0,17.285715,16.142857,1.68,0.0,0,2,5,2016,1
FOODS_3_586,FOODS_3,FOODS,CA_4,2016-05-05,21,8.0,18.0,22.0,16.714285,15.785714,1.68,0.0,0,3,5,2016,1
FOODS_3_586,FOODS_3,FOODS,CA_4,2016-05-06,12,21.0,18.0,18.0,17.142857,15.75,1.68,0.0,0,4,5,2016,1
FOODS_3_586,FOODS_3,FOODS,CA_4,2016-05-07,9,12.0,23.0,14.0,16.285715,15.535714,1.68,0.0,1,5,5,2016,1
FOODS_3_586,FOODS_3,FOODS,CA_4,2016-05-08,16,9.0,16.0,6.0,14.285714,15.357142,1.68,0.0,1,6,5,2016,1
FOODS_3_586,FOODS_3,FOODS,CA_4,2016-05-09,21,16.0,16.0,13.0,14.285714,15.714286,1.68,0.0,0,0,5,2016,1
FOODS_3_586,FOODS_3,FOODS,CA_4,2016-05-10,25,21.0,18.0,15.0,15.0,16.0,1.68,0.0,0,1,5,2016,1
FOODS_3_586,FOODS_3,FOODS,CA_4,2016-05-11,37,25.0,8.0,13.0,16.0,16.357143,1.68,0.0,0,2,5,2016,0
FOODS_3_586,FOODS_3,FOODS,CA_4,2016-05-12,14,37.0,21.0,23.0,20.142857,17.214285,1.68,0.0,0,3,5,2016,0
FOODS_3_586,FOODS_3,FOODS,CA_4,2016-05-13,12,14.0,12.0,15.0,19.142857,16.892857,1.68,0.0,0,4,5,2016,0
FOODS_3_586,FOODS_3,FOODS,CA_4,2016-05-14,25,12.0,9.0,20.0,19.142857,16.785715,1.68,0.0,1,5,5,2016,0
FOODS_3_586,FOODS_3,FOODS,CA_4,2016-05-15,16,25.0,16.0,18.0,21.428572,16.964285,1.68,0.0,1,6,5,2016,0
FOODS_3_586,FOODS_3,FOODS,CA_4,2016-05-16,17,16.0,21.0,14.0,21.428572,16.892857,1.68,0.0,0,0,5,2016,0
FOODS_3_586,FOODS_3,FOODS,CA_4,2016-05-17,28,17.0,25.0,20.0,20.857143,17.0,1.68,0.0,0,1,5,2016,0
FOODS_3_586,FOODS_3,FOODS,CA_4,2016-05-18,16,28.0,37.0,12.0,21.285715,17.285715,1.68,0.0,0,2,5,2016,0
FOODS_3_586,FOODS_3,FOODS,CA_4,2016-05-19,11,16.0,14.0,18.0,18.285715,17.428572,1.68,0.0,0,3,5,2016,0
FOODS_3_586,FOODS_3,FOODS,CA_4,2016-05-20,17,11.0,12.0,8.0,17.857143,17.178572,1.68,0.0,0,4,5,2016,0
FOODS_3_586,FOODS_3,FOODS,CA_4,2016-05-21,25,17.0,25.0,20.0,18.571428,17.5,1.68,0.0,1,5,5,2016,0
FOODS_3_586,FOODS_3,FOODS,CA_4,2016-05-22,13,25.0,16.0,19.0,18.571428,17.678572,1.68,0.0,1,6,5,2016,0
FOODS_3_587,FOODS_3,FOODS,CA_1,2016-04-25,19,26.0,16.0,38.0,17.428572,22.964285,2.48,0.0,0,0,4,2016,0
FOODS_3_587,FOODS_3,FOODS,CA_1,2016-04-26,13,19.0,10.0,26.0,17.857143,22.285715,2.48,0.0,0,1,4,2016,0
FOODS_3_587,FOODS_3,FOODS,CA_1,2016-04-27,21,13.0,15.0,25.0,18.285715,21.821428,2.48,0.0,0,2,4,2016,0
FOODS_3_587,FOODS_3,FOODS,CA_1,2016-04-28,5,21.0,10.0,15.0,19.142857,21.678572,2.48,0.0,0,3,4,2016,0
FOODS_3_587,FOODS_3,FOODS,CA_1,2016-04-29,19,5.0,21.0,15.0,18.428572,21.321428,2.48,0.0,0,4,4,2016,0
FOODS_3_587,FOODS_3,FOODS,CA_1,2016-04-30,16,19.0,24.0,27.0,18.142857,21.464285,2.48,0.0,1,5,4,2016,0
FOODS_3_587,FOODS_3,FOODS,CA_1,2016-05-01,26,16.0,26.0,29.0,17.0,21.071428,2.48,0.0,1,6,5,2016,1
FOODS_3_587,FOODS_3,FOODS,CA_1,2016-05-02,25,26.0,19.0,23.0,17.0,20.964285,2.48,0.0,0,0,5,2016,1
FOODS_3_587,FOODS_3,FOODS,CA_1,2016-05-03,17,25.0,13.0,21.0,17.857143,21.035715,2.48,0.0,0,1,5,2016,1
FOODS_3_587,FOODS_3,FOODS,CA_1,2016-05-04,17,17.0,21.0,21.0,18.428572,20.892857,2.48,0.0,0,2,5,2016,1
FOODS_3_587,FOODS_3,FOODS,CA_1,2016-05-05,20,17.0,5.0,16.0,17.857143,20.75,2.48,0.0,0,3,5,2016,1
FOODS_3_587,FOODS_3,FOODS,CA_1,2016-05-06,14,20.0,19.0,22.0,20.0,20.892857,2.48,0.0,0,4,5,2016,1
FOODS_3_587,FOODS_3,FOODS,CA_1,2016-05-07,25,14.0,16.0,24.0,19.285715,20.607143,2.48,0.0,1,5,5,2016,1
FOODS_3_587,FOODS_3,FOODS,CA_1,2016-05-08,21,25.0,26.0,43.0,20.571428,20.642857,2.48,0.0,1,6,5,2016,1
FOODS_3_587,FOODS_3,FOODS,CA_1,2016-05-09,23,21.0,25.0,33.0,19.857143,19.857143,2.48,0.0,0,0,5,2016,1
FOODS_3_587,FOODS_3,FOODS,CA_1,2016-05-10,10,23.0,17.0,16.0,19.571428,19.5,2.48,0.0,0,1,5,2016,1
FOODS_3_587,FOODS_3,FOODS,CA_1,2016-05-11,21,10.0,17.0,23.0,18.571428,19.285715,2.48,0.0,0,2,5,2016,0
FOODS_3_587,FOODS_3,FOODS,CA_1,2016-05-12,12,21.0,20.0,21.0,19.142857,19.214285,2.48,0.0,0,3,5,2016,0
FOODS_3_587,FOODS_3,FOODS,CA_1,2016-05-13,21,12.0,14.0,20.0,18.0,18.892857,2.48,0.0,0,4,5,2016,0
FOODS_3_587,FOODS_3,FOODS,CA_1,2016-05-14,20,21.0,25.0,27.0,19.0,18.928572,2.48,0.0,1,5,5,2016,0
FOODS_3_587,FOODS_3,FOODS,CA_1,2016-05-15,29,20.0,21.0,36.0,18.285715,18.678572,2.48,0.0,1,6,5,2016,0
FOODS_3_587,FOODS_3,FOODS,CA_1,2016-05-16,40,29.0,23.0,16.0,19.428572,18.428572,2.48,0.0,0,0,5,2016,0
FOODS_3_587,FOODS_3,FOODS,CA_1,2016-05-17,21,40.0,10.0,10.0,21.857143,19.285715,2.48,0.0,0,1,5,2016,0
FOODS_3_587,FOODS_3,FOODS,CA_1,2016-05-18,24,21.0,21.0,15.0,23.428572,19.678572,2.48,0.0,0,2,5,2016,0
FOODS_3_587,FOODS_3,FOODS,CA_1,2016-05-19,29,24.0,12.0,10.0,23.857143,20.0,2.48,0.0,0,3,5,2016,0
FOODS_3_587,FOODS_3,FOODS,CA_1,2016-05-20,40,29.0,21.0,21.0,26.285715,20.678572,2.48,0.0,0,4,5,2016,0
FOODS_3_587,FOODS_3,FOODS,CA_1,2016-05-21,39,40.0,20.0,24.0,29.0,21.357143,2.48,0.0,1,5,5,2016,0
FOODS_3_587,FOODS_3,FOODS,CA_1,2016-05-22,52,39.0,29.0,26.0,31.714285,21.892857,2.48,0.0,1,6,5,2016,0
FOODS_3_587,FOODS_3,FOODS,CA_2,2016-04-25,28,25.0,15.0,12.0,17.142857,15.25,2.48,0.0,0,0,4,2016,0
FOODS_3_587,FOODS_3,FOODS,CA_2,2016-04-26,16,28.0,17.0,8.0,19.0,15.821428,2.48,0.0,0,1,4,2016,0
FOODS_3_587,FOODS_3,FOODS,CA_2,2016-04-27,10,16.0,14.0,8.0,18.857143,16.107143,2.48,0.0,0,2,4,2016,0
FOODS_3_587,FOODS_3,FOODS,CA_2,2016-04-28,10,10.0,18.0,9.0,18.285715,16.178572,2.48,0.0,0,3,4,2016,0
FOODS_3_587,FOODS_3,FOODS,CA_2,2016-04-29,21,10.0,16.0,10.0,17.142857,16.214285,2.48,0.0,0,4,4,2016,0
FOODS_3_587,FOODS_3,FOODS,CA_2,2016-04-30,29,21.0,15.0,19.0,17.857143,16.607143,2.48,0.0,1,5,4,2016,0
FOODS_3_587,FOODS_3,FOODS,CA_2,2016-05-01,33,29.0,25.0,26.0,19.857143,16.964285,2.48,0.0,1,6,5,2016,1
FOODS_3_587,FOODS_3,FOODS,CA_2,2016-05-02,20,33.0,28.0,15.0,21.0,17.214285,2.48,0.0,0,0,5,2016,1
FOODS_3_587,FOODS_3,FOODS,CA_2,2016-05-03,19,20.0,16.0,12.0,19.857143,17.392857,2.48,0.0,0,1,5,2016,1
FOODS_3_587,FOODS_3,FOODS,CA_2,2016-05-04,26,19.0,10.0,11.0,20.285715,17.642857,2.48,0.0,0,2,5,2016,1
FOODS_3_587,FOODS_3,FOODS,CA_2,2016-05-05,10,26.0,10.0,13.0,22.571428,18.178572,2.48,0.0,0,3,5,2016,1
FOODS_3_587,FOODS_3,FOODS,CA_2,2016-05-06,19,10.0,21.0,15.0,22.571428,18.071428,2.48,0.0,0,4,5,2016,1
FOODS_3_587,FOODS_3,FOODS,CA_2,2016-05-07,32,19.0,29.0,25.0,22.285715,18.214285,2.48,0.0,1,5,5,2016,1
FOODS_3_587,FOODS_3,FOODS,CA_2,2016-05-08,23,32.0,33.0,19.0,22.714285,18.464285,2.48,0.0,1,6,5,2016,1
FOODS_3_587,FOODS_3,FOODS,CA_2,2016-05-09,14,23.0,20.0,24.0,21.285715,18.607143,2.48,0.0,0,0,5,2016,1
FOODS_3_587,FOODS_3,FOODS,CA_2,2016-05-10,27,14.0,19.0,9.0,20.428572,18.25,2.48,0.0,0,1,5,2016,1
FOODS_3_587,FOODS_3,FOODS,CA_2,2016-05-11,15,27.0,26.0,14.0,21.571428,18.892857,2.48,0.0,0,2,5,2016,0
FOODS_3_587,FOODS_3,FOODS,CA_2,2016-05-12,14,15.0,10.0,9.0,20.0,18.928572,2.48,0.0,0,3,5,2016,0
FOODS_3_587,FOODS_3,FOODS,CA_2,2016-05-13,29,14.0,19.0,13.0,20.571428,19.107143,2.48,0.0,0,4,5,2016,0
FOODS_3_587,FOODS_3,FOODS,CA_2,2016-05-14,28,29.0,32.0,18.0,22.0,19.678572,2.48,0.0,1,5,5,2016,0
FOODS_3_587,FOODS_3,FOODS,CA_2,2016-05-15,39,28.0,23.0,18.0,21.428572,20.035715,2.48,0.0,1,6,5,2016,0
FOODS_3_587,FOODS_3,FOODS,CA_2,2016-05-16,16,39.0,14.0,15.0,23.714285,20.785715,2.48,0.0,0,0,5,2016,0
FOODS_3_587,FOODS_3,FOODS,CA_2,2016-05-17,14,16.0,27.0,17.0,24.0,20.821428,2.48,0.0,0,1,5,2016,0
FOODS_3_587,FOODS_3,FOODS,CA_2,2016-05-18,11,14.0,15.0,14.0,22.142857,20.714285,2.48,0.0,0,2,5,2016,0
FOODS_3_587,FOODS_3,FOODS,CA_2,2016-05-19,15,11.0,14.0,18.0,21.571428,20.607143,2.48,0.0,0,3,5,2016,0
FOODS_3_587,FOODS_3,FOODS,CA_2,2016-05-20,19,15.0,29.0,16.0,21.714285,20.5,2.48,0.0,0,4,5,2016,0
FOODS_3_587,FOODS_3,FOODS,CA_2,2016-05-21,42,19.0,28.0,15.0,20.285715,20.607143,2.48,0.0,1,5,5,2016,0
FOODS_3_587,FOODS_3,FOODS,CA_2,2016-05-22,38,42.0,39.0,25.0,22.285715,21.571428,2.48,0.0,1,6,5,2016,0
FOODS_3_587,FOODS_3,FOODS,CA_3,2016-04-25,36,41.0,31.0,27.0,30.0,35.535713,2.48,0.0,0,0,4,2016,0
FOODS_3_587,FOODS_3,FOODS,CA_3,2016-04-26,22,36.0,25.0,60.0,30.714285,35.857143,2.48,0.0,0,1,4,2016,0
FOODS_3_587,FOODS_3,FOODS,CA_3,2016-04-27,23,22.0,25.0,28.0,30.285715,34.5,2.48,0.0,0,2,4,2016,0
FOODS_3_587,FOODS_3,FOODS,CA_3,2016-04-28,22,23.0,23.0,37.0,30.0,34.32143,2.48,0.0,0,3,4,2016,0
FOODS_3_587,FOODS_3,FOODS,CA_3,2016-04-29,22,22.0,37.0,24.0,29.857143,33.785713,2.48,0.0,0,4,4,2016,0
FOODS_3_587,FOODS_3,FOODS,CA_3,2016-04-30,23,22.0,28.0,37.0,27.714285,33.714287,2.48,0.0,1,5,4,2016,0
FOODS_3_587,FOODS_3,FOODS,CA_3,2016-05-01,56,23.0,41.0,48.0,27.0,33.214287,2.48,0.0,1,6,5,2016,1
FOODS_3_587,FOODS_3,FOODS,CA_3,2016-05-02,38,56.0,36.0,38.0,29.142857,33.5,2.48,0.0,0,0,5,2016,1
FOODS_3_587,FOODS_3,FOODS,CA_3,2016-05-03,30,38.0,22.0,34.0,29.428572,33.5,2.48,0.0,0,1,5,2016,1
FOODS_3_587,FOODS_3,FOODS,CA_3,2016-05-04,26,30.0,23.0,29.0,30.571428,33.357143,2.48,0.0,0,2,5,2016,1
FOODS_3_587,FOODS_3,FOODS,CA_3,2016-05-05,20,26.0,22.0,35.0,31.0,33.25,2.48,0.0,0,3,5,2016,1
FOODS_3_587,FOODS_3,FOODS,CA_3,2016-05-06,28,20.0,22.0,42.0,30.714285,32.714287,2.48,0.0,0,4,5,2016,1
FOODS_3_587,FOODS_3,FOODS,CA_3,2016-05-07,34,28.0,23.0,46.0,31.571428,32.214287,2.48,0.0,1,5,5,2016,1
FOODS_3_587,FOODS_3,FOODS,CA_3,2016-05-08,42,34.0,56.0,49.0,33.142857,31.785715,2.48,0.0,1,6,5,2016,1
FOODS_3_587,FOODS_3,FOODS,CA_3,2016-05-09,46,42.0,38.0,38.0,31.142857,31.535715,2.48,0.0,0,0,5,2016,1
FOODS_3_587,FOODS_3,FOODS,CA_3,2016-05-10,34,46.0,30.0,22.0,32.285713,31.821428,2.48,0.0,0,1,5,2016,1
FOODS_3_587,FOODS_3,FOODS,CA_3,2016-05-11,22,34.0,26.0,41.0,32.857143,32.25,2.48,0.0,0,2,5,2016,0
FOODS_3_587,FOODS_3,FOODS,CA_3,2016-05-12,26,22.0,20.0,29.0,32.285713,31.571428,2.48,0.0,0,3,5,2016,0
FOODS_3_587,FOODS_3,FOODS,CA_3,2016-05-13,20,26.0,28.0,33.0,33.142857,31.464285,2.48,0.0,0,4,5,2016,0
FOODS_3_587,FOODS_3,FOODS,CA_3,2016-05-14,35,20.0,34.0,28.0,32.0,31.0,2.48,0.0,1,5,5,2016,0
FOODS_3_587,FOODS_3,FOODS,CA_3,2016-05-15,61,35.0,42.0,60.0,32.142857,31.25,2.48,0.0,1,6,5,2016,0
FOODS_3_587,FOODS_3,FOODS,CA_3,2016-05-16,42,61.0,46.0,31.0,34.857143,31.285715,2.48,0.0,0,0,5,2016,0
FOODS_3_587,FOODS_3,FOODS,CA_3,2016-05-17,20,42.0,34.0,25.0,34.285713,31.678572,2.48,0.0,0,1,5,2016,0
FOODS_3_587,FOODS_3,FOODS,CA_3,2016-05-18,30,20.0,22.0,25.0,32.285713,31.5,2.48,0.0,0,2,5,2016,0
FOODS_3_587,FOODS_3,FOODS,CA_3,2016-05-19,25,30.0,26.0,23.0,33.42857,31.678572,2.48,0.0,0,3,5,2016,0
FOODS_3_587,FOODS_3,FOODS,CA_3,2016-05-20,19,25.0,20.0,37.0,33.285713,31.75,2.48,0.0,0,4,5,2016,0
FOODS_3_587,FOODS_3,FOODS,CA_3,2016-05-21,32,19.0,35.0,28.0,33.142857,31.107143,2.48,0.0,1,5,5,2016,0
FOODS_3_587,FOODS_3,FOODS,CA_3,2016-05-22,42,32.0,61.0,41.0,32.714287,31.25,2.48,0.0,1,6,5,2016,0
FOODS_3_587,FOODS_3,FOODS,CA_4,2016-04-25,13,29.0,16.0,10.0,18.857143,15.678572,2.48,0.0,0,0,4,2016,0
FOODS_3_587,FOODS_3,FOODS,CA_4,2016-04-26,14,13.0,28.0,15.0,18.428572,15.785714,2.48,0.0,0,1,4,2016,0
FOODS_3_587,FOODS_3,FOODS,CA_4,2016-04-27,16,14.0,13.0,16.0,16.428572,15.75,2.48,0.0,0,2,4,2016,0
FOODS_3_587,FOODS_3,FOODS,CA_4,2016-04-28,14,16.0,15.0,9.0,16.857143,15.75,2.48,0.0,0,3,4,2016,0
FOODS_3_587,FOODS_3,FOODS,CA_4,2016-04-29,9,14.0,9.0,13.0,16.714285,15.928572,2.48,0.0,0,4,4,2016,0
FOODS_3_587,FOODS_3,FOODS,CA_4,2016-04-30,14,9.0,22.0,14.0,16.714285,15.785714,2.48,0.0,1,5,4,2016,0
FOODS_3_587,FOODS_3,FOODS,CA_4,2016-05-01,19,14.0,29.0,22.0,15.571428,15.785714,2.48,0.0,1,6,5,2016,1
FOODS_3_587,FOODS_3,FOODS,CA_4,2016-05-02,12,19.0,13.0,14.0,14.142858,15.678572,2.48,0.0,0,0,5,2016,1
FOODS_3_587,FOODS_3,FOODS,CA_4,2016-05-03,9,12.0,14.0,17.0,14.0,15.607142,2.48,0.0,0,1,5,2016,1
FOODS_3_587,FOODS_3,FOODS,CA_4,2016-05-04,13,9.0,16.0,10.0,13.285714,15.321428,2.48,0.0,0,2,5,2016,1
FOODS_3_587,FOODS_3,FOODS,CA_4,2016-05-05,5,13.0,14.0,13.0,12.857142,15.428572,2.48,0.0,0,3,5,2016,1
FOODS_3_587,FOODS_3,FOODS,CA_4,2016-05-06,10,5.0,9.0,17.0,11.571428,15.142858,2.48,0.0,0,4,5,2016,1
FOODS_3_587,FOODS_3,FOODS,CA_4,2016-05-07,15,10.0,14.0,17.0,11.714286,14.892858,2.48,0.0,1,5,5,2016,1
FOODS_3_587,FOODS_3,FOODS,CA_4,2016-05-08,20,15.0,19.0,19.0,11.857142,14.821428,2.48,0.0,1,6,5,2016,1
FOODS_3_587,FOODS_3,FOODS,CA_4,2016-05-09,13,20.0,12.0,21.0,12.0,14.857142,2.48,0.0,0,0,5,2016,1
FOODS_3_587,FOODS_3,FOODS,CA_4,2016-05-10,9,13.0,9.0,10.0,12.142858,14.571428,2.48,0.0,0,1,5,2016,1
FOODS_3_587,FOODS_3,FOODS,CA_4,2016-05-11,5,9.0,13.0,14.0,12.142858,14.535714,2.48,0.0,0,2,5,2016,0
FOODS_3_587,FOODS_3,FOODS,CA_4,2016-05-12,10,5.0,5.0,15.0,11.0,14.214286,2.48,0.0,0,3,5,2016,0
FOODS_3_587,FOODS_3,FOODS,CA_4,2016-05-13,5,10.0,10.0,11.0,11.714286,14.035714,2.48,0.0,0,4,5,2016,0
FOODS_3_587,FOODS_3,FOODS,CA_4,2016-05-14,16,5.0,15.0,11.0,11.0,13.821428,2.48,0.0,1,5,5,2016,0
FOODS_3_587,FOODS_3,FOODS,CA_4,2016-05-15,8,16.0,20.0,19.0,11.142858,14.0,2.48,0.0,1,6,5,2016,0
FOODS_3_587,FOODS_3,FOODS,CA_4,2016-05-16,5,8.0,13.0,16.0,9.428572,13.607142,2.48,0.0,0,0,5,2016,0
FOODS_3_587,FOODS_3,FOODS,CA_4,2016-05-17,10,5.0,9.0,28.0,8.285714,13.214286,2.48,0.0,0,1,5,2016,0
FOODS_3_587,FOODS_3,FOODS,CA_4,2016-05-18,24,10.0,5.0,13.0,8.428572,12.571428,2.48,0.0,0,2,5,2016,0
FOODS_3_587,FOODS_3,FOODS,CA_4,2016-05-19,7,24.0,10.0,15.0,11.142858,12.964286,2.48,0.0,0,3,5,2016,0
FOODS_3_587,FOODS_3,FOODS,CA_4,2016-05-20,11,7.0,5.0,9.0,10.714286,12.678572,2.48,0.0,0,4,5,2016,0
FOODS_3_587,FOODS_3,FOODS,CA_4,2016-05-21,9,11.0,16.0,22.0,11.571428,12.75,2.48,0.0,1,5,5,2016,0
FOODS_3_587,FOODS_3,FOODS,CA_4,2016-05-22,13,9.0,8.0,29.0,10.571428,12.285714,2.48,0.0,1,6,5,2016,0
FOODS_3_681,FOODS_3,FOODS,CA_1,2016-04-25,5,26.0,17.0,7.0,19.714285,19.071428,1.0,0.0,0,0,4,2016,0
FOODS_3_681,FOODS_3,FOODS,CA_1,2016-04-26,29,5.0,19.0,17.0,18.0,19.0,1.0,0.0,0,1,4,2016,0
FOODS_3_681,FOODS_3,FOODS,CA_1,2016-04-27,9,29.0,15.0,9.0,19.428572,19.428572,1.0,0.0,0,2,4,2016,0
FOODS_3_681,FOODS_3,FOODS,CA_1,2016-04-28,17,9.0,20.0,19.0,18.571428,19.428572,1.0,0.0,0,3,4,2016,0
FOODS_3_681,FOODS_3,FOODS,CA_1,2016-04-29,29,17.0,17.0,17.0,18.142857,19.357143,1.0,0.0,0,4,4,2016,0
FOODS_3_681,FOODS_3,FOODS,CA_1,2016-04-30,28,29.0,24.0,33.0,19.857143,19.785715,1.0,0.0,1,5,4,2016,0
FOODS_3_681,FOODS_3,FOODS,CA_1,2016-05-01,25,28.0,26.0,28.0,20.428572,19.607143,1.0,0.0,1,6,5,2016,1
FOODS_3_681,FOODS_3,FOODS,CA_1,2016-05-02,12,25.0,5.0,40.0,20.285715,19.5,1.0,0.0,0,0,5,2016,1
FOODS_3_681,FOODS_3,FOODS,CA_1,2016-05-03,19,12.0,29.0,14.0,21.285715,18.5,1.0,0.0,0,1,5,2016,1
FOODS_3_681,FOODS_3,FOODS,CA_1,2016-05-04,24,19.0,9.0,19.0,19.857143,18.678572,1.0,0.0,0,2,5,2016,1
FOODS_3_681,FOODS_3,FOODS,CA_1,2016-05-05,8,24.0,17.0,15.0,22.0,18.857143,1.0,0.0,0,3,5,2016,1
FOODS_3_681,FOODS_3,FOODS,CA_1,2016-05-06,19,8.0,29.0,14.0,20.714285,18.607143,1.0,0.0,0,4,5,2016,1
FOODS_3_681,FOODS_3,FOODS,CA_1,2016-05-07,37,19.0,28.0,22.0,19.285715,18.785715,1.0,0.0,1,5,5,2016,1
FOODS_3_681,FOODS_3,FOODS,CA_1,2016-05-08,25,37.0,25.0,25.0,20.571428,19.321428,1.0,0.0,1,6,5,2016,1
FOODS_3_681,FOODS_3,FOODS,CA_1,2016-05-09,16,25.0,12.0,11.0,20.571428,19.321428,1.0,0.0,0,0,5,2016,1
FOODS_3_681,FOODS_3,FOODS,CA_1,2016-05-10,28,16.0,19.0,9.0,21.142857,19.5,1.0,0.0,0,1,5,2016,1
FOODS_3_681,FOODS_3,FOODS,CA_1,2016-05-11,10,28.0,24.0,15.0,22.428572,20.178572,1.0,0.0,0,2,5,2016,0
FOODS_3_681,FOODS_3,FOODS,CA_1,2016-05-12,19,10.0,8.0,12.0,20.428572,20.0,1.0,0.0,0,3,5,2016,0
FOODS_3_681,FOODS_3,FOODS,CA_1,2016-05-13,25,19.0,19.0,15.0,22.0,20.25,1.0,0.0,0,4,5,2016,0
FOODS_3_681,FOODS_3,FOODS,CA_1,2016-05-14,25,25.0,37.0,24.0,22.857143,20.607143,1.0,0.0,1,5,5,2016,0
FOODS_3_681,FOODS_3,FOODS,CA_1,2016-05-15,28,25.0,25.0,31.0,21.142857,20.642857,1.0,0.0,1,6,5,2016,0
FOODS_3_681,FOODS_3,FOODS,CA_1,2016-05-16,6,28.0,16.0,17.0,21.571428,20.535715,1.0,0.0,0,0,5,2016,0
FOODS_3_681,FOODS_3,FOODS,CA_1,2016-05-17,15,6.0,28.0,19.0,20.142857,20.142857,1.0,0.0,0,1,5,2016,0
FOODS_3_681,FOODS_3,FOODS,CA_1,2016-05-18,14,15.0,10.0,15.0,18.285715,20.0,1.0,0.0,0,2,5,2016,0
FOODS_3_681,FOODS_3,FOODS,CA_1,2016-05-19,29,14.0,19.0,20.0,18.857143,19.964285,1.0,0.0,0,3,5,2016,0
FOODS_3_681,FOODS_3,FOODS,CA_1,2016-05-20,29,29.0,25.0,17.0,20.285715,20.285715,1.0,0.0,0,4,5,2016,0
FOODS_3_681,FOODS_3,FOODS,CA_1,2016-05-21,17,29.0,25.0,24.0,20.857143,20.714285,1.0,0.0,1,5,5,2016,0
FOODS_3_681,FOODS_3,FOODS,CA_1,2016-05-22,45,17.0,28.0,26.0,19.714285,20.464285,1.0,0.0,1,6,5,2016,0
FOODS_3_681,FOODS_3,FOODS,CA_2,2016-04-25,14,17.0,4.0,10.0,12.0,13.0,1.0,0.0,0,0,4,2016,0
FOODS_3_681,FOODS_3,FOODS,CA_2,2016-04-26,16,14.0,10.0,16.0,13.428572,13.142858,1.0,0.0,0,1,4,2016,0
FOODS_3_681,FOODS_3,FOODS,CA_2,2016-04-27,5,16.0,6.0,11.0,14.285714,13.142858,1.0,0.0,0,2,4,2016,0
FOODS_3_681,FOODS_3,FOODS,CA_2,2016-04-28,8,5.0,11.0,5.0,14.142858,12.928572,1.0,0.0,0,3,4,2016,0
FOODS_3_681,FOODS_3,FOODS,CA_2,2016-04-29,15,8.0,11.0,12.0,13.714286,13.035714,1.0,0.0,0,4,4,2016,0
FOODS_3_681,FOODS_3,FOODS,CA_2,2016-04-30,16,15.0,25.0,25.0,14.285714,13.142858,1.0,0.0,1,5,4,2016,0
FOODS_3_681,FOODS_3,FOODS,CA_2,2016-05-01,11,16.0,17.0,15.0,13.0,12.821428,1.0,0.0,1,6,5,2016,1
FOODS_3_681,FOODS_3,FOODS,CA_2,2016-05-02,5,11.0,14.0,15.0,12.142858,12.678572,1.0,0.0,0,0,5,2016,1
FOODS_3_681,FOODS_3,FOODS,CA_2,2016-05-03,6,5.0,16.0,7.0,10.857142,12.321428,1.0,0.0,0,1,5,2016,1
FOODS_3_681,FOODS_3,FOODS,CA_2,2016-05-04,4,6.0,5.0,8.0,9.428572,12.285714,1.0,0.0,0,2,5,2016,1
FOODS_3_681,FOODS_3,FOODS,CA_2,2016-05-05,8,4.0,8.0,13.0,9.285714,12.142858,1.0,0.0,0,3,5,2016,1
FOODS_3_681,FOODS_3,FOODS,CA_2,2016-05-06,10,8.0,15.0,17.0,9.285714,11.964286,1.0,0.0,0,4,5,2016,1
FOODS_3_681,FOODS_3,FOODS,CA_2,2016-05-07,13,10.0,16.0,17.0,8.571428,11.714286,1.0,0.0,1,5,5,2016,1
FOODS_3_681,FOODS_3,FOODS,CA_2,2016-05-08,21,13.0,11.0,16.0,8.142858,11.571428,1.0,0.0,1,6,5,2016,1
FOODS_3_681,FOODS_3,FOODS,CA_2,2016-05-09,9,21.0,5.0,8.0,9.571428,11.75,1.0,0.0,0,0,5,2016,1
FOODS_3_681,FOODS_3,FOODS,CA_2,2016-05-10,6,9.0,6.0,19.0,10.142858,11.785714,1.0,0.0,0,1,5,2016,1
FOODS_3_681,FOODS_3,FOODS,CA_2,2016-05-11,13,6.0,4.0,5.0,10.142858,11.321428,1.0,0.0,0,2,5,2016,0
FOODS_3_681,FOODS_3,FOODS,CA_2,2016-05-12,8,13.0,8.0,11.0,11.428572,11.607142,1.0,0.0,0,3,5,2016,0
FOODS_3_681,FOODS_3,FOODS,CA_2,2016-05-13,14,8.0,10.0,24.0,11.428572,11.5,1.0,0.0,0,4,5,2016,0
FOODS_3_681,FOODS_3,FOODS,CA_2,2016-05-14,16,14.0,13.0,14.0,12.0,11.142858,1.0,0.0,1,5,5,2016,0
FOODS_3_681,FOODS_3,FOODS,CA_2,2016-05-15,11,16.0,21.0,12.0,12.428572,11.214286,1.0,0.0,1,6,5,2016,0
FOODS_3_681,FOODS_3,FOODS,CA_2,2016-05-16,6,11.0,9.0,4.0,11.0,11.178572,1.0,0.0,0,0,5,2016,0
FOODS_3_681,FOODS_3,FOODS,CA_2,2016-05-17,10,6.0,6.0,10.0,10.571428,11.25,1.0,0.0,0,1,5,2016,0
FOODS_3_681,FOODS_3,FOODS,CA_2,2016-05-18,8,10.0,13.0,6.0,11.142858,11.25,1.0,0.0,0,2,5,2016,0
FOODS_3_681,FOODS_3,FOODS,CA_2,2016-05-19,14,8.0,8.0,11.0,10.428572,11.321428,1.0,0.0,0,3,5,2016,0
FOODS_3_681,FOODS_3,FOODS,CA_2,2016-05-20,12,14.0,14.0,11.0,11.285714,11.428572,1.0,0.0,0,4,5,2016,0
FOODS_3_681,FOODS_3,FOODS,CA_2,2016-05-21,29,12.0,16.0,25.0,11.0,11.464286,1.0,0.0,1,5,5,2016,0
FOODS_3_681,FOODS_3,FOODS,CA_2,2016-05-22,24,29.0,11.0,17.0,12.857142,11.607142,1.0,0.0,1,6,5,2016,0
FOODS_3_681,FOODS_3,FOODS,CA_3,2016-04-25,17,15.0,40.0,14.0,37.0,34.535713,1.0,0.0,0,0,4,2016,0
FOODS_3_681,FOODS_3,FOODS,CA_3,2016-04-26,34,17.0,31.0,31.0,33.714287,34.642857,1.0,0.0,0,1,4,2016,0
FOODS_3_681,FOODS_3,FOODS,CA_3,2016-04-27,33,34.0,42.0,14.0,34.142857,34.75,1.0,0.0,0,2,4,2016,0
FOODS_3_681,FOODS_3,FOODS,CA_3,2016-04-28,26,33.0,24.0,44.0,32.857143,35.42857,1.0,0.0,0,3,4,2016,0
FOODS_3_681,FOODS_3,FOODS,CA_3,2016-04-29,43,26.0,55.0,46.0,33.142857,34.785713,1.0,0.0,0,4,4,2016,0
FOODS_3_681,FOODS_3,FOODS,CA_3,2016-04-30,40,43.0,52.0,38.0,31.428572,34.67857,1.0,0.0,1,5,4,2016,0
FOODS_3_681,FOODS_3,FOODS,CA_3,2016-05-01,26,40.0,15.0,14.0,29.714285,34.75,1.0,0.0,1,6,5,2016,1
FOODS_3_681,FOODS_3,FOODS,CA_3,2016-05-02,35,26.0,17.0,8.0,31.285715,35.17857,1.0,0.0,0,0,5,2016,1
FOODS_3_681,FOODS_3,FOODS,CA_3,2016-05-03,17,35.0,34.0,37.0,33.857143,36.142857,1.0,0.0,0,1,5,2016,1
FOODS_3_681,FOODS_3,FOODS,CA_3,2016-05-04,44,17.0,33.0,37.0,31.428572,35.42857,1.0,0.0,0,2,5,2016,1
FOODS_3_681,FOODS_3,FOODS,CA_3,2016-05-05,29,44.0,26.0,39.0,33.0,35.67857,1.0,0.0,0,3,5,2016,1
FOODS_3_681,FOODS_3,FOODS,CA_3,2016-05-06,42,29.0,43.0,41.0,33.42857,35.32143,1.0,0.0,0,4,5,2016,1
FOODS_3_681,FOODS_3,FOODS,CA_3,2016-05-07,55,42.0,40.0,63.0,33.285713,35.357143,1.0,0.0,1,5,5,2016,1
FOODS_3_681,FOODS_3,FOODS,CA_3,2016-05-08,50,55.0,26.0,29.0,35.42857,35.07143,1.0,0.0,1,6,5,2016,1
FOODS_3_681,FOODS_3,FOODS,CA_3,2016-05-09,33,50.0,35.0,21.0,38.857143,35.82143,1.0,0.0,0,0,5,2016,1
FOODS_3_681,FOODS_3,FOODS,CA_3,2016-05-10,34,33.0,17.0,48.0,38.57143,36.25,1.0,0.0,0,1,5,2016,1
FOODS_3_681,FOODS_3,FOODS,CA_3,2016-05-11,22,34.0,44.0,32.0,41.0,35.75,1.0,0.0,0,2,5,2016,0
FOODS_3_681,FOODS_3,FOODS,CA_3,2016-05-12,27,22.0,29.0,28.0,37.857143,35.392857,1.0,0.0,0,3,5,2016,0
FOODS_3_681,FOODS_3,FOODS,CA_3,2016-05-13,50,27.0,42.0,47.0,37.57143,35.357143,1.0,0.0,0,4,5,2016,0
FOODS_3_681,FOODS_3,FOODS,CA_3,2016-05-14,31,50.0,55.0,26.0,38.714287,35.464287,1.0,0.0,1,5,5,2016,0
FOODS_3_681,FOODS_3,FOODS,CA_3,2016-05-15,52,31.0,50.0,51.0,35.285713,35.642857,1.0,0.0,1,6,5,2016,0
FOODS_3_681,FOODS_3,FOODS,CA_3,2016-05-16,61,52.0,33.0,40.0,35.57143,35.67857,1.0,0.0,0,0,5,2016,0
FOODS_3_681,FOODS_3,FOODS,CA_3,2016-05-17,90,61.0,34.0,31.0,39.57143,36.42857,1.0,0.0,0,1,5,2016,0
FOODS_3_681,FOODS_3,FOODS,CA_3,2016-05-18,56,90.0,22.0,42.0,47.57143,38.535713,1.0,0.0,0,2,5,2016,0
FOODS_3_681,FOODS_3,FOODS,CA_3,2016-05-19,58,56.0,27.0,24.0,52.42857,39.035713,1.0,0.0,0,3,5,2016,0
FOODS_3_681,FOODS_3,FOODS,CA_3,2016-05-20,69,58.0,50.0,55.0,56.857143,40.25,1.0,0.0,0,4,5,2016,0
FOODS_3_681,FOODS_3,FOODS,CA_3,2016-05-21,101,69.0,31.0,52.0,59.57143,40.75,1.0,0.0,1,5,5,2016,0
FOODS_3_681,FOODS_3,FOODS,CA_3,2016-05-22,78,101.0,52.0,15.0,69.57143,42.5,1.0,0.0,1,6,5,2016,0
FOODS_3_681,FOODS_3,FOODS,CA_4,2016-04-25,1,4.0,10.0,4.0,5.142857,6.071429,1.0,0.0,0,0,4,2016,0
FOODS_3_681,FOODS_3,FOODS,CA_4,2016-04-26,4,1.0,9.0,10.0,3.857143,5.964286,1.0,0.0,0,1,4,2016,0
FOODS_3_681,FOODS_3,FOODS,CA_4,2016-04-27,7,4.0,5.0,5.0,3.142857,5.75,1.0,0.0,0,2,4,2016,0
FOODS_3_681,FOODS_3,FOODS,CA_4,2016-04-28,5,7.0,1.0,8.0,3.4285715,5.821429,1.0,0.0,0,3,4,2016,0
FOODS_3_681,FOODS_3,FOODS,CA_4,2016-04-29,11,5.0,2.0,4.0,4.0,5.714286,1.0,0.0,0,4,4,2016,0
FOODS_3_681,FOODS_3,FOODS,CA_4,2016-04-30,14,11.0,5.0,7.0,5.285714,5.964286,1.0,0.0,1,5,4,2016,0
FOODS_3_681,FOODS_3,FOODS,CA_4,2016-05-01,10,14.0,4.0,11.0,6.571429,6.214286,1.0,0.0,1,6,5,2016,1
FOODS_3_681,FOODS_3,FOODS,CA_4,2016-05-02,2,10.0,1.0,4.0,7.428571,6.178571,1.0,0.0,0,0,5,2016,1
FOODS_3_681,FOODS_3,FOODS,CA_4,2016-05-03,9,2.0,4.0,7.0,7.571429,6.107143,1.0,0.0,0,1,5,2016,1
FOODS_3_681,FOODS_3,FOODS,CA_4,2016-05-04,7,9.0,7.0,4.0,8.285714,6.178571,1.0,0.0,0,2,5,2016,1
FOODS_3_681,FOODS_3,FOODS,CA_4,2016-05-05,8,7.0,5.0,4.0,8.285714,6.285714,1.0,0.0,0,3,5,2016,1
FOODS_3_681,FOODS_3,FOODS,CA_4,2016-05-06,3,8.0,11.0,5.0,8.714286,6.428571,1.0,0.0,0,4,5,2016,1
FOODS_3_681,FOODS_3,FOODS,CA_4,2016-05-07,17,3.0,14.0,7.0,7.571429,6.357143,1.0,0.0,1,5,5,2016,1
FOODS_3_681,FOODS_3,FOODS,CA_4,2016-05-08,20,17.0,10.0,7.0,8.0,6.714286,1.0,0.0,1,6,5,2016,1
FOODS_3_681,FOODS_3,FOODS,CA_4,2016-05-09,15,20.0,2.0,2.0,9.428572,7.178571,1.0,0.0,0,0,5,2016,1
FOODS_3_681,FOODS_3,FOODS,CA_4,2016-05-10,7,15.0,9.0,5.0,11.285714,7.642857,1.0,0.0,0,1,5,2016,1
FOODS_3_681,FOODS_3,FOODS,CA_4,2016-05-11,6,7.0,7.0,7.0,11.0,7.714286,1.0,0.0,0,2,5,2016,0
FOODS_3_681,FOODS_3,FOODS,CA_4,2016-05-12,11,6.0,8.0,4.0,10.857142,7.678571,1.0,0.0,0,3,5,2016,0
FOODS_3_681,FOODS_3,FOODS,CA_4,2016-05-13,7,11.0,3.0,9.0,11.285714,7.928571,1.0,0.0,0,4,5,2016,0
FOODS_3_681,FOODS_3,FOODS,CA_4,2016-05-14,17,7.0,17.0,10.0,11.857142,7.857143,1.0,0.0,1,5,5,2016,0
FOODS_3_681,FOODS_3,FOODS,CA_4,2016-05-15,3,17.0,20.0,10.0,11.857142,8.107142,1.0,0.0,1,6,5,2016,0
FOODS_3_681,FOODS_3,FOODS,CA_4,2016-05-16,4,3.0,15.0,10.0,9.428572,7.857143,1.0,0.0,0,0,5,2016,0
FOODS_3_681,FOODS_3,FOODS,CA_4,2016-05-17,17,4.0,7.0,9.0,7.857143,7.642857,1.0,0.0,0,1,5,2016,0
FOODS_3_681,FOODS_3,FOODS,CA_4,2016-05-18,2,17.0,6.0,5.0,9.285714,7.928571,1.0,0.0,0,2,5,2016,0
FOODS_3_681,FOODS_3,FOODS,CA_4,2016-05-19,5,2.0,11.0,1.0,8.714286,7.821429,1.0,0.0,0,3,5,2016,0
FOODS_3_681,FOODS_3,FOODS,CA_4,2016-05-20,3,5.0,7.0,2.0,7.857143,7.964286,1.0,0.0,0,4,5,2016,0
FOODS_3_681,FOODS_3,FOODS,CA_4,2016-05-21,5,3.0,17.0,5.0,7.285714,8.0,1.0,0.0,1,5,5,2016,0
FOODS_3_681,FOODS_3,FOODS,CA_4,2016-05-22,27,5.0,3.0,4.0,5.571429,8.0,1.0,0.0,1,6,5,2016,0
FOODS_3_714,FOODS_3,FOODS,CA_1,2016-04-25,10,27.0,15.0,11.0,15.714286,18.75,1.58,0.0,0,0,4,2016,0
FOODS_3_714,FOODS_3,FOODS,CA_1,2016-04-26,6,10.0,6.0,4.0,15.0,18.714285,1.58,0.0,0,1,4,2016,0
FOODS_3_714,FOODS_3,FOODS,CA_1,2016-04-27,10,6.0,10.0,13.0,15.0,18.785715,1.58,0.0,0,2,4,2016,0
FOODS_3_714,FOODS_3,FOODS,CA_1,2016-04-28,7,10.0,12.0,19.0,15.0,18.678572,1.58,0.0,0,3,4,2016,0
FOODS_3_714,FOODS_3,FOODS,CA_1,2016-04-29,16,7.0,18.0,29.0,14.285714,18.25,1.58,0.0,0,4,4,2016,0
FOODS_3_714,FOODS_3,FOODS,CA_1,2016-04-30,38,16.0,22.0,40.0,14.0,17.785715,1.58,0.0,1,5,4,2016,0
FOODS_3_714,FOODS_3,FOODS,CA_1,2016-05-01,44,38.0,27.0,23.0,16.285715,17.714285,1.58,0.0,1,6,5,2016,1
FOODS_3_714,FOODS_3,FOODS,CA_1,2016-05-02,21,44.0,10.0,25.0,18.714285,18.464285,1.58,0.0,0,0,5,2016,1
FOODS_3_714,FOODS_3,FOODS,CA_1,2016-05-03,16,21.0,6.0,19.0,20.285715,18.321428,1.58,0.0,0,1,5,2016,1
FOODS_3_714,FOODS_3,FOODS,CA_1,2016-05-04,13,16.0,10.0,15.0,21.714285,18.214285,1.58,0.0,0,2,5,2016,1
FOODS_3_714,FOODS_3,FOODS,CA_1,2016-05-05,20,13.0,7.0,15.0,22.142857,18.142857,1.58,0.0,0,3,5,2016,1
FOODS_3_714,FOODS_3,FOODS,CA_1,2016-05-06,16,20.0,16.0,18.0,24.0,18.321428,1.58,0.0,0,4,5,2016,1
FOODS_3_714,FOODS_3,FOODS,CA_1,2016-05-07,23,16.0,38.0,33.0,24.0,18.25,1.58,0.0,1,5,5,2016,1
FOODS_3_714,FOODS_3,FOODS,CA_1,2016-05-08,37,23.0,44.0,25.0,21.857143,17.892857,1.58,0.0,1,6,5,2016,1
FOODS_3_714,FOODS_3,FOODS,CA_1,2016-05-09,5,37.0,21.0,7.0,20.857143,18.321428,1.58,0.0,0,0,5,2016,1
FOODS_3_714,FOODS_3,FOODS,CA_1,2016-05-10,6,5.0,16.0,5.0,18.571428,18.25,1.58,0.0,0,1,5,2016,1
FOODS_3_714,FOODS_3,FOODS,CA_1,2016-05-11,5,6.0,13.0,11.0,17.142857,18.285715,1.58,0.0,0,2,5,2016,0
FOODS_3_714,FOODS_3,FOODS,CA_1,2016-05-12,21,5.0,20.0,9.0,16.0,18.071428,1.58,0.0,0,3,5,2016,0
FOODS_3_714,FOODS_3,FOODS,CA_1,2016-05-13,17,21.0,16.0,20.0,16.142857,18.5,1.58,0.0,0,4,5,2016,0
FOODS_3_714,FOODS_3,FOODS,CA_1,2016-05-14,40,17.0,23.0,37.0,16.285715,18.392857,1.58,0.0,1,5,5,2016,0
FOODS_3_714,FOODS_3,FOODS,CA_1,2016-05-15,34,40.0,37.0,37.0,18.714285,18.5,1.58,0.0,1,6,5,2016,0
FOODS_3_714,FOODS_3,FOODS,CA_1,2016-05-16,17,34.0,5.0,15.0,18.285715,18.392857,1.58,0.0,0,0,5,2016,0
FOODS_3_714,FOODS_3,FOODS,CA_1,2016-05-17,15,17.0,6.0,6.0,20.0,18.464285,1.58,0.0,0,1,5,2016,0
FOODS_3_714,FOODS_3,FOODS,CA_1,2016-05-18,18,15.0,5.0,10.0,21.285715,18.785715,1.58,0.0,0,2,5,2016,0
FOODS_3_714,FOODS_3,FOODS,CA_1,2016-05-19,18,18.0,21.0,12.0,23.142857,19.071428,1.58,0.0,0,3,5,2016,0
FOODS_3_714,FOODS_3,FOODS,CA_1,2016-05-20,20,18.0,17.0,18.0,22.714285,19.285715,1.58,0.0,0,4,5,2016,0
FOODS_3_714,FOODS_3,FOODS,CA_1,2016-05-21,21,20.0,40.0,22.0,23.142857,19.357143,1.58,0.0,1,5,5,2016,0
FOODS_3_714,FOODS_3,FOODS,CA_1,2016-05-22,23,21.0,34.0,27.0,20.428572,19.321428,1.58,0.0,1,6,5,2016,0
FOODS_3_714,FOODS_3,FOODS,CA_2,2016-04-25,16,24.0,26.0,5.0,17.857143,16.678572,1.58,0.0,0,0,4,2016,0
FOODS_3_714,FOODS_3,FOODS,CA_2,2016-04-26,12,16.0,13.0,14.0,16.428572,17.071428,1.58,0.0,0,1,4,2016,0
FOODS_3_714,FOODS_3,FOODS,CA_2,2016-04-27,10,12.0,7.0,10.0,16.285715,17.0,1.58,0.0,0,2,4,2016,0
FOODS_3_714,FOODS_3,FOODS,CA_2,2016-04-28,13,10.0,15.0,9.0,16.714285,17.0,1.58,0.0,0,3,4,2016,0
FOODS_3_714,FOODS_3,FOODS,CA_2,2016-04-29,19,13.0,18.0,25.0,16.428572,17.142857,1.58,0.0,0,4,4,2016,0
FOODS_3_714,FOODS_3,FOODS,CA_2,2016-04-30,31,19.0,22.0,19.0,16.571428,16.928572,1.58,0.0,1,5,4,2016,0
FOODS_3_714,FOODS_3,FOODS,CA_2,2016-05-01,26,31.0,24.0,19.0,17.857143,17.357143,1.58,0.0,1,6,5,2016,1
FOODS_3_714,FOODS_3,FOODS,CA_2,2016-05-02,17,26.0,16.0,14.0,18.142857,17.607143,1.58,0.0,0,0,5,2016,1
FOODS_3_714,FOODS_3,FOODS,CA_2,2016-05-03,13,17.0,12.0,23.0,18.285715,17.714285,1.58,0.0,0,1,5,2016,1
FOODS_3_714,FOODS_3,FOODS,CA_2,2016-05-04,14,13.0,10.0,15.0,18.428572,17.357143,1.58,0.0,0,2,5,2016,1
FOODS_3_714,FOODS_3,FOODS,CA_2,2016-05-05,14,14.0,13.0,8.0,19.0,17.321428,1.58,0.0,0,3,5,2016,1
FOODS_3_714,FOODS_3,FOODS,CA_2,2016-05-06,19,14.0,19.0,16.0,19.142857,17.535715,1.58,0.0,0,4,5,2016,1
FOODS_3_714,FOODS_3,FOODS,CA_2,2016-05-07,22,19.0,31.0,22.0,19.142857,17.642857,1.58,0.0,1,5,5,2016,1
FOODS_3_714,FOODS_3,FOODS,CA_2,2016-05-08,21,22.0,26.0,15.0,17.857143,17.642857,1.58,0.0,1,6,5,2016,1
FOODS_3_714,FOODS_3,FOODS,CA_2,2016-05-09,9,21.0,17.0,17.0,17.142857,17.857143,1.58,0.0,0,0,5,2016,1
FOODS_3_714,FOODS_3,FOODS,CA_2,2016-05-10,11,9.0,13.0,7.0,16.0,17.571428,1.58,0.0,0,1,5,2016,1
FOODS_3_714,FOODS_3,FOODS,CA_2,2016-05-11,11,11.0,14.0,13.0,15.714286,17.714285,1.58,0.0,0,2,5,2016,0
FOODS_3_714,FOODS_3,FOODS,CA_2,2016-05-12,10,11.0,14.0,11.0,15.285714,17.642857,1.58,0.0,0,3,5,2016,0
FOODS_3_714,FOODS_3,FOODS,CA_2,2016-05-13,23,10.0,19.0,20.0,14.714286,17.607143,1.58,0.0,0,4,5,2016,0
FOODS_3_714,FOODS_3,FOODS,CA_2,2016-05-14,27,23.0,22.0,28.0,15.285714,17.714285,1.58,0.0,1,5,5,2016,0
FOODS_3_714,FOODS_3,FOODS,CA_2,2016-05-15,20,27.0,21.0,32.0,16.0,17.678572,1.58,0.0,1,6,5,2016,0
FOODS_3_714,FOODS_3,FOODS,CA_2,2016-05-16,22,20.0,9.0,26.0,15.857142,17.25,1.58,0.0,0,0,5,2016,0
FOODS_3_714,FOODS_3,FOODS,CA_2,2016-05-17,17,22.0,11.0,13.0,17.714285,17.107143,1.58,0.0,0,1,5,2016,0
FOODS_3_714,FOODS_3,FOODS,CA_2,2016-05-18,19,17.0,11.0,7.0,18.571428,17.25,1.58,0.0,0,2,5,2016,0
FOODS_3_714,FOODS_3,FOODS,CA_2,2016-05-19,11,19.0,10.0,15.0,19.714285,17.678572,1.58,0.0,0,3,5,2016,0
FOODS_3_714,FOODS_3,FOODS,CA_2,2016-05-20,19,11.0,23.0,18.0,19.857143,17.535715,1.58,0.0,0,4,5,2016,0
FOODS_3_714,FOODS_3,FOODS,CA_2,2016-05-21,18,19.0,27.0,22.0,19.285715,17.571428,1.58,0.0,1,5,5,2016,0
FOODS_3_714,FOODS_3,FOODS,CA_2,2016-05-22,26,18.0,20.0,24.0,18.0,17.428572,1.58,0.0,1,6,5,2016,0
FOODS_3_714,FOODS_3,FOODS,CA_3,2016-04-25,35,40.0,24.0,26.0,29.571428,31.821428,1.58,0.0,0,0,4,2016,0
FOODS_3_714,FOODS_3,FOODS,CA_3,2016-04-26,31,35.0,25.0,28.0,31.142857,32.142857,1.58,0.0,0,1,4,2016,0
FOODS_3_714,FOODS_3,FOODS,CA_3,2016-04-27,28,31.0,33.0,34.0,32.0,32.25,1.58,0.0,0,2,4,2016,0
FOODS_3_714,FOODS_3,FOODS,CA_3,2016-04-28,35,28.0,23.0,25.0,31.285715,32.035713,1.58,0.0,0,3,4,2016,0
FOODS_3_714,FOODS_3,FOODS,CA_3,2016-04-29,39,35.0,20.0,34.0,33.0,32.392857,1.58,0.0,0,4,4,2016,0
FOODS_3_714,FOODS_3,FOODS,CA_3,2016-04-30,42,39.0,42.0,39.0,35.714287,32.57143,1.58,0.0,1,5,4,2016,0
FOODS_3_714,FOODS_3,FOODS,CA_3,2016-05-01,51,42.0,40.0,35.0,35.714287,32.67857,1.58,0.0,1,6,5,2016,1
FOODS_3_714,FOODS_3,FOODS,CA_3,2016-05-02,29,51.0,35.0,29.0,37.285713,33.25,1.58,0.0,0,0,5,2016,1
FOODS_3_714,FOODS_3,FOODS,CA_3,2016-05-03,32,29.0,31.0,45.0,36.42857,33.25,1.58,0.0,0,1,5,2016,1
FOODS_3_714,FOODS_3,FOODS,CA_3,2016-05-04,44,32.0,28.0,41.0,36.57143,32.785713,1.58,0.0,0,2,5,2016,1
FOODS_3_714,FOODS_3,FOODS,CA_3,2016-05-05,37,44.0,35.0,38.0,38.857143,32.892857,1.58,0.0,0,3,5,2016,1
FOODS_3_714,FOODS_3,FOODS,CA_3,2016-05-06,25,37.0,39.0,30.0,39.142857,32.857143,1.58,0.0,0,4,5,2016,1
FOODS_3_714,FOODS_3,FOODS,CA_3,2016-05-07,35,25.0,42.0,32.0,37.142857,32.67857,1.58,0.0,1,5,5,2016,1
FOODS_3_714,FOODS_3,FOODS,CA_3,2016-05-08,35,35.0,51.0,13.0,36.142857,32.785713,1.58,0.0,1,6,5,2016,1
FOODS_3_714,FOODS_3,FOODS,CA_3,2016-05-09,36,35.0,29.0,18.0,33.857143,33.57143,1.58,0.0,0,0,5,2016,1
FOODS_3_714,FOODS_3,FOODS,CA_3,2016-05-10,29,36.0,32.0,24.0,34.857143,34.214287,1.58,0.0,0,1,5,2016,1
FOODS_3_714,FOODS_3,FOODS,CA_3,2016-05-11,23,29.0,44.0,41.0,34.42857,34.392857,1.58,0.0,0,2,5,2016,0
FOODS_3_714,FOODS_3,FOODS,CA_3,2016-05-12,15,23.0,37.0,29.0,31.428572,33.75,1.58,0.0,0,3,5,2016,0
FOODS_3_714,FOODS_3,FOODS,CA_3,2016-05-13,31,15.0,25.0,31.0,28.285715,33.25,1.58,0.0,0,4,5,2016,0
FOODS_3_714,FOODS_3,FOODS,CA_3,2016-05-14,29,31.0,35.0,35.0,29.142857,33.25,1.58,0.0,1,5,5,2016,0
FOODS_3_714,FOODS_3,FOODS,CA_3,2016-05-15,27,29.0,35.0,57.0,28.285715,33.035713,1.58,0.0,1,6,5,2016,0
FOODS_3_714,FOODS_3,FOODS,CA_3,2016-05-16,23,27.0,36.0,24.0,27.142857,31.964285,1.58,0.0,0,0,5,2016,0
FOODS_3_714,FOODS_3,FOODS,CA_3,2016-05-17,30,23.0,29.0,25.0,25.285715,31.928572,1.58,0.0,0,1,5,2016,0
FOODS_3_714,FOODS_3,FOODS,CA_3,2016-05-18,35,30.0,23.0,33.0,25.428572,32.107143,1.58,0.0,0,2,5,2016,0
FOODS_3_714,FOODS_3,FOODS,CA_3,2016-05-19,19,35.0,15.0,23.0,27.142857,32.17857,1.58,0.0,0,3,5,2016,0
FOODS_3_714,FOODS_3,FOODS,CA_3,2016-05-20,26,19.0,31.0,20.0,27.714285,32.035713,1.58,0.0,0,4,5,2016,0
FOODS_3_714,FOODS_3,FOODS,CA_3,2016-05-21,19,26.0,29.0,42.0,27.0,32.25,1.58,0.0,1,5,5,2016,0
FOODS_3_714,FOODS_3,FOODS,CA_3,2016-05-22,30,19.0,27.0,40.0,25.571428,31.428572,1.58,0.0,1,6,5,2016,0
FOODS_3_714,FOODS_3,FOODS,CA_4,2016-04-25,6,8.0,8.0,4.0,7.285714,6.714286,1.58,0.0,0,0,4,2016,0
FOODS_3_714,FOODS_3,FOODS,CA_4,2016-04-26,8,6.0,11.0,9.0,7.0,6.785714,1.58,0.0,0,1,4,2016,0
FOODS_3_714,FOODS_3,FOODS,CA_4,2016-04-27,5,8.0,6.0,1.0,6.571429,6.75,1.58,0.0,0,2,4,2016,0
FOODS_3_714,FOODS_3,FOODS,CA_4,2016-04-28,9,5.0,3.0,3.0,6.428571,6.892857,1.58,0.0,0,3,4,2016,0
FOODS_3_714,FOODS_3,FOODS,CA_4,2016-04-29,10,9.0,10.0,8.0,7.285714,7.107143,1.58,0.0,0,4,4,2016,0
FOODS_3_714,FOODS_3,FOODS,CA_4,2016-04-30,10,10.0,5.0,9.0,7.285714,7.178571,1.58,0.0,1,5,4,2016,0
FOODS_3_714,FOODS_3,FOODS,CA_4,2016-05-01,12,10.0,8.0,9.0,8.0,7.214286,1.58,0.0,1,6,5,2016,1
FOODS_3_714,FOODS_3,FOODS,CA_4,2016-05-02,9,12.0,6.0,7.0,8.571428,7.321429,1.58,0.0,0,0,5,2016,1
FOODS_3_714,FOODS_3,FOODS,CA_4,2016-05-03,4,9.0,8.0,4.0,9.0,7.392857,1.58,0.0,0,1,5,2016,1
FOODS_3_714,FOODS_3,FOODS,CA_4,2016-05-04,5,4.0,5.0,10.0,8.428572,7.392857,1.58,0.0,0,2,5,2016,1
FOODS_3_714,FOODS_3,FOODS,CA_4,2016-05-05,5,5.0,9.0,11.0,8.428572,7.214286,1.58,0.0,0,3,5,2016,1
FOODS_3_714,FOODS_3,FOODS,CA_4,2016-05-06,5,5.0,10.0,10.0,7.857143,7.0,1.58,0.0,0,4,5,2016,1
FOODS_3_714,FOODS_3,FOODS,CA_4,2016-05-07,7,5.0,10.0,6.0,7.142857,6.821429,1.58,0.0,1,5,5,2016,1
FOODS_3_714,FOODS_3,FOODS,CA_4,2016-05-08,9,7.0,12.0,4.0,6.714286,6.857143,1.58,0.0,1,6,5,2016,1
FOODS_3_714,FOODS_3,FOODS,CA_4,2016-05-09,15,9.0,9.0,2.0,6.285714,7.035714,1.58,0.0,0,0,5,2016,1
FOODS_3_714,FOODS_3,FOODS,CA_4,2016-05-10,7,15.0,4.0,5.0,7.142857,7.5,1.58,0.0,0,1,5,2016,1
FOODS_3_714,FOODS_3,FOODS,CA_4,2016-05-11,3,7.0,5.0,2.0,7.571429,7.571429,1.58,0.0,0,2,5,2016,0
FOODS_3_714,FOODS_3,FOODS,CA_4,2016-05-12,8,3.0,5.0,6.0,7.285714,7.607143,1.58,0.0,0,3,5,2016,0
FOODS_3_714,FOODS_3,FOODS,CA_4,2016-05-13,3,8.0,5.0,11.0,7.714286,7.678571,1.58,0.0,0,4,5,2016,0
FOODS_3_714,FOODS_3,FOODS,CA_4,2016-05-14,12,3.0,7.0,7.0,7.428571,7.392857,1.58,0.0,1,5,5,2016,0
FOODS_3_714,FOODS_3,FOODS,CA_4,2016-05-15,8,12.0,9.0,9.0,8.142858,7.571429,1.58,0.0,1,6,5,2016,0
FOODS_3_714,FOODS_3,FOODS,CA_4,2016-05-16,8,8.0,15.0,8.0,8.0,7.535714,1.58,0.0,0,0,5,2016,0
FOODS_3_714,FOODS_3,FOODS,CA_4,2016-05-17,24,8.0,7.0,11.0,7.0,7.535714,1.58,0.0,0,1,5,2016,0
FOODS_3_714,FOODS_3,FOODS,CA_4,2016-05-18,8,24.0,3.0,6.0,9.428572,8.0,1.58,0.0,0,2,5,2016,0
FOODS_3_714,FOODS_3,FOODS,CA_4,2016-05-19,12,8.0,8.0,3.0,10.142858,8.071428,1.58,0.0,0,3,5,2016,0
FOODS_3_714,FOODS_3,FOODS,CA_4,2016-05-20,10,12.0,3.0,10.0,10.714286,8.392858,1.58,0.0,0,4,5,2016,0
FOODS_3_714,FOODS_3,FOODS,CA_4,2016-05-21,14,10.0,12.0,5.0,11.714286,8.392858,1.58,0.0,1,5,5,2016,0
FOODS_3_714,FOODS_3,FOODS,CA_4,2016-05-22,3,14.0,8.0,8.0,12.0,8.714286,1.58,0.0,1,6,5,2016,0
HOBBIES_1_008,HOBBIES_1,HOBBIES,CA_1,2016-04-25,19,1.0,37.0,0.0,8.0,8.142858,0.48,0.0,0,0,4,2016,0
HOBBIES_1_008,HOBBIES_1,HOBBIES,CA_1,2016-04-26,3,19.0,3.0,11.0,5.428571,8.821428,0.48,0.0,0,1,4,2016,0
HOBBIES_1_008,HOBBIES_1,HOBBIES,CA_1,2016-04-27,2,3.0,4.0,5.0,5.428571,8.535714,0.48,0.0,0,2,4,2016,0
HOBBIES_1_008,HOBBIES_1,HOBBIES,CA_1,2016-04-28,8,2.0,6.0,2.0,5.142857,8.428572,0.48,0.0,0,3,4,2016,0
HOBBIES_1_008,HOBBIES_1,HOBBIES,CA_1,2016-04-29,8,8.0,3.0,12.0,5.428571,8.642858,0.48,0.0,0,4,4,2016,0
HOBBIES_1_008,HOBBIES_1,HOBBIES,CA_1,2016-04-30,23,8.0,2.0,38.0,6.142857,8.5,0.48,0.0,1,5,4,2016,0
HOBBIES_1_008,HOBBIES_1,HOBBIES,CA_1,2016-05-01,26,23.0,1.0,22.0,9.142858,7.964286,0.48,0.0,1,6,5,2016,1
HOBBIES_1_008,HOBBIES_1,HOBBIES,CA_1,2016-05-02,9,26.0,19.0,2.0,12.714286,8.107142,0.48,0.0,0,0,5,2016,1
HOBBIES_1_008,HOBBIES_1,HOBBIES,CA_1,2016-05-03,4,9.0,3.0,0.0,11.285714,8.357142,0.48,0.0,0,1,5,2016,1
HOBBIES_1_008,HOBBIES_1,HOBBIES,CA_1,2016-05-04,8,4.0,2.0,10.0,11.428572,8.5,0.48,0.0,0,2,5,2016,1
HOBBIES_1_008,HOBBIES_1,HOBBIES,CA_1,2016-05-05,5,8.0,8.0,26.0,12.285714,8.428572,0.48,0.0,0,3,5,2016,1
HOBBIES_1_008,HOBBIES_1,HOBBIES,CA_1,2016-05-06,8,5.0,8.0,8.0,11.857142,7.678571,0.48,0.0,0,4,5,2016,1
HOBBIES_1_008,HOBBIES_1,HOBBIES,CA_1,2016-05-07,5,8.0,23.0,12.0,11.857142,7.678571,0.48,0.0,1,5,5,2016,1
HOBBIES_1_008,HOBBIES_1,HOBBIES,CA_1,2016-05-08,0,5.0,26.0,4.0,9.285714,7.428571,0.48,0.0,1,6,5,2016,1
HOBBIES_1_008,HOBBIES_1,HOBBIES,CA_1,2016-05-09,3,0.0,9.0,5.0,5.571429,7.285714,0.48,0.0,0,0,5,2016,1
HOBBIES_1_008,HOBBIES_1,HOBBIES,CA_1,2016-05-10,1,3.0,4.0,2.0,4.714286,7.214286,0.48,0.0,0,1,5,2016,1
HOBBIES_1_008,HOBBIES_1,HOBBIES,CA_1,2016-05-11,18,1.0,8.0,8.0,4.285714,7.178571,0.48,0.0,0,2,5,2016,0
HOBBIES_1_008,HOBBIES_1,HOBBIES,CA_1,2016-05-12,47,18.0,5.0,4.0,5.714286,7.535714,0.48,0.0,0,3,5,2016,0
HOBBIES_1_008,HOBBIES_1,HOBBIES,CA_1,2016-05-13,7,47.0,8.0,0.0,11.714286,9.071428,0.48,0.0,0,4,5,2016,0
HOBBIES_1_008,HOBBIES_1,HOBBIES,CA_1,2016-05-14,0,7.0,5.0,0.0,11.571428,9.321428,0.48,0.0,1,5,5,2016,0
HOBBIES_1_008,HOBBIES_1,HOBBIES,CA_1,2016-05-15,6,0.0,0.0,1.0,10.857142,9.321428,0.48,0.0,1,6,5,2016,0
HOBBIES_1_008,HOBBIES_1,HOBBIES,CA_1,2016-05-16,0,6.0,3.0,37.0,11.714286,9.5,0.48,0.0,0,0,5,2016,0
HOBBIES_1_008,HOBBIES_1,HOBBIES,CA_1,2016-05-17,15,0.0,1.0,3.0,11.285714,8.178572,0.48,0.0,0,1,5,2016,0
HOBBIES_1_008,HOBBIES_1,HOBBIES,CA_1,2016-05-18,5,15.0,18.0,4.0,13.285714,8.607142,0.48,0.0,0,2,5,2016,0
HOBBIES_1_008,HOBBIES_1,HOBBIES,CA_1,2016-05-19,4,5.0,47.0,6.0,11.428572,8.642858,0.48,0.0,0,3,5,2016,0
HOBBIES_1_008,HOBBIES_1,HOBBIES,CA_1,2016-05-20,1,4.0,7.0,3.0,5.285714,8.571428,0.48,0.0,0,4,5,2016,0
HOBBIES_1_008,HOBBIES_1,HOBBIES,CA_1,2016-05-21,40,1.0,0.0,2.0,4.428571,8.5,0.48,0.0,1,5,5,2016,0
HOBBIES_1_008,HOBBIES_1,HOBBIES,CA_1,2016-05-22,32,40.0,6.0,1.0,10.142858,9.857142,0.48,0.0,1,6,5,2016,0
HOBBIES_1_008,HOBBIES_1,HOBBIES,CA_2,2016-04-25,5,7.0,0.0,0.0,5.142857,3.392857,0.48,0.0,0,0,4,2016,0
HOBBIES_1_008,HOBBIES_1,HOBBIES,CA_2,2016-04-26,0,5.0,2.0,0.0,5.857143,3.5714285,0.48,0.0,0,1,4,2016,0
HOBBIES_1_008,HOBBIES_1,HOBBIES,CA_2,2016-04-27,9,0.0,8.0,4.0,5.571429,3.5714285,0.48,0.0,0,2,4,2016,0
HOBBIES_1_008,HOBBIES_1,HOBBIES,CA_2,2016-04-28,1,9.0,5.0,8.0,5.714286,3.75,0.48,0.0,0,3,4,2016,0
HOBBIES_1_008,HOBBIES_1,HOBBIES,CA_2,2016-04-29,8,1.0,5.0,4.0,5.142857,3.5,0.48,0.0,0,4,4,2016,0
HOBBIES_1_008,HOBBIES_1,HOBBIES,CA_2,2016-04-30,0,8.0,9.0,9.0,5.571429,3.642857,0.48,0.0,1,5,4,2016,0
HOBBIES_1_008,HOBBIES_1,HOBBIES,CA_2,2016-05-01,8,0.0,7.0,0.0,4.285714,3.3214285,0.48,0.0,1,6,5,2016,1
HOBBIES_1_008,HOBBIES_1,HOBBIES,CA_2,2016-05-02,8,8.0,5.0,0.0,4.428571,3.607143,0.48,0.0,0,0,5,2016,1
HOBBIES_1_008,HOBBIES_1,HOBBIES,CA_2,2016-05-03,6,8.0,0.0,0.0,4.857143,3.892857,0.48,0.0,0,1,5,2016,1
HOBBIES_1_008,HOBBIES_1,HOBBIES,CA_2,2016-05-04,0,6.0,9.0,4.0,5.714286,4.107143,0.48,0.0,0,2,5,2016,1
HOBBIES_1_008,HOBBIES_1,HOBBIES,CA_2,2016-05-05,8,0.0,1.0,3.0,4.428571,3.9642856,0.48,0.0,0,3,5,2016,1
HOBBIES_1_008,HOBBIES_1,HOBBIES,CA_2,2016-05-06,1,8.0,8.0,0.0,5.428571,4.142857,0.48,0.0,0,4,5,2016,1
HOBBIES_1_008,HOBBIES_1,HOBBIES,CA_2,2016-05-07,8,1.0,0.0,6.0,4.428571,4.178571,0.48,0.0,1,5,5,2016,1
HOBBIES_1_008,HOBBIES_1,HOBBIES,CA_2,2016-05-08,2,8.0,8.0,9.0,5.571429,4.25,0.48,0.0,1,6,5,2016,1
HOBBIES_1_008,HOBBIES_1,HOBBIES,CA_2,2016-05-09,0,2.0,8.0,0.0,4.714286,4.0,0.48,0.0,0,0,5,2016,1
HOBBIES_1_008,HOBBIES_1,HOBBIES,CA_2,2016-05-10,7,0.0,6.0,5.0,3.5714285,4.0,0.48,0.0,0,1,5,2016,1
HOBBIES_1_008,HOBBIES_1,HOBBIES,CA_2,2016-05-11,0,7.0,0.0,4.0,3.7142856,4.071429,0.48,0.0,0,2,5,2016,0
HOBBIES_1_008,HOBBIES_1,HOBBIES,CA_2,2016-05-12,0,0.0,8.0,2.0,3.7142856,3.9285715,0.48,0.0,0,3,5,2016,0
HOBBIES_1_008,HOBBIES_1,HOBBIES,CA_2,2016-05-13,3,0.0,1.0,0.0,2.5714285,3.857143,0.48,0.0,0,4,5,2016,0
HOBBIES_1_008,HOBBIES_1,HOBBIES,CA_2,2016-05-14,6,3.0,8.0,1.0,2.857143,3.9642856,0.48,0.0,1,5,5,2016,0
HOBBIES_1_008,HOBBIES_1,HOBBIES,CA_2,2016-05-15,8,6.0,2.0,0.0,2.5714285,4.142857,0.48,0.0,1,6,5,2016,0
HOBBIES_1_008,HOBBIES_1,HOBBIES,CA_2,2016-05-16,1,8.0,0.0,0.0,3.4285715,4.428571,0.48,0.0,0,0,5,2016,0
HOBBIES_1_008,HOBBIES_1,HOBBIES,CA_2,2016-05-17,3,1.0,7.0,2.0,3.5714285,4.464286,0.48,0.0,0,1,5,2016,0
HOBBIES_1_008,HOBBIES_1,HOBBIES,CA_2,2016-05-18,0,3.0,0.0,8.0,3.0,4.5,0.48,0.0,0,2,5,2016,0
HOBBIES_1_008,HOBBIES_1,HOBBIES,CA_2,2016-05-19,0,0.0,0.0,5.0,3.0,4.214286,0.48,0.0,0,3,5,2016,0
HOBBIES_1_008,HOBBIES_1,HOBBIES,CA_2,2016-05-20,5,0.0,3.0,5.0,3.0,4.035714,0.48,0.0,0,4,5,2016,0
HOBBIES_1_008,HOBBIES_1,HOBBIES,CA_2,2016-05-21,5,5.0,6.0,9.0,3.2857144,4.035714,0.48,0.0,1,5,5,2016,0
HOBBIES_1_008,HOBBIES_1,HOBBIES,CA_2,2016-05-22,1,5.0,8.0,7.0,3.142857,3.892857,0.48,0.0,1,6,5,2016,0
HOBBIES_1_008,HOBBIES_1,HOBBIES,CA_3,2016-04-25,14,8.0,2.0,11.0,8.571428,8.464286,0.48,0.0,0,0,4,2016,0
HOBBIES_1_008,HOBBIES_1,HOBBIES,CA_3,2016-04-26,1,14.0,4.0,4.0,10.285714,8.571428,0.48,0.0,0,1,4,2016,0
HOBBIES_1_008,HOBBIES_1,HOBBIES,CA_3,2016-04-27,4,1.0,10.0,4.0,9.857142,8.464286,0.48,0.0,0,2,4,2016,0
HOBBIES_1_008,HOBBIES_1,HOBBIES,CA_3,2016-04-28,2,4.0,15.0,27.0,9.0,8.464286,0.48,0.0,0,3,4,2016,0
HOBBIES_1_008,HOBBIES_1,HOBBIES,CA_3,2016-04-29,2,2.0,6.0,13.0,7.142857,7.571429,0.48,0.0,0,4,4,2016,0
HOBBIES_1_008,HOBBIES_1,HOBBIES,CA_3,2016-04-30,8,2.0,15.0,12.0,6.571429,7.178571,0.48,0.0,1,5,4,2016,0
HOBBIES_1_008,HOBBIES_1,HOBBIES,CA_3,2016-05-01,15,8.0,8.0,2.0,5.571429,7.035714,0.48,0.0,1,6,5,2016,1
HOBBIES_1_008,HOBBIES_1,HOBBIES,CA_3,2016-05-02,12,15.0,14.0,6.0,6.571429,7.5,0.48,0.0,0,0,5,2016,1
HOBBIES_1_008,HOBBIES_1,HOBBIES,CA_3,2016-05-03,12,12.0,1.0,2.0,6.285714,7.714286,0.48,0.0,0,1,5,2016,1
HOBBIES_1_008,HOBBIES_1,HOBBIES,CA_3,2016-05-04,8,12.0,4.0,10.0,7.857143,8.071428,0.48,0.0,0,2,5,2016,1
HOBBIES_1_008,HOBBIES_1,HOBBIES,CA_3,2016-05-05,4,8.0,2.0,4.0,8.428572,8.0,0.48,0.0,0,3,5,2016,1
HOBBIES_1_008,HOBBIES_1,HOBBIES,CA_3,2016-05-06,12,4.0,2.0,4.0,8.714286,8.0,0.48,0.0,0,4,5,2016,1
HOBBIES_1_008,HOBBIES_1,HOBBIES,CA_3,2016-05-07,19,12.0,8.0,11.0,10.142858,8.285714,0.48,0.0,1,5,5,2016,1
HOBBIES_1_008,HOBBIES_1,HOBBIES,CA_3,2016-05-08,5,19.0,15.0,0.0,11.714286,8.571428,0.48,0.0,1,6,5,2016,1
HOBBIES_1_008,HOBBIES_1,HOBBIES,CA_3,2016-05-09,4,5.0,12.0,12.0,10.285714,8.75,0.48,0.0,0,0,5,2016,1
HOBBIES_1_008,HOBBIES_1,HOBBIES,CA_3,2016-05-10,13,4.0,12.0,10.0,9.142858,8.464286,0.48,0.0,0,1,5,2016,1
HOBBIES_1_008,HOBBIES_1,HOBBIES,CA_3,2016-05-11,0,13.0,8.0,16.0,9.285714,8.571428,0.48,0.0,0,2,5,2016,0
HOBBIES_1_008,HOBBIES_1,HOBBIES,CA_3,2016-05-12,5,0.0,4.0,2.0,8.142858,8.0,0.48,0.0,0,3,5,2016,0
HOBBIES_1_008,HOBBIES_1,HOBBIES,CA_3,2016-05-13,7,5.0,12.0,2.0,8.285714,8.107142,0.48,0.0,0,4,5,2016,0
HOBBIES_1_008,HOBBIES_1,HOBBIES,CA_3,2016-05-14,7,7.0,19.0,12.0,7.571429,8.285714,0.48,0.0,1,5,5,2016,0
HOBBIES_1_008,HOBBIES_1,HOBBIES,CA_3,2016-05-15,13,7.0,5.0,13.0,5.857143,8.107142,0.48,0.0,1,6,5,2016,0
HOBBIES_1_008,HOBBIES_1,HOBBIES,CA_3,2016-05-16,5,13.0,4.0,2.0,7.0,8.107142,0.48,0.0,0,0,5,2016,0
HOBBIES_1_008,HOBBIES_1,HOBBIES,CA_3,2016-05-17,1,5.0,13.0,4.0,7.142857,8.214286,0.48,0.0,0,1,5,2016,0
HOBBIES_1_008,HOBBIES_1,HOBBIES,CA_3,2016-05-18,14,1.0,0.0,10.0,5.428571,8.107142,0.48,0.0,0,2,5,2016,0
HOBBIES_1_008,HOBBIES_1,HOBBIES,CA_3,2016-05-19,18,14.0,5.0,15.0,7.428571,8.25,0.48,0.0,0,3,5,2016,0
HOBBIES_1_008,HOBBIES_1,HOBBIES,CA_3,2016-05-20,6,18.0,7.0,6.0,9.285714,8.357142,0.48,0.0,0,4,5,2016,0
HOBBIES_1_008,HOBBIES_1,HOBBIES,CA_3,2016-05-21,17,6.0,7.0,15.0,9.142858,8.357142,0.48,0.0,1,5,5,2016,0
HOBBIES_1_008,HOBBIES_1,HOBBIES,CA_3,2016-05-22,16,17.0,13.0,8.0,10.571428,8.428572,0.48,0.0,1,6,5,2016,0
HOBBIES_1_008,HOBBIES_1,HOBBIES,CA_4,2016-04-25,2,4.0,3.0,0.0,4.285714,4.107143,0.48,0.0,0,0,4,2016,0
HOBBIES_1_008,HOBBIES_1,HOBBIES,CA_4,2016-04-26,0,2.0,0.0,0.0,4.142857,4.178571,0.48,0.0,0,1,4,2016,0
HOBBIES_1_008,HOBBIES_1,HOBBIES,CA_4,2016-04-27,3,0.0,4.0,0.0,4.142857,4.178571,0.48,0.0,0,2,4,2016,0
HOBBIES_1_008,HOBBIES_1,HOBBIES,CA_4,2016-04-28,4,3.0,7.0,2.0,4.0,4.285714,0.48,0.0,0,3,4,2016,0
HOBBIES_1_008,HOBBIES_1,HOBBIES,CA_4,2016-04-29,0,4.0,12.0,1.0,3.5714285,4.357143,0.48,0.0,0,4,4,2016,0
HOBBIES_1_008,HOBBIES_1,HOBBIES,CA_4,2016-04-30,5,0.0,0.0,11.0,1.8571428,4.321429,0.48,0.0,1,5,4,2016,0
HOBBIES_1_008,HOBBIES_1,HOBBIES,CA_4,2016-05-01,0,5.0,4.0,10.0,2.5714285,4.107143,0.48,0.0,1,6,5,2016,1
HOBBIES_1_008,HOBBIES_1,HOBBIES,CA_4,2016-05-02,0,0.0,2.0,4.0,2.0,3.75,0.48,0.0,0,0,5,2016,1
HOBBIES_1_008,HOBBIES_1,HOBBIES,CA_4,2016-05-03,13,0.0,0.0,5.0,1.7142857,3.607143,0.48,0.0,0,1,5,2016,1
HOBBIES_1_008,HOBBIES_1,HOBBIES,CA_4,2016-05-04,0,13.0,3.0,6.0,3.5714285,3.892857,0.48,0.0,0,2,5,2016,1
HOBBIES_1_008,HOBBIES_1,HOBBIES,CA_4,2016-05-05,3,0.0,4.0,0.0,3.142857,3.6785715,0.48,0.0,0,3,5,2016,1
HOBBIES_1_008,HOBBIES_1,HOBBIES,CA_4,2016-05-06,0,3.0,0.0,6.0,3.0,3.7857144,0.48,0.0,0,4,5,2016,1
HOBBIES_1_008,HOBBIES_1,HOBBIES,CA_4,2016-05-07,5,0.0,5.0,6.0,3.0,3.5714285,0.48,0.0,1,5,5,2016,1
HOBBIES_1_008,HOBBIES_1,HOBBIES,CA_4,2016-05-08,2,5.0,0.0,9.0,3.0,3.5357144,0.48,0.0,1,6,5,2016,1
HOBBIES_1_008,HOBBIES_1,HOBBIES,CA_4,2016-05-09,0,2.0,0.0,3.0,3.2857144,3.2857144,0.48,0.0,0,0,5,2016,1
HOBBIES_1_008,HOBBIES_1,HOBBIES,CA_4,2016-05-10,3,0.0,13.0,3.0,3.2857144,3.1785715,0.48,0.0,0,1,5,2016,1
HOBBIES_1_008,HOBBIES_1,HOBBIES,CA_4,2016-05-11,2,3.0,0.0,0.0,1.8571428,3.1785715,0.48,0.0,0,2,5,2016,0
HOBBIES_1_008,HOBBIES_1,HOBBIES,CA_4,2016-05-12,9,2.0,3.0,3.0,2.142857,3.25,0.48,0.0,0,3,5,2016,0
HOBBIES_1_008,HOBBIES_1,HOBBIES,CA_4,2016-05-13,0,9.0,0.0,2.0,3.0,3.4642856,0.48,0.0,0,4,5,2016,0
HOBBIES_1_008,HOBBIES_1,HOBBIES,CA_4,2016-05-14,11,0.0,5.0,8.0,3.0,3.392857,0.48,0.0,1,5,5,2016,0
HOBBIES_1_008,HOBBIES_1,HOBBIES,CA_4,2016-05-15,5,11.0,2.0,6.0,3.857143,3.5,0.48,0.0,1,6,5,2016,0
HOBBIES_1_008,HOBBIES_1,HOBBIES,CA_4,2016-05-16,0,5.0,0.0,3.0,4.285714,3.4642856,0.48,0.0,0,0,5,2016,0
HOBBIES_1_008,HOBBIES_1,HOBBIES,CA_4,2016-05-17,1,0.0,3.0,0.0,4.285714,3.357143,0.48,0.0,0,1,5,2016,0
HOBBIES_1_008,HOBBIES_1,HOBBIES,CA_4,2016-05-18,0,1.0,2.0,4.0,4.0,3.392857,0.48,0.0,0,2,5,2016,0
HOBBIES_1_008,HOBBIES_1,HOBBIES,CA_4,2016-05-19,2,0.0,9.0,7.0,3.7142856,3.25,0.48,0.0,0,3,5,2016,0
HOBBIES_1_008,HOBBIES_1,HOBBIES,CA_4,2016-05-20,3,2.0,0.0,12.0,2.7142856,3.0714285,0.48,0.0,0,4,5,2016,0
HOBBIES_1_008,HOBBIES_1,HOBBIES,CA_4,2016-05-21,15,3.0,11.0,0.0,3.142857,2.75,0.48,0.0,1,5,5,2016,0
HOBBIES_1_008,HOBBIES_1,HOBBIES,CA_4,2016-05-22,1,15.0,5.0,4.0,3.7142856,3.2857144,0.48,0.0,1,6,5,2016,0
HOBBIES_1_048,HOBBIES_1,HOBBIES,CA_1,2016-04-25,24,21.0,25.0,3.0,15.571428,15.714286,0.48,0.0,0,0,4,2016,0
HOBBIES_1_048,HOBBIES_1,HOBBIES,CA_1,2016-04-26,29,24.0,4.0,10.0,15.428572,16.464285,0.48,0.0,0,1,4,2016,0
HOBBIES_1_048,HOBBIES_1,HOBBIES,CA_1,2016-04-27,3,29.0,19.0,16.0,19.0,17.142857,0.48,0.0,0,2,4,2016,0
HOBBIES_1_048,HOBBIES_1,HOBBIES,CA_1,2016-04-28,24,3.0,10.0,31.0,16.714285,16.678572,0.48,0.0,0,3,4,2016,0
HOBBIES_1_048,HOBBIES_1,HOBBIES,CA_1,2016-04-29,33,24.0,20.0,22.0,18.714285,16.428572,0.48,0.0,0,4,4,2016,0
HOBBIES_1_048,HOBBIES_1,HOBBIES,CA_1,2016-04-30,11,33.0,10.0,26.0,20.571428,16.821428,0.48,0.0,1,5,4,2016,0
HOBBIES_1_048,HOBBIES_1,HOBBIES,CA_1,2016-05-01,24,11.0,21.0,54.0,20.714285,16.285715,0.48,0.0,1,6,5,2016,1
HOBBIES_1_048,HOBBIES_1,HOBBIES,CA_1,2016-05-02,4,24.0,24.0,7.0,21.142857,15.214286,0.48,0.0,0,0,5,2016,1
HOBBIES_1_048,HOBBIES_1,HOBBIES,CA_1,2016-05-03,3,4.0,29.0,8.0,18.285715,15.107142,0.48,0.0,0,1,5,2016,1
HOBBIES_1_048,HOBBIES_1,HOBBIES,CA_1,2016-05-04,33,3.0,3.0,4.0,14.571428,14.928572,0.48,0.0,0,2,5,2016,1
HOBBIES_1_048,HOBBIES_1,HOBBIES,CA_1,2016-05-05,9,33.0,24.0,7.0,18.857143,15.964286,0.48,0.0,0,3,5,2016,1
HOBBIES_1_048,HOBBIES_1,HOBBIES,CA_1,2016-05-06,15,9.0,33.0,14.0,16.714285,16.035715,0.48,0.0,0,4,5,2016,1
HOBBIES_1_048,HOBBIES_1,HOBBIES,CA_1,2016-05-07,15,15.0,11.0,11.0,14.142858,16.071428,0.48,0.0,1,5,5,2016,1
HOBBIES_1_048,HOBBIES_1,HOBBIES,CA_1,2016-05-08,10,15.0,24.0,5.0,14.714286,16.214285,0.48,0.0,1,6,5,2016,1
HOBBIES_1_048,HOBBIES_1,HOBBIES,CA_1,2016-05-09,25,10.0,4.0,53.0,12.714286,16.392857,0.48,0.0,0,0,5,2016,1
HOBBIES_1_048,HOBBIES_1,HOBBIES,CA_1,2016-05-10,7,25.0,3.0,5.0,15.714286,15.392858,0.48,0.0,0,1,5,2016,1
HOBBIES_1_048,HOBBIES_1,HOBBIES,CA_1,2016-05-11,5,7.0,33.0,1.0,16.285715,15.464286,0.48,0.0,0,2,5,2016,0
HOBBIES_1_048,HOBBIES_1,HOBBIES,CA_1,2016-05-12,23,5.0,9.0,9.0,12.285714,15.607142,0.48,0.0,0,3,5,2016,0
HOBBIES_1_048,HOBBIES_1,HOBBIES,CA_1,2016-05-13,5,23.0,15.0,15.0,14.285714,16.107143,0.48,0.0,0,4,5,2016,0
HOBBIES_1_048,HOBBIES_1,HOBBIES,CA_1,2016-05-14,16,5.0,15.0,13.0,12.857142,15.75,0.48,0.0,1,5,5,2016,0
HOBBIES_1_048,HOBBIES_1,HOBBIES,CA_1,2016-05-15,13,16.0,10.0,17.0,13.0,15.857142,0.48,0.0,1,6,5,2016,0
HOBBIES_1_048,HOBBIES_1,HOBBIES,CA_1,2016-05-16,9,13.0,25.0,25.0,13.428572,15.714286,0.48,0.0,0,0,5,2016,0
HOBBIES_1_048,HOBBIES_1,HOBBIES,CA_1,2016-05-17,15,9.0,7.0,4.0,11.142858,15.142858,0.48,0.0,0,1,5,2016,0
HOBBIES_1_048,HOBBIES_1,HOBBIES,CA_1,2016-05-18,26,15.0,5.0,19.0,12.285714,15.535714,0.48,0.0,0,2,5,2016,0
HOBBIES_1_048,HOBBIES_1,HOBBIES,CA_1,2016-05-19,4,26.0,23.0,10.0,15.285714,15.785714,0.48,0.0,0,3,5,2016,0
HOBBIES_1_048,HOBBIES_1,HOBBIES,CA_1,2016-05-20,21,4.0,5.0,20.0,12.571428,15.571428,0.48,0.0,0,4,5,2016,0
HOBBIES_1_048,HOBBIES_1,HOBBIES,CA_1,2016-05-21,20,21.0,16.0,10.0,14.857142,15.607142,0.48,0.0,1,5,5,2016,0
HOBBIES_1_048,HOBBIES_1,HOBBIES,CA_1,2016-05-22,27,20.0,13.0,21.0,15.428572,15.964286,0.48,0.0,1,6,5,2016,0
HOBBIES_1_048,HOBBIES_1,HOBBIES,CA_2,2016-04-25,0,3.0,4.0,15.0,7.857143,8.392858,0.48,0.0,0,0,4,2016,0
HOBBIES_1_048,HOBBIES_1,HOBBIES,CA_2,2016-04-26,4,0.0,13.0,9.0,7.285714,7.857143,0.48,0.0,0,1,4,2016,0
HOBBIES_1_048,HOBBIES_1,HOBBIES,CA_2,2016-04-27,2,4.0,7.0,4.0,6.0,7.678571,0.48,0.0,0,2,4,2016,0
HOBBIES_1_048,HOBBIES_1,HOBBIES,CA_2,2016-04-28,9,2.0,0.0,6.0,5.285714,7.607143,0.48,0.0,0,3,4,2016,0
HOBBIES_1_048,HOBBIES_1,HOBBIES,CA_2,2016-04-29,11,9.0,19.0,13.0,6.571429,7.714286,0.48,0.0,0,4,4,2016,0
HOBBIES_1_048,HOBBIES_1,HOBBIES,CA_2,2016-04-30,3,11.0,9.0,0.0,5.428571,7.642857,0.48,0.0,1,5,4,2016,0
HOBBIES_1_048,HOBBIES_1,HOBBIES,CA_2,2016-05-01,20,3.0,3.0,5.0,4.571429,7.75,0.48,0.0,1,6,5,2016,1
HOBBIES_1_048,HOBBIES_1,HOBBIES,CA_2,2016-05-02,0,20.0,0.0,10.0,7.0,8.285714,0.48,0.0,0,0,5,2016,1
HOBBIES_1_048,HOBBIES_1,HOBBIES,CA_2,2016-05-03,0,0.0,4.0,22.0,7.0,7.928571,0.48,0.0,0,1,5,2016,1
HOBBIES_1_048,HOBBIES_1,HOBBIES,CA_2,2016-05-04,4,0.0,2.0,9.0,6.428571,7.142857,0.48,0.0,0,2,5,2016,1
HOBBIES_1_048,HOBBIES_1,HOBBIES,CA_2,2016-05-05,17,4.0,9.0,16.0,6.714286,6.964286,0.48,0.0,0,3,5,2016,1
HOBBIES_1_048,HOBBIES_1,HOBBIES,CA_2,2016-05-06,25,17.0,11.0,7.0,7.857143,7.0,0.48,0.0,0,4,5,2016,1
HOBBIES_1_048,HOBBIES_1,HOBBIES,CA_2,2016-05-07,0,25.0,3.0,0.0,9.857142,7.642857,0.48,0.0,1,5,5,2016,1
HOBBIES_1_048,HOBBIES_1,HOBBIES,CA_2,2016-05-08,0,0.0,20.0,5.0,9.428572,7.642857,0.48,0.0,1,6,5,2016,1
HOBBIES_1_048,HOBBIES_1,HOBBIES,CA_2,2016-05-09,0,0.0,0.0,5.0,6.571429,7.464286,0.48,0.0,0,0,5,2016,1
HOBBIES_1_048,HOBBIES_1,HOBBIES,CA_2,2016-05-10,0,0.0,0.0,2.0,6.571429,7.285714,0.48,0.0,0,1,5,2016,1
HOBBIES_1_048,HOBBIES_1,HOBBIES,CA_2,2016-05-11,8,0.0,4.0,7.0,6.571429,7.214286,0.48,0.0,0,2,5,2016,0
HOBBIES_1_048,HOBBIES_1,HOBBIES,CA_2,2016-05-12,17,8.0,17.0,27.0,7.142857,7.25,0.48,0.0,0,3,5,2016,0
HOBBIES_1_048,HOBBIES_1,HOBBIES,CA_2,2016-05-13,0,17.0,25.0,6.0,7.142857,6.892857,0.48,0.0,0,4,5,2016,0
HOBBIES_1_048,HOBBIES_1,HOBBIES,CA_2,2016-05-14,18,0.0,0.0,8.0,3.5714285,6.678571,0.48,0.0,1,5,5,2016,0
HOBBIES_1_048,HOBBIES_1,HOBBIES,CA_2,2016-05-15,4,18.0,0.0,4.0,6.142857,7.035714,0.48,0.0,1,6,5,2016,0
HOBBIES_1_048,HOBBIES_1,HOBBIES,CA_2,2016-05-16,11,4.0,0.0,4.0,6.714286,7.035714,0.48,0.0,0,0,5,2016,0
HOBBIES_1_048,HOBBIES_1,HOBBIES,CA_2,2016-05-17,7,11.0,0.0,13.0,8.285714,7.285714,0.48,0.0,0,1,5,2016,0
HOBBIES_1_048,HOBBIES_1,HOBBIES,CA_2,2016-05-18,4,7.0,8.0,7.0,9.285714,7.071429,0.48,0.0,0,2,5,2016,0
HOBBIES_1_048,HOBBIES_1,HOBBIES,CA_2,2016-05-19,2,4.0,17.0,0.0,8.714286,6.964286,0.48,0.0,0,3,5,2016,0
HOBBIES_1_048,HOBBIES_1,HOBBIES,CA_2,2016-05-20,10,2.0,0.0,19.0,6.571429,7.035714,0.48,0.0,0,4,5,2016,0
HOBBIES_1_048,HOBBIES_1,HOBBIES,CA_2,2016-05-21,14,10.0,18.0,9.0,8.0,6.714286,0.48,0.0,1,5,5,2016,0
HOBBIES_1_048,HOBBIES_1,HOBBIES,CA_2,2016-05-22,6,14.0,4.0,3.0,7.428571,6.892857,0.48,0.0,1,6,5,2016,0
HOBBIES_1_048,HOBBIES_1,HOBBIES,CA_3,2016-04-25,11,16.0,6.0,12.0,6.714286,9.857142,0.48,0.0,0,0,4,2016,0
HOBBIES_1_048,HOBBIES_1,HOBBIES,CA_3,2016-04-26,6,11.0,1.0,17.0,7.428571,9.821428,0.48,0.0,0,1,4,2016,0
HOBBIES_1_048,HOBBIES_1,HOBBIES,CA_3,2016-04-27,23,6.0,4.0,8.0,8.142858,9.428572,0.48,0.0,0,2,4,2016,0
HOBBIES_1_048,HOBBIES_1,HOBBIES,CA_3,2016-04-28,12,23.0,7.0,5.0,10.857142,9.964286,0.48,0.0,0,3,4,2016,0
HOBBIES_1_048,HOBBIES_1,HOBBIES,CA_3,2016-04-29,4,12.0,3.0,6.0,11.571428,10.214286,0.48,0.0,0,4,4,2016,0
HOBBIES_1_048,HOBBIES_1,HOBBIES,CA_3,2016-04-30,1,4.0,10.0,17.0,11.714286,10.142858,0.48,0.0,1,5,4,2016,0
HOBBIES_1_048,HOBBIES_1,HOBBIES,CA_3,2016-05-01,20,1.0,16.0,26.0,10.428572,9.571428,0.48,0.0,1,6,5,2016,1
HOBBIES_1_048,HOBBIES_1,HOBBIES,CA_3,2016-05-02,4,20.0,11.0,14.0,11.0,9.357142,0.48,0.0,0,0,5,2016,1
HOBBIES_1_048,HOBBIES_1,HOBBIES,CA_3,2016-05-03,28,4.0,6.0,3.0,10.0,9.0,0.48,0.0,0,1,5,2016,1
HOBBIES_1_048,HOBBIES_1,HOBBIES,CA_3,2016-05-04,2,28.0,23.0,12.0,13.142858,9.892858,0.48,0.0,0,2,5,2016,1
HOBBIES_1_048,HOBBIES_1,HOBBIES,CA_3,2016-05-05,9,2.0,12.0,10.0,10.142858,9.535714,0.48,0.0,0,3,5,2016,1
HOBBIES_1_048,HOBBIES_1,HOBBIES,CA_3,2016-05-06,3,9.0,4.0,14.0,9.714286,9.5,0.48,0.0,0,4,5,2016,1
HOBBIES_1_048,HOBBIES_1,HOBBIES,CA_3,2016-05-07,12,3.0,1.0,4.0,9.571428,9.107142,0.48,0.0,1,5,5,2016,1
HOBBIES_1_048,HOBBIES_1,HOBBIES,CA_3,2016-05-08,7,12.0,20.0,27.0,11.142858,9.392858,0.48,0.0,1,6,5,2016,1
HOBBIES_1_048,HOBBIES_1,HOBBIES,CA_3,2016-05-09,12,7.0,4.0,13.0,9.285714,8.678572,0.48,0.0,0,0,5,2016,1
HOBBIES_1_048,HOBBIES_1,HOBBIES,CA_3,2016-05-10,2,12.0,28.0,2.0,10.428572,8.642858,0.48,0.0,0,1,5,2016,1
HOBBIES_1_048,HOBBIES_1,HOBBIES,CA_3,2016-05-11,7,2.0,2.0,6.0,6.714286,8.642858,0.48,0.0,0,2,5,2016,0
HOBBIES_1_048,HOBBIES_1,HOBBIES,CA_3,2016-05-12,2,7.0,9.0,13.0,7.428571,8.678572,0.48,0.0,0,3,5,2016,0
HOBBIES_1_048,HOBBIES_1,HOBBIES,CA_3,2016-05-13,8,2.0,3.0,1.0,6.428571,8.285714,0.48,0.0,0,4,5,2016,0
HOBBIES_1_048,HOBBIES_1,HOBBIES,CA_3,2016-05-14,10,8.0,12.0,5.0,7.142857,8.535714,0.48,0.0,1,5,5,2016,0
HOBBIES_1_048,HOBBIES_1,HOBBIES,CA_3,2016-05-15,12,10.0,7.0,14.0,6.857143,8.714286,0.48,0.0,1,6,5,2016,0
HOBBIES_1_048,HOBBIES_1,HOBBIES,CA_3,2016-05-16,11,12.0,12.0,6.0,7.571429,8.642858,0.48,0.0,0,0,5,2016,0
HOBBIES_1_048,HOBBIES_1,HOBBIES,CA_3,2016-05-17,11,11.0,2.0,1.0,7.428571,8.821428,0.48,0.0,0,1,5,2016,0
HOBBIES_1_048,HOBBIES_1,HOBBIES,CA_3,2016-05-18,4,11.0,7.0,4.0,8.714286,9.178572,0.48,0.0,0,2,5,2016,0
HOBBIES_1_048,HOBBIES_1,HOBBIES,CA_3,2016-05-19,6,4.0,2.0,7.0,8.285714,9.178572,0.48,0.0,0,3,5,2016,0
HOBBIES_1_048,HOBBIES_1,HOBBIES,CA_3,2016-05-20,3,6.0,8.0,3.0,8.857142,9.142858,0.48,0.0,0,4,5,2016,0
HOBBIES_1_048,HOBBIES_1,HOBBIES,CA_3,2016-05-21,8,3.0,10.0,10.0,8.142858,9.142858,0.48,0.0,1,5,5,2016,0
HOBBIES_1_048,HOBBIES_1,HOBBIES,CA_3,2016-05-22,23,8.0,12.0,16.0,7.857143,9.071428,0.48,0.0,1,6,5,2016,0
HOBBIES_1_048,HOBBIES_1,HOBBIES,CA_4,2016-04-25,4,18.0,19.0,2.0,14.0,9.535714,0.48,0.0,0,0,4,2016,0
HOBBIES_1_048,HOBBIES_1,HOBBIES,CA_4,2016-04-26,10,4.0,20.0,30.0,11.857142,9.607142,0.48,0.0,0,1,4,2016,0
HOBBIES_1_048,HOBBIES_1,HOBBIES,CA_4,2016-04-27,0,10.0,5.0,0.0,10.428572,8.892858,0.48,0.0,0,2,4,2016,0
HOBBIES_1_048,HOBBIES_1,HOBBIES,CA_4,2016-04-28,5,0.0,17.0,19.0,9.714286,8.892858,0.48,0.0,0,3,4,2016,0
HOBBIES_1_048,HOBBIES_1,HOBBIES,CA_4,2016-04-29,16,5.0,16.0,0.0,8.0,8.392858,0.48,0.0,0,4,4,2016,0
HOBBIES_1_048,HOBBIES_1,HOBBIES,CA_4,2016-04-30,17,16.0,3.0,3.0,8.0,8.964286,0.48,0.0,1,5,4,2016,0
HOBBIES_1_048,HOBBIES_1,HOBBIES,CA_4,2016-05-01,2,17.0,18.0,4.0,10.0,9.464286,0.48,0.0,1,6,5,2016,1
HOBBIES_1_048,HOBBIES_1,HOBBIES,CA_4,2016-05-02,21,2.0,4.0,15.0,7.714286,9.392858,0.48,0.0,0,0,5,2016,1
HOBBIES_1_048,HOBBIES_1,HOBBIES,CA_4,2016-05-03,9,21.0,10.0,5.0,10.142858,9.607142,0.48,0.0,0,1,5,2016,1
HOBBIES_1_048,HOBBIES_1,HOBBIES,CA_4,2016-05-04,11,9.0,0.0,9.0,10.0,9.75,0.48,0.0,0,2,5,2016,1
HOBBIES_1_048,HOBBIES_1,HOBBIES,CA_4,2016-05-05,13,11.0,5.0,19.0,11.571428,9.821428,0.48,0.0,0,3,5,2016,1
HOBBIES_1_048,HOBBIES_1,HOBBIES,CA_4,2016-05-06,7,13.0,16.0,3.0,12.714286,9.607142,0.48,0.0,0,4,5,2016,1
HOBBIES_1_048,HOBBIES_1,HOBBIES,CA_4,2016-05-07,1,7.0,17.0,13.0,11.428572,9.75,0.48,0.0,1,5,5,2016,1
HOBBIES_1_048,HOBBIES_1,HOBBIES,CA_4,2016-05-08,4,1.0,2.0,2.0,9.142858,9.321428,0.48,0.0,1,6,5,2016,1
HOBBIES_1_048,HOBBIES_1,HOBBIES,CA_4,2016-05-09,19,4.0,21.0,4.0,9.428572,9.392858,0.48,0.0,0,0,5,2016,1
HOBBIES_1_048,HOBBIES_1,HOBBIES,CA_4,2016-05-10,7,19.0,9.0,6.0,9.142858,9.928572,0.48,0.0,0,1,5,2016,1
HOBBIES_1_048,HOBBIES_1,HOBBIES,CA_4,2016-05-11,13,7.0,11.0,1.0,8.857142,9.964286,0.48,0.0,0,2,5,2016,0
HOBBIES_1_048,HOBBIES_1,HOBBIES,CA_4,2016-05-12,13,13.0,13.0,12.0,9.142858,10.392858,0.48,0.0,0,3,5,2016,0
HOBBIES_1_048,HOBBIES_1,HOBBIES,CA_4,2016-05-13,4,13.0,7.0,12.0,9.142858,10.428572,0.48,0.0,0,4,5,2016,0
HOBBIES_1_048,HOBBIES_1,HOBBIES,CA_4,2016-05-14,8,4.0,1.0,7.0,8.714286,10.142858,0.48,0.0,1,5,5,2016,0
HOBBIES_1_048,HOBBIES_1,HOBBIES,CA_4,2016-05-15,12,8.0,4.0,3.0,9.714286,10.178572,0.48,0.0,1,6,5,2016,0
HOBBIES_1_048,HOBBIES_1,HOBBIES,CA_4,2016-05-16,7,12.0,19.0,19.0,10.857142,10.5,0.48,0.0,0,0,5,2016,0
HOBBIES_1_048,HOBBIES_1,HOBBIES,CA_4,2016-05-17,11,7.0,7.0,20.0,9.142858,10.071428,0.48,0.0,0,1,5,2016,0
HOBBIES_1_048,HOBBIES_1,HOBBIES,CA_4,2016-05-18,8,11.0,13.0,5.0,9.714286,9.75,0.48,0.0,0,2,5,2016,0
HOBBIES_1_048,HOBBIES_1,HOBBIES,CA_4,2016-05-19,0,8.0,13.0,17.0,9.0,9.857142,0.48,0.0,0,3,5,2016,0
HOBBIES_1_048,HOBBIES_1,HOBBIES,CA_4,2016-05-20,12,0.0,4.0,16.0,7.142857,9.25,0.48,0.0,0,4,5,2016,0
HOBBIES_1_048,HOBBIES_1,HOBBIES,CA_4,2016-05-21,6,12.0,8.0,3.0,8.285714,9.107142,0.48,0.0,1,5,5,2016,0
HOBBIES_1_048,HOBBIES_1,HOBBIES,CA_4,2016-05-22,17,6.0,12.0,18.0,8.0,9.214286,0.48,0.0,1,6,5,2016,0
HOBBIES_1_189,HOBBIES_1,HOBBIES,CA_1,2016-04-25,17,35.0,4.0,8.0,15.0,12.857142,0.48,0.0,0,0,4,2016,0
HOBBIES_1_189,HOBBIES_1,HOBBIES,CA_1,2016-04-26,22,17.0,11.0,11.0,16.857143,13.178572,0.48,0.0,0,1,4,2016,0
HOBBIES_1_189,HOBBIES_1,HOBBIES,CA_1,2016-04-27,7,22.0,4.0,4.0,18.428572,13.571428,0.48,0.0,0,2,4,2016,0
HOBBIES_1_189,HOBBIES_1,HOBBIES,CA_1,2016-04-28,28,7.0,10.0,4.0,18.857143,13.678572,0.48,0.0,0,3,4,2016,0
HOBBIES_1_189,HOBBIES_1,HOBBIES,CA_1,2016-04-29,2,28.0,19.0,22.0,21.428572,14.535714,0.48,0.0,0,4,4,2016,0
HOBBIES_1_189,HOBBIES_1,HOBBIES,CA_1,2016-04-30,29,2.0,22.0,12.0,19.0,13.821428,0.48,0.0,1,5,4,2016,0
HOBBIES_1_189,HOBBIES_1,HOBBIES,CA_1,2016-05-01,9,29.0,35.0,29.0,20.0,14.428572,0.48,0.0,1,6,5,2016,1
HOBBIES_1_189,HOBBIES_1,HOBBIES,CA_1,2016-05-02,9,9.0,17.0,12.0,16.285715,13.714286,0.48,0.0,0,0,5,2016,1
HOBBIES_1_189,HOBBIES_1,HOBBIES,CA_1,2016-05-03,0,9.0,22.0,21.0,15.142858,13.607142,0.48,0.0,0,1,5,2016,1
HOBBIES_1_189,HOBBIES_1,HOBBIES,CA_1,2016-05-04,17,0.0,7.0,1.0,12.0,12.857142,0.48,0.0,0,2,5,2016,1
HOBBIES_1_189,HOBBIES_1,HOBBIES,CA_1,2016-05-05,5,17.0,28.0,18.0,13.428572,13.428572,0.48,0.0,0,3,5,2016,1
HOBBIES_1_189,HOBBIES_1,HOBBIES,CA_1,2016-05-06,10,5.0,2.0,24.0,10.142858,12.964286,0.48,0.0,0,4,5,2016,1
HOBBIES_1_189,HOBBIES_1,HOBBIES,CA_1,2016-05-07,13,10.0,29.0,8.0,11.285714,12.464286,0.48,0.0,1,5,5,2016,1
HOBBIES_1_189,HOBBIES_1,HOBBIES,CA_1,2016-05-08,7,13.0,9.0,4.0,9.0,12.642858,0.48,0.0,1,6,5,2016,1
HOBBIES_1_189,HOBBIES_1,HOBBIES,CA_1,2016-05-09,11,7.0,9.0,12.0,8.714286,12.75,0.48,0.0,0,0,5,2016,1
HOBBIES_1_189,HOBBIES_1,HOBBIES,CA_1,2016-05-10,4,11.0,0.0,1.0,9.0,12.714286,0.48,0.0,0,1,5,2016,1
HOBBIES_1_189,HOBBIES_1,HOBBIES,CA_1,2016-05-11,12,4.0,17.0,3.0,9.571428,12.821428,0.48,0.0,0,2,5,2016,0
HOBBIES_1_189,HOBBIES_1,HOBBIES,CA_1,2016-05-12,4,12.0,5.0,4.0,8.857142,13.142858,0.48,0.0,0,3,5,2016,0
HOBBIES_1_189,HOBBIES_1,HOBBIES,CA_1,2016-05-13,3,4.0,10.0,7.0,8.714286,13.142858,0.48,0.0,0,4,5,2016,0
HOBBIES_1_189,HOBBIES_1,HOBBIES,CA_1,2016-05-14,11,3.0,13.0,22.0,7.714286,13.0,0.48,0.0,1,5,5,2016,0
HOBBIES_1_189,HOBBIES_1,HOBBIES,CA_1,2016-05-15,1,11.0,7.0,28.0,7.428571,12.607142,0.48,0.0,1,6,5,2016,0
HOBBIES_1_189,HOBBIES_1,HOBBIES,CA_1,2016-05-16,6,1.0,11.0,4.0,6.571429,11.642858,0.48,0.0,0,0,5,2016,0
HOBBIES_1_189,HOBBIES_1,HOBBIES,CA_1,2016-05-17,12,6.0,4.0,11.0,5.857143,11.714286,0.48,0.0,0,1,5,2016,0
HOBBIES_1_189,HOBBIES_1,HOBBIES,CA_1,2016-05-18,3,12.0,12.0,4.0,7.0,11.75,0.48,0.0,0,2,5,2016,0
HOBBIES_1_189,HOBBIES_1,HOBBIES,CA_1,2016-05-19,6,3.0,4.0,10.0,5.714286,11.714286,0.48,0.0,0,3,5,2016,0
HOBBIES_1_189,HOBBIES_1,HOBBIES,CA_1,2016-05-20,2,6.0,3.0,19.0,6.0,11.571428,0.48,0.0,0,4,5,2016,0
HOBBIES_1_189,HOBBIES_1,HOBBIES,CA_1,2016-05-21,10,2.0,11.0,22.0,5.857143,10.964286,0.48,0.0,1,5,5,2016,0
HOBBIES_1_189,HOBBIES_1,HOBBIES,CA_1,2016-05-22,16,10.0,1.0,35.0,5.714286,10.535714,0.48,0.0,1,6,5,2016,0
HOBBIES_1_189,HOBBIES_1,HOBBIES,CA_2,2016-04-25,2,20.0,0.0,0.0,6.0,4.678571,0.48,0.0,0,0,4,2016,0
HOBBIES_1_189,HOBBIES_1,HOBBIES,CA_2,2016-04-26,2,2.0,9.0,12.0,6.285714,4.75,0.48,0.0,0,1,4,2016,0
HOBBIES_1_189,HOBBIES_1,HOBBIES,CA_2,2016-04-27,5,2.0,0.0,2.0,5.285714,4.392857,0.48,0.0,0,2,4,2016,0
HOBBIES_1_189,HOBBIES_1,HOBBIES,CA_2,2016-04-28,3,5.0,0.0,0.0,6.0,4.5,0.48,0.0,0,3,4,2016,0
HOBBIES_1_189,HOBBIES_1,HOBBIES,CA_2,2016-04-29,0,3.0,10.0,7.0,6.428571,4.607143,0.48,0.0,0,4,4,2016,0
HOBBIES_1_189,HOBBIES_1,HOBBIES,CA_2,2016-04-30,0,0.0,3.0,14.0,5.0,4.357143,0.48,0.0,1,5,4,2016,0
HOBBIES_1_189,HOBBIES_1,HOBBIES,CA_2,2016-05-01,2,0.0,20.0,1.0,4.571429,3.857143,0.48,0.0,1,6,5,2016,1
HOBBIES_1_189,HOBBIES_1,HOBBIES,CA_2,2016-05-02,4,2.0,2.0,6.0,2.0,3.892857,0.48,0.0,0,0,5,2016,1
HOBBIES_1_189,HOBBIES_1,HOBBIES,CA_2,2016-05-03,14,4.0,2.0,5.0,2.2857144,3.8214285,0.48,0.0,0,1,5,2016,1
HOBBIES_1_189,HOBBIES_1,HOBBIES,CA_2,2016-05-04,3,14.0,5.0,0.0,4.0,4.142857,0.48,0.0,0,2,5,2016,1
HOBBIES_1_189,HOBBIES_1,HOBBIES,CA_2,2016-05-05,10,3.0,3.0,9.0,3.7142856,4.25,0.48,0.0,0,3,5,2016,1
HOBBIES_1_189,HOBBIES_1,HOBBIES,CA_2,2016-05-06,10,10.0,0.0,5.0,4.714286,4.285714,0.48,0.0,0,4,5,2016,1
HOBBIES_1_189,HOBBIES_1,HOBBIES,CA_2,2016-05-07,6,10.0,0.0,2.0,6.142857,4.464286,0.48,0.0,1,5,5,2016,1
HOBBIES_1_189,HOBBIES_1,HOBBIES,CA_2,2016-05-08,1,6.0,2.0,0.0,7.0,4.607143,0.48,0.0,1,6,5,2016,1
HOBBIES_1_189,HOBBIES_1,HOBBIES,CA_2,2016-05-09,4,1.0,4.0,0.0,6.857143,4.642857,0.48,0.0,0,0,5,2016,1
HOBBIES_1_189,HOBBIES_1,HOBBIES,CA_2,2016-05-10,12,4.0,14.0,13.0,6.857143,4.785714,0.48,0.0,0,1,5,2016,1
HOBBIES_1_189,HOBBIES_1,HOBBIES,CA_2,2016-05-11,9,12.0,3.0,0.0,6.571429,4.75,0.48,0.0,0,2,5,2016,0
HOBBIES_1_189,HOBBIES_1,HOBBIES,CA_2,2016-05-12,1,9.0,10.0,5.0,7.428571,5.071429,0.48,0.0,0,3,5,2016,0
HOBBIES_1_189,HOBBIES_1,HOBBIES,CA_2,2016-05-13,2,1.0,10.0,7.0,6.142857,4.928571,0.48,0.0,0,4,5,2016,0
HOBBIES_1_189,HOBBIES_1,HOBBIES,CA_2,2016-05-14,2,2.0,6.0,0.0,5.0,4.75,0.48,0.0,1,5,5,2016,0
HOBBIES_1_189,HOBBIES_1,HOBBIES,CA_2,2016-05-15,8,2.0,1.0,1.0,4.428571,4.821429,0.48,0.0,1,6,5,2016,0
HOBBIES_1_189,HOBBIES_1,HOBBIES,CA_2,2016-05-16,5,8.0,4.0,0.0,5.428571,5.071429,0.48,0.0,0,0,5,2016,0
HOBBIES_1_189,HOBBIES_1,HOBBIES,CA_2,2016-05-17,0,5.0,12.0,9.0,5.571429,5.25,0.48,0.0,0,1,5,2016,0
HOBBIES_1_189,HOBBIES_1,HOBBIES,CA_2,2016-05-18,5,0.0,9.0,0.0,3.857143,4.928571,0.48,0.0,0,2,5,2016,0
HOBBIES_1_189,HOBBIES_1,HOBBIES,CA_2,2016-05-19,5,5.0,1.0,0.0,3.2857144,5.107143,0.48,0.0,0,3,5,2016,0
HOBBIES_1_189,HOBBIES_1,HOBBIES,CA_2,2016-05-20,3,5.0,2.0,10.0,3.857143,5.285714,0.48,0.0,0,4,5,2016,0
HOBBIES_1_189,HOBBIES_1,HOBBIES,CA_2,2016-05-21,12,3.0,2.0,3.0,4.0,5.035714,0.48,0.0,1,5,5,2016,0
HOBBIES_1_189,HOBBIES_1,HOBBIES,CA_2,2016-05-22,8,12.0,8.0,20.0,5.428571,5.357143,0.48,0.0,1,6,5,2016,0
HOBBIES_1_189,HOBBIES_1,HOBBIES,CA_3,2016-04-25,2,3.0,5.0,11.0,3.4285715,4.392857,0.48,0.0,0,0,4,2016,0
HOBBIES_1_189,HOBBIES_1,HOBBIES,CA_3,2016-04-26,8,2.0,0.0,11.0,3.0,4.071429,0.48,0.0,0,1,4,2016,0
HOBBIES_1_189,HOBBIES_1,HOBBIES,CA_3,2016-04-27,2,8.0,9.0,2.0,4.142857,3.9642856,0.48,0.0,0,2,4,2016,0
HOBBIES_1_189,HOBBIES_1,HOBBIES,CA_3,2016-04-28,7,2.0,5.0,2.0,3.142857,3.9642856,0.48,0.0,0,3,4,2016,0
HOBBIES_1_189,HOBBIES_1,HOBBIES,CA_3,2016-04-29,4,7.0,2.0,10.0,3.4285715,4.142857,0.48,0.0,0,4,4,2016,0
HOBBIES_1_189,HOBBIES_1,HOBBIES,CA_3,2016-04-30,5,4.0,0.0,6.0,3.7142856,3.9285715,0.48,0.0,1,5,4,2016,0
HOBBIES_1_189,HOBBIES_1,HOBBIES,CA_3,2016-05-01,2,5.0,3.0,3.0,4.428571,3.892857,0.48,0.0,1,6,5,2016,1
HOBBIES_1_189,HOBBIES_1,HOBBIES,CA_3,2016-05-02,4,2.0,2.0,4.0,4.285714,3.857143,0.48,0.0,0,0,5,2016,1
HOBBIES_1_189,HOBBIES_1,HOBBIES,CA_3,2016-05-03,17,4.0,8.0,6.0,4.571429,3.857143,0.48,0.0,0,1,5,2016,1
HOBBIES_1_189,HOBBIES_1,HOBBIES,CA_3,2016-05-04,1,17.0,2.0,0.0,5.857143,4.25,0.48,0.0,0,2,5,2016,1
HOBBIES_1_189,HOBBIES_1,HOBBIES,CA_3,2016-05-05,0,1.0,7.0,3.0,5.714286,4.285714,0.48,0.0,0,3,5,2016,1
HOBBIES_1_189,HOBBIES_1,HOBBIES,CA_3,2016-05-06,1,0.0,4.0,11.0,4.714286,4.178571,0.48,0.0,0,4,5,2016,1
HOBBIES_1_189,HOBBIES_1,HOBBIES,CA_3,2016-05-07,3,1.0,5.0,1.0,4.285714,3.8214285,0.48,0.0,1,5,5,2016,1
HOBBIES_1_189,HOBBIES_1,HOBBIES,CA_3,2016-05-08,4,3.0,2.0,5.0,4.0,3.892857,0.48,0.0,1,6,5,2016,1
HOBBIES_1_189,HOBBIES_1,HOBBIES,CA_3,2016-05-09,6,4.0,4.0,0.0,4.285714,3.857143,0.48,0.0,0,0,5,2016,1
HOBBIES_1_189,HOBBIES_1,HOBBIES,CA_3,2016-05-10,5,6.0,17.0,1.0,4.571429,4.071429,0.48,0.0,0,1,5,2016,1
HOBBIES_1_189,HOBBIES_1,HOBBIES,CA_3,2016-05-11,9,5.0,1.0,3.0,2.857143,4.214286,0.48,0.0,0,2,5,2016,0
HOBBIES_1_189,HOBBIES_1,HOBBIES,CA_3,2016-05-12,9,9.0,0.0,11.0,4.0,4.428571,0.48,0.0,0,3,5,2016,0
HOBBIES_1_189,HOBBIES_1,HOBBIES,CA_3,2016-05-13,1,9.0,1.0,2.0,5.285714,4.357143,0.48,0.0,0,4,5,2016,0
HOBBIES_1_189,HOBBIES_1,HOBBIES,CA_3,2016-05-14,2,1.0,3.0,2.0,5.285714,4.321429,0.48,0.0,1,5,5,2016,0
HOBBIES_1_189,HOBBIES_1,HOBBIES,CA_3,2016-05-15,15,2.0,4.0,5.0,5.142857,4.321429,0.48,0.0,1,6,5,2016,0
HOBBIES_1_189,HOBBIES_1,HOBBIES,CA_3,2016-05-16,23,15.0,6.0,5.0,6.714286,4.678571,0.48,0.0,0,0,5,2016,0
HOBBIES_1_189,HOBBIES_1,HOBBIES,CA_3,2016-05-17,9,23.0,5.0,0.0,9.142858,5.321429,0.48,0.0,0,1,5,2016,0
HOBBIES_1_189,HOBBIES_1,HOBBIES,CA_3,2016-05-18,0,9.0,9.0,9.0,9.714286,5.642857,0.48,0.0,0,2,5,2016,0
HOBBIES_1_189,HOBBIES_1,HOBBIES,CA_3,2016-05-19,5,0.0,9.0,5.0,8.428572,5.321429,0.48,0.0,0,3,5,2016,0
HOBBIES_1_189,HOBBIES_1,HOBBIES,CA_3,2016-05-20,2,5.0,1.0,2.0,7.857143,5.321429,0.48,0.0,0,4,5,2016,0
HOBBIES_1_189,HOBBIES_1,HOBBIES,CA_3,2016-05-21,7,2.0,2.0,0.0,8.0,5.321429,0.48,0.0,1,5,5,2016,0
HOBBIES_1_189,HOBBIES_1,HOBBIES,CA_3,2016-05-22,11,7.0,15.0,3.0,8.714286,5.571429,0.48,0.0,1,6,5,2016,0
HOBBIES_1_189,HOBBIES_1,HOBBIES,CA_4,2016-04-25,9,12.0,10.0,5.0,7.428571,6.75,0.48,0.0,0,0,4,2016,0
HOBBIES_1_189,HOBBIES_1,HOBBIES,CA_4,2016-04-26,5,9.0,13.0,4.0,7.285714,6.892857,0.48,0.0,0,1,4,2016,0
HOBBIES_1_189,HOBBIES_1,HOBBIES,CA_4,2016-04-27,13,5.0,6.0,7.0,6.142857,6.928571,0.48,0.0,0,2,4,2016,0
HOBBIES_1_189,HOBBIES_1,HOBBIES,CA_4,2016-04-28,2,13.0,6.0,3.0,7.142857,7.142857,0.48,0.0,0,3,4,2016,0
HOBBIES_1_189,HOBBIES_1,HOBBIES,CA_4,2016-04-29,2,2.0,3.0,1.0,6.571429,7.107143,0.48,0.0,0,4,4,2016,0
HOBBIES_1_189,HOBBIES_1,HOBBIES,CA_4,2016-04-30,3,2.0,2.0,7.0,6.428571,7.142857,0.48,0.0,1,5,4,2016,0
HOBBIES_1_189,HOBBIES_1,HOBBIES,CA_4,2016-05-01,2,3.0,12.0,0.0,6.571429,7.0,0.48,0.0,1,6,5,2016,1
HOBBIES_1_189,HOBBIES_1,HOBBIES,CA_4,2016-05-02,10,2.0,9.0,7.0,5.142857,7.071429,0.48,0.0,0,0,5,2016,1
HOBBIES_1_189,HOBBIES_1,HOBBIES,CA_4,2016-05-03,17,10.0,5.0,8.0,5.285714,7.178571,0.48,0.0,0,1,5,2016,1
HOBBIES_1_189,HOBBIES_1,HOBBIES,CA_4,2016-05-04,9,17.0,13.0,7.0,7.0,7.5,0.48,0.0,0,2,5,2016,1
HOBBIES_1_189,HOBBIES_1,HOBBIES,CA_4,2016-05-05,3,9.0,2.0,2.0,6.428571,7.571429,0.48,0.0,0,3,5,2016,1
HOBBIES_1_189,HOBBIES_1,HOBBIES,CA_4,2016-05-06,3,3.0,2.0,7.0,6.571429,7.607143,0.48,0.0,0,4,5,2016,1
HOBBIES_1_189,HOBBIES_1,HOBBIES,CA_4,2016-05-07,3,3.0,3.0,11.0,6.714286,7.464286,0.48,0.0,1,5,5,2016,1
HOBBIES_1_189,HOBBIES_1,HOBBIES,CA_4,2016-05-08,3,3.0,2.0,3.0,6.714286,7.178571,0.48,0.0,1,6,5,2016,1
HOBBIES_1_189,HOBBIES_1,HOBBIES,CA_4,2016-05-09,7,3.0,10.0,3.0,6.857143,7.178571,0.48,0.0,0,0,5,2016,1
HOBBIES_1_189,HOBBIES_1,HOBBIES,CA_4,2016-05-10,3,7.0,17.0,10.0,6.428571,7.321429,0.48,0.0,0,1,5,2016,1
HOBBIES_1_189,HOBBIES_1,HOBBIES,CA_4,2016-05-11,4,3.0,9.0,25.0,4.428571,7.071429,0.48,0.0,0,2,5,2016,0
HOBBIES_1_189,HOBBIES_1,HOBBIES,CA_4,2016-05-12,11,4.0,3.0,7.0,3.7142856,6.321429,0.48,0.0,0,3,5,2016,0
HOBBIES_1_189,HOBBIES_1,HOBBIES,CA_4,2016-05-13,10,11.0,3.0,3.0,4.857143,6.464286,0.48,0.0,0,4,5,2016,0
HOBBIES_1_189,HOBBIES_1,HOBBIES,CA_4,2016-05-14,5,10.0,3.0,13.0,5.857143,6.714286,0.48,0.0,1,5,5,2016,0
HOBBIES_1_189,HOBBIES_1,HOBBIES,CA_4,2016-05-15,19,5.0,3.0,4.0,6.142857,6.428571,0.48,0.0,1,6,5,2016,0
HOBBIES_1_189,HOBBIES_1,HOBBIES,CA_4,2016-05-16,0,19.0,7.0,10.0,8.428572,6.964286,0.48,0.0,0,0,5,2016,0
HOBBIES_1_189,HOBBIES_1,HOBBIES,CA_4,2016-05-17,8,0.0,3.0,13.0,7.428571,6.607143,0.48,0.0,0,1,5,2016,0
HOBBIES_1_189,HOBBIES_1,HOBBIES,CA_4,2016-05-18,10,8.0,4.0,6.0,8.142858,6.428571,0.48,0.0,0,2,5,2016,0
HOBBIES_1_189,HOBBIES_1,HOBBIES,CA_4,2016-05-19,19,10.0,11.0,6.0,9.0,6.571429,0.48,0.0,0,3,5,2016,0
HOBBIES_1_189,HOBBIES_1,HOBBIES,CA_4,2016-05-20,0,19.0,10.0,3.0,10.142858,7.035714,0.48,0.0,0,4,5,2016,0
HOBBIES_1_189,HOBBIES_1,HOBBIES,CA_4,2016-05-21,7,0.0,5.0,2.0,8.714286,6.928571,0.48,0.0,1,5,5,2016,0
HOBBIES_1_189,HOBBIES_1,HOBBIES,CA_4,2016-05-22,20,7.0,19.0,12.0,9.0,7.107143,0.48,0.0,1,6,5,2016,0
HOBBIES_1_234,HOBBIES_1,HOBBIES,CA_1,2016-04-25,36,2.0,0.0,0.0,0.71428573,3.142857,0.3,0.0,0,0,4,2016,0
HOBBIES_1_234,HOBBIES_1,HOBBIES,CA_1,2016-04-26,0,36.0,0.0,4.0,5.857143,4.428571,0.3,0.0,0,1,4,2016,0
HOBBIES_1_234,HOBBIES_1,HOBBIES,CA_1,2016-04-27,0,0.0,0.0,27.0,5.857143,4.285714,0.3,0.0,0,2,4,2016,0
HOBBIES_1_234,HOBBIES_1,HOBBIES,CA_1,2016-04-28,0,0.0,1.0,0.0,5.857143,3.3214285,0.3,0.0,0,3,4,2016,0
HOBBIES_1_234,HOBBIES_1,HOBBIES,CA_1,2016-04-29,0,0.0,0.0,15.0,5.714286,3.3214285,0.3,0.0,0,4,4,2016,0
HOBBIES_1_234,HOBBIES_1,HOBBIES,CA_1,2016-04-30,2,0.0,2.0,3.0,5.714286,2.7857144,0.3,0.0,1,5,4,2016,0
HOBBIES_1_234,HOBBIES_1,HOBBIES,CA_1,2016-05-01,5,2.0,2.0,1.0,5.714286,2.75,0.3,0.0,1,6,5,2016,1
HOBBIES_1_234,HOBBIES_1,HOBBIES,CA_1,2016-05-02,0,5.0,36.0,3.0,6.142857,2.892857,0.3,0.0,0,0,5,2016,1
HOBBIES_1_234,HOBBIES_1,HOBBIES,CA_1,2016-05-03,6,0.0,0.0,3.0,1.0,2.7857144,0.3,0.0,0,1,5,2016,1
HOBBIES_1_234,HOBBIES_1,HOBBIES,CA_1,2016-05-04,0,6.0,0.0,0.0,1.8571428,2.892857,0.3,0.0,0,2,5,2016,1
HOBBIES_1_234,HOBBIES_1,HOBBIES,CA_1,2016-05-05,15,0.0,0.0,0.0,1.8571428,2.892857,0.3,0.0,0,3,5,2016,1
HOBBIES_1_234,HOBBIES_1,HOBBIES,CA_1,2016-05-06,1,15.0,0.0,0.0,4.0,3.4285715,0.3,0.0,0,4,5,2016,1
HOBBIES_1_234,HOBBIES_1,HOBBIES,CA_1,2016-05-07,0,1.0,2.0,0.0,4.142857,3.4642856,0.3,0.0,1,5,5,2016,1
HOBBIES_1_234,HOBBIES_1,HOBBIES,CA_1,2016-05-08,3,0.0,5.0,6.0,3.857143,3.4642856,0.3,0.0,1,6,5,2016,1
HOBBIES_1_234,HOBBIES_1,HOBBIES,CA_1,2016-05-09,0,3.0,0.0,0.0,3.5714285,3.357143,0.3,0.0,0,0,5,2016,1
HOBBIES_1_234,HOBBIES_1,HOBBIES,CA_1,2016-05-10,5,0.0,6.0,0.0,3.5714285,3.357143,0.3,0.0,0,1,5,2016,1
HOBBIES_1_234,HOBBIES_1,HOBBIES,CA_1,2016-05-11,0,5.0,0.0,0.0,3.4285715,3.5357144,0.3,0.0,0,2,5,2016,0
HOBBIES_1_234,HOBBIES_1,HOBBIES,CA_1,2016-05-12,0,0.0,15.0,0.0,3.4285715,3.5357144,0.3,0.0,0,3,5,2016,0
HOBBIES_1_234,HOBBIES_1,HOBBIES,CA_1,2016-05-13,0,0.0,1.0,0.0,1.2857143,3.5357144,0.3,0.0,0,4,5,2016,0
HOBBIES_1_234,HOBBIES_1,HOBBIES,CA_1,2016-05-14,35,0.0,0.0,9.0,1.1428572,3.5357144,0.3,0.0,1,5,5,2016,0
HOBBIES_1_234,HOBBIES_1,HOBBIES,CA_1,2016-05-15,0,35.0,3.0,12.0,6.142857,4.464286,0.3,0.0,1,6,5,2016,0
HOBBIES_1_234,HOBBIES_1,HOBBIES,CA_1,2016-05-16,0,0.0,0.0,0.0,5.714286,4.035714,0.3,0.0,0,0,5,2016,0
HOBBIES_1_234,HOBBIES_1,HOBBIES,CA_1,2016-05-17,0,0.0,5.0,0.0,5.714286,4.035714,0.3,0.0,0,1,5,2016,0
HOBBIES_1_234,HOBBIES_1,HOBBIES,CA_1,2016-05-18,0,0.0,0.0,0.0,5.0,4.035714,0.3,0.0,0,2,5,2016,0
HOBBIES_1_234,HOBBIES_1,HOBBIES,CA_1,2016-05-19,0,0.0,0.0,1.0,5.0,4.035714,0.3,0.0,0,3,5,2016,0
HOBBIES_1_234,HOBBIES_1,HOBBIES,CA_1,2016-05-20,0,0.0,0.0,0.0,5.0,4.0,0.3,0.0,0,4,5,2016,0
HOBBIES_1_234,HOBBIES_1,HOBBIES,CA_1,2016-05-21,6,0.0,35.0,2.0,5.0,4.0,0.3,0.0,1,5,5,2016,0
HOBBIES_1_234,HOBBIES_1,HOBBIES,CA_1,2016-05-22,0,6.0,0.0,2.0,0.85714287,4.142857,0.3,0.0,1,6,5,2016,0
HOBBIES_1_234,HOBBIES_1,HOBBIES,CA_2,2016-04-25,2,0.0,1.0,0.0,0.42857143,3.9285715,0.3,0.0,0,0,4,2016,0
HOBBIES_1_234,HOBBIES_1,HOBBIES,CA_2,2016-04-26,0,2.0,0.0,41.0,0.5714286,4.0,0.3,0.0,0,1,4,2016,0
HOBBIES_1_234,HOBBIES_1,HOBBIES,CA_2,2016-04-27,0,0.0,0.0,0.0,0.5714286,2.5357144,0.3,0.0,0,2,4,2016,0
HOBBIES_1_234,HOBBIES_1,HOBBIES,CA_2,2016-04-28,33,0.0,0.0,0.0,0.5714286,2.5357144,0.3,0.0,0,3,4,2016,0
HOBBIES_1_234,HOBBIES_1,HOBBIES,CA_2,2016-04-29,1,33.0,0.0,0.0,5.285714,3.7142856,0.3,0.0,0,4,4,2016,0
HOBBIES_1_234,HOBBIES_1,HOBBIES,CA_2,2016-04-30,0,1.0,2.0,4.0,5.428571,3.75,0.3,0.0,1,5,4,2016,0
HOBBIES_1_234,HOBBIES_1,HOBBIES,CA_2,2016-05-01,12,0.0,0.0,0.0,5.142857,3.607143,0.3,0.0,1,6,5,2016,1
HOBBIES_1_234,HOBBIES_1,HOBBIES,CA_2,2016-05-02,0,12.0,2.0,0.0,6.857143,4.035714,0.3,0.0,0,0,5,2016,1
HOBBIES_1_234,HOBBIES_1,HOBBIES,CA_2,2016-05-03,0,0.0,0.0,0.0,6.571429,4.035714,0.3,0.0,0,1,5,2016,1
HOBBIES_1_234,HOBBIES_1,HOBBIES,CA_2,2016-05-04,11,0.0,0.0,0.0,6.571429,4.035714,0.3,0.0,0,2,5,2016,1
HOBBIES_1_234,HOBBIES_1,HOBBIES,CA_2,2016-05-05,1,11.0,33.0,12.0,8.142858,4.428571,0.3,0.0,0,3,5,2016,1
HOBBIES_1_234,HOBBIES_1,HOBBIES,CA_2,2016-05-06,0,1.0,1.0,16.0,3.5714285,4.035714,0.3,0.0,0,4,5,2016,1
HOBBIES_1_234,HOBBIES_1,HOBBIES,CA_2,2016-05-07,12,0.0,0.0,0.0,3.4285715,3.4642856,0.3,0.0,1,5,5,2016,1
HOBBIES_1_234,HOBBIES_1,HOBBIES,CA_2,2016-05-08,0,12.0,12.0,0.0,5.142857,3.892857,0.3,0.0,1,6,5,2016,1
HOBBIES_1_234,HOBBIES_1,HOBBIES,CA_2,2016-05-09,3,0.0,0.0,0.0,3.4285715,3.892857,0.3,0.0,0,0,5,2016,1
HOBBIES_1_234,HOBBIES_1,HOBBIES,CA_2,2016-05-10,24,3.0,0.0,2.0,3.857143,4.0,0.3,0.0,0,1,5,2016,1
HOBBIES_1_234,HOBBIES_1,HOBBIES,CA_2,2016-05-11,0,24.0,11.0,0.0,7.285714,4.785714,0.3,0.0,0,2,5,2016,0
HOBBIES_1_234,HOBBIES_1,HOBBIES,CA_2,2016-05-12,0,0.0,1.0,0.0,5.714286,4.785714,0.3,0.0,0,3,5,2016,0
HOBBIES_1_234,HOBBIES_1,HOBBIES,CA_2,2016-05-13,6,0.0,0.0,32.0,5.571429,4.785714,0.3,0.0,0,4,5,2016,0
HOBBIES_1_234,HOBBIES_1,HOBBIES,CA_2,2016-05-14,8,6.0,12.0,0.0,6.428571,3.857143,0.3,0.0,1,5,5,2016,0
HOBBIES_1_234,HOBBIES_1,HOBBIES,CA_2,2016-05-15,12,8.0,0.0,0.0,5.857143,4.142857,0.3,0.0,1,6,5,2016,0
HOBBIES_1_234,HOBBIES_1,HOBBIES,CA_2,2016-05-16,0,12.0,3.0,1.0,7.571429,4.571429,0.3,0.0,0,0,5,2016,0
HOBBIES_1_234,HOBBIES_1,HOBBIES,CA_2,2016-05-17,21,0.0,24.0,0.0,7.142857,4.535714,0.3,0.0,0,1,5,2016,0
HOBBIES_1_234,HOBBIES_1,HOBBIES,CA_2,2016-05-18,0,21.0,0.0,0.0,6.714286,5.285714,0.3,0.0,0,2,5,2016,0
HOBBIES_1_234,HOBBIES_1,HOBBIES,CA_2,2016-05-19,1,0.0,0.0,0.0,6.714286,5.285714,0.3,0.0,0,3,5,2016,0
HOBBIES_1_234,HOBBIES_1,HOBBIES,CA_2,2016-05-20,0,1.0,6.0,0.0,6.857143,5.321429,0.3,0.0,0,4,5,2016,0
HOBBIES_1_234,HOBBIES_1,HOBBIES,CA_2,2016-05-21,14,0.0,8.0,2.0,6.0,5.321429,0.3,0.0,1,5,5,2016,0
HOBBIES_1_234,HOBBIES_1,HOBBIES,CA_2,2016-05-22,6,14.0,12.0,0.0,6.857143,5.75,0.3,0.0,1,6,5,2016,0
HOBBIES_1_234,HOBBIES_1,HOBBIES,CA_3,2016-04-25,0,32.0,0.0,0.0,22.571428,23.142857,0.3,0.0,0,0,4,2016,0
HOBBIES_1_234,HOBBIES_1,HOBBIES,CA_3,2016-04-26,45,0.0,38.0,0.0,22.571428,23.142857,0.3,0.0,0,1,4,2016,0
HOBBIES_1_234,HOBBIES_1,HOBBIES,CA_3,2016-04-27,0,45.0,0.0,48.0,23.571428,24.75,0.3,0.0,0,2,4,2016,0
HOBBIES_1_234,HOBBIES_1,HOBBIES,CA_3,2016-04-28,0,0.0,54.0,0.0,23.571428,23.035715,0.3,0.0,0,3,4,2016,0
HOBBIES_1_234,HOBBIES_1,HOBBIES,CA_3,2016-04-29,48,0.0,30.0,0.0,15.857142,23.035715,0.3,0.0,0,4,4,2016,0
HOBBIES_1_234,HOBBIES_1,HOBBIES,CA_3,2016-04-30,0,48.0,4.0,24.0,18.428572,24.75,0.3,0.0,1,5,4,2016,0
HOBBIES_1_234,HOBBIES_1,HOBBIES,CA_3,2016-05-01,17,0.0,32.0,20.0,17.857143,23.892857,0.3,0.0,1,6,5,2016,1
HOBBIES_1_234,HOBBIES_1,HOBBIES,CA_3,2016-05-02,0,17.0,0.0,29.0,15.714286,23.785715,0.3,0.0,0,0,5,2016,1
HOBBIES_1_234,HOBBIES_1,HOBBIES,CA_3,2016-05-03,32,0.0,45.0,51.0,15.714286,22.75,0.3,0.0,0,1,5,2016,1
HOBBIES_1_234,HOBBIES_1,HOBBIES,CA_3,2016-05-04,39,32.0,0.0,6.0,13.857142,22.071428,0.3,0.0,0,2,5,2016,1
HOBBIES_1_234,HOBBIES_1,HOBBIES,CA_3,2016-05-05,11,39.0,0.0,28.0,19.428572,23.25,0.3,0.0,0,3,5,2016,1
HOBBIES_1_234,HOBBIES_1,HOBBIES,CA_3,2016-05-06,46,11.0,48.0,4.0,21.0,22.642857,0.3,0.0,0,4,5,2016,1
HOBBIES_1_234,HOBBIES_1,HOBBIES,CA_3,2016-05-07,0,46.0,0.0,78.0,20.714285,24.142857,0.3,0.0,1,5,5,2016,1
HOBBIES_1_234,HOBBIES_1,HOBBIES,CA_3,2016-05-08,3,0.0,17.0,0.0,20.714285,21.357143,0.3,0.0,1,6,5,2016,1
HOBBIES_1_234,HOBBIES_1,HOBBIES,CA_3,2016-05-09,65,3.0,0.0,8.0,18.714285,21.464285,0.3,0.0,0,0,5,2016,1
HOBBIES_1_234,HOBBIES_1,HOBBIES,CA_3,2016-05-10,18,65.0,32.0,20.0,28.0,23.5,0.3,0.0,0,1,5,2016,1
HOBBIES_1_234,HOBBIES_1,HOBBIES,CA_3,2016-05-11,1,18.0,39.0,68.0,26.0,23.428572,0.3,0.0,0,2,5,2016,0
HOBBIES_1_234,HOBBIES_1,HOBBIES,CA_3,2016-05-12,24,1.0,11.0,0.0,20.571428,21.035715,0.3,0.0,0,3,5,2016,0
HOBBIES_1_234,HOBBIES_1,HOBBIES,CA_3,2016-05-13,5,24.0,46.0,24.0,22.428572,21.892857,0.3,0.0,0,4,5,2016,0
HOBBIES_1_234,HOBBIES_1,HOBBIES,CA_3,2016-05-14,0,5.0,0.0,12.0,16.571428,21.214285,0.3,0.0,1,5,5,2016,0
HOBBIES_1_234,HOBBIES_1,HOBBIES,CA_3,2016-05-15,10,0.0,3.0,70.0,16.571428,20.785715,0.3,0.0,1,6,5,2016,0
HOBBIES_1_234,HOBBIES_1,HOBBIES,CA_3,2016-05-16,20,10.0,65.0,0.0,17.571428,18.642857,0.3,0.0,0,0,5,2016,0
HOBBIES_1_234,HOBBIES_1,HOBBIES,CA_3,2016-05-17,0,20.0,18.0,38.0,11.142858,19.357143,0.3,0.0,0,1,5,2016,0
HOBBIES_1_234,HOBBIES_1,HOBBIES,CA_3,2016-05-18,50,0.0,1.0,0.0,8.571428,18.0,0.3,0.0,0,2,5,2016,0
HOBBIES_1_234,HOBBIES_1,HOBBIES,CA_3,2016-05-19,3,50.0,24.0,54.0,15.571428,19.785715,0.3,0.0,0,3,5,2016,0
HOBBIES_1_234,HOBBIES_1,HOBBIES,CA_3,2016-05-20,32,3.0,5.0,30.0,12.571428,17.964285,0.3,0.0,0,4,5,2016,0
HOBBIES_1_234,HOBBIES_1,HOBBIES,CA_3,2016-05-21,12,32.0,0.0,4.0,16.428572,18.035715,0.3,0.0,1,5,5,2016,0
HOBBIES_1_234,HOBBIES_1,HOBBIES,CA_3,2016-05-22,80,12.0,10.0,32.0,18.142857,18.321428,0.3,0.0,1,6,5,2016,0
HOBBIES_1_234,HOBBIES_1,HOBBIES,CA_4,2016-04-25,1,5.0,2.0,5.0,4.571429,3.857143,0.3,0.0,0,0,4,2016,0
HOBBIES_1_234,HOBBIES_1,HOBBIES,CA_4,2016-04-26,9,1.0,2.0,9.0,4.428571,3.7142856,0.3,0.0,0,1,4,2016,0
HOBBIES_1_234,HOBBIES_1,HOBBIES,CA_4,2016-04-27,6,9.0,18.0,3.0,5.428571,3.7142856,0.3,0.0,0,2,4,2016,0
HOBBIES_1_234,HOBBIES_1,HOBBIES,CA_4,2016-04-28,0,6.0,2.0,3.0,3.7142856,3.8214285,0.3,0.0,0,3,4,2016,0
HOBBIES_1_234,HOBBIES_1,HOBBIES,CA_4,2016-04-29,7,0.0,0.0,0.0,3.4285715,3.7142856,0.3,0.0,0,4,4,2016,0
HOBBIES_1_234,HOBBIES_1,HOBBIES,CA_4,2016-04-30,4,7.0,3.0,4.0,4.428571,3.9642856,0.3,0.0,1,5,4,2016,0
HOBBIES_1_234,HOBBIES_1,HOBBIES,CA_4,2016-05-01,0,4.0,5.0,6.0,4.571429,3.9642856,0.3,0.0,1,6,5,2016,1
HOBBIES_1_234,HOBBIES_1,HOBBIES,CA_4,2016-05-02,5,0.0,1.0,6.0,3.857143,3.75,0.3,0.0,0,0,5,2016,1
HOBBIES_1_234,HOBBIES_1,HOBBIES,CA_4,2016-05-03,4,5.0,9.0,17.0,4.428571,3.7142856,0.3,0.0,0,1,5,2016,1
HOBBIES_1_234,HOBBIES_1,HOBBIES,CA_4,2016-05-04,14,4.0,6.0,2.0,3.7142856,3.25,0.3,0.0,0,2,5,2016,1
HOBBIES_1_234,HOBBIES_1,HOBBIES,CA_4,2016-05-05,9,14.0,0.0,0.0,4.857143,3.6785715,0.3,0.0,0,3,5,2016,1
HOBBIES_1_234,HOBBIES_1,HOBBIES,CA_4,2016-05-06,10,9.0,7.0,3.0,6.142857,4.0,0.3,0.0,0,4,5,2016,1
HOBBIES_1_234,HOBBIES_1,HOBBIES,CA_4,2016-05-07,0,10.0,4.0,4.0,6.571429,4.25,0.3,0.0,1,5,5,2016,1
HOBBIES_1_234,HOBBIES_1,HOBBIES,CA_4,2016-05-08,5,0.0,0.0,0.0,6.0,4.107143,0.3,0.0,1,6,5,2016,1
HOBBIES_1_234,HOBBIES_1,HOBBIES,CA_4,2016-05-09,6,5.0,5.0,0.0,6.714286,4.285714,0.3,0.0,0,0,5,2016,1
HOBBIES_1_234,HOBBIES_1,HOBBIES,CA_4,2016-05-10,1,6.0,4.0,10.0,6.857143,4.5,0.3,0.0,0,1,5,2016,1
HOBBIES_1_234,HOBBIES_1,HOBBIES,CA_4,2016-05-11,12,1.0,14.0,0.0,6.428571,4.178571,0.3,0.0,0,2,5,2016,0
HOBBIES_1_234,HOBBIES_1,HOBBIES,CA_4,2016-05-12,0,12.0,9.0,3.0,6.142857,4.607143,0.3,0.0,0,3,5,2016,0
HOBBIES_1_234,HOBBIES_1,HOBBIES,CA_4,2016-05-13,5,0.0,10.0,0.0,4.857143,4.5,0.3,0.0,0,4,5,2016,0
HOBBIES_1_234,HOBBIES_1,HOBBIES,CA_4,2016-05-14,0,5.0,0.0,1.0,4.142857,4.678571,0.3,0.0,1,5,5,2016,0
HOBBIES_1_234,HOBBIES_1,HOBBIES,CA_4,2016-05-15,3,0.0,5.0,0.0,4.142857,4.642857,0.3,0.0,1,6,5,2016,0
HOBBIES_1_234,HOBBIES_1,HOBBIES,CA_4,2016-05-16,10,3.0,6.0,2.0,3.857143,4.75,0.3,0.0,0,0,5,2016,0
HOBBIES_1_234,HOBBIES_1,HOBBIES,CA_4,2016-05-17,0,10.0,1.0,2.0,4.428571,5.035714,0.3,0.0,0,1,5,2016,0
HOBBIES_1_234,HOBBIES_1,HOBBIES,CA_4,2016-05-18,5,0.0,12.0,18.0,4.285714,4.964286,0.3,0.0,0,2,5,2016,0
HOBBIES_1_234,HOBBIES_1,HOBBIES,CA_4,2016-05-19,3,5.0,0.0,2.0,3.2857144,4.5,0.3,0.0,0,3,5,2016,0
HOBBIES_1_234,HOBBIES_1,HOBBIES,CA_4,2016-05-20,12,3.0,5.0,0.0,3.7142856,4.535714,0.3,0.0,0,4,5,2016,0
HOBBIES_1_234,HOBBIES_1,HOBBIES,CA_4,2016-05-21,3,12.0,0.0,3.0,4.714286,4.964286,0.3,0.0,1,5,5,2016,0
HOBBIES_1_234,HOBBIES_1,HOBBIES,CA_4,2016-05-22,0,3.0,3.0,5.0,5.142857,4.964286,0.3,0.0,1,6,5,2016,0
HOBBIES_1_254,HOBBIES_1,HOBBIES,CA_1,2016-04-25,8,18.0,2.0,8.0,6.285714,7.75,0.7,0.0,0,0,4,2016,0
HOBBIES_1_254,HOBBIES_1,HOBBIES,CA_1,2016-04-26,7,8.0,4.0,1.0,7.142857,7.75,0.7,0.0,0,1,4,2016,0
HOBBIES_1_254,HOBBIES_1,HOBBIES,CA_1,2016-04-27,11,7.0,1.0,13.0,7.571429,7.964286,0.7,0.0,0,2,4,2016,0
HOBBIES_1_254,HOBBIES_1,HOBBIES,CA_1,2016-04-28,2,11.0,4.0,8.0,9.0,7.892857,0.7,0.0,0,3,4,2016,0
HOBBIES_1_254,HOBBIES_1,HOBBIES,CA_1,2016-04-29,0,2.0,9.0,9.0,8.714286,7.678571,0.7,0.0,0,4,4,2016,0
HOBBIES_1_254,HOBBIES_1,HOBBIES,CA_1,2016-04-30,0,0.0,6.0,19.0,7.428571,7.357143,0.7,0.0,1,5,4,2016,0
HOBBIES_1_254,HOBBIES_1,HOBBIES,CA_1,2016-05-01,0,0.0,18.0,11.0,6.571429,6.678571,0.7,0.0,1,6,5,2016,1
HOBBIES_1_254,HOBBIES_1,HOBBIES,CA_1,2016-05-02,0,0.0,8.0,5.0,4.0,6.285714,0.7,0.0,0,0,5,2016,1
HOBBIES_1_254,HOBBIES_1,HOBBIES,CA_1,2016-05-03,0,0.0,7.0,5.0,2.857143,6.107143,0.7,0.0,0,1,5,2016,1
HOBBIES_1_254,HOBBIES_1,HOBBIES,CA_1,2016-05-04,11,0.0,11.0,0.0,1.8571428,5.928571,0.7,0.0,0,2,5,2016,1
HOBBIES_1_254,HOBBIES_1,HOBBIES,CA_1,2016-05-05,6,11.0,2.0,0.0,1.8571428,6.321429,0.7,0.0,0,3,5,2016,1
HOBBIES_1_254,HOBBIES_1,HOBBIES,CA_1,2016-05-06,7,6.0,0.0,0.0,2.4285715,6.535714,0.7,0.0,0,4,5,2016,1
HOBBIES_1_254,HOBBIES_1,HOBBIES,CA_1,2016-05-07,17,7.0,0.0,14.0,3.4285715,6.785714,0.7,0.0,1,5,5,2016,1
HOBBIES_1_254,HOBBIES_1,HOBBIES,CA_1,2016-05-08,5,17.0,0.0,15.0,5.857143,6.892857,0.7,0.0,1,6,5,2016,1
HOBBIES_1_254,HOBBIES_1,HOBBIES,CA_1,2016-05-09,0,5.0,0.0,18.0,6.571429,6.535714,0.7,0.0,0,0,5,2016,1
HOBBIES_1_254,HOBBIES_1,HOBBIES,CA_1,2016-05-10,2,0.0,0.0,1.0,6.571429,5.892857,0.7,0.0,0,1,5,2016,1
HOBBIES_1_254,HOBBIES_1,HOBBIES,CA_1,2016-05-11,6,2.0,11.0,5.0,6.857143,5.928571,0.7,0.0,0,2,5,2016,0
HOBBIES_1_254,HOBBIES_1,HOBBIES,CA_1,2016-05-12,17,6.0,6.0,13.0,6.142857,5.964286,0.7,0.0,0,3,5,2016,0
HOBBIES_1_254,HOBBIES_1,HOBBIES,CA_1,2016-05-13,6,17.0,7.0,6.0,7.714286,6.107143,0.7,0.0,0,4,5,2016,0
HOBBIES_1_254,HOBBIES_1,HOBBIES,CA_1,2016-05-14,12,6.0,17.0,10.0,7.571429,6.107143,0.7,0.0,1,5,5,2016,0
HOBBIES_1_254,HOBBIES_1,HOBBIES,CA_1,2016-05-15,0,12.0,5.0,12.0,6.857143,6.178571,0.7,0.0,1,6,5,2016,0
HOBBIES_1_254,HOBBIES_1,HOBBIES,CA_1,2016-05-16,0,0.0,0.0,2.0,6.142857,5.75,0.7,0.0,0,0,5,2016,0
HOBBIES_1_254,HOBBIES_1,HOBBIES,CA_1,2016-05-17,4,0.0,2.0,4.0,6.142857,5.678571,0.7,0.0,0,1,5,2016,0
HOBBIES_1_254,HOBBIES_1,HOBBIES,CA_1,2016-05-18,9,4.0,6.0,1.0,6.428571,5.678571,0.7,0.0,0,2,5,2016,0
HOBBIES_1_254,HOBBIES_1,HOBBIES,CA_1,2016-05-19,4,9.0,17.0,4.0,6.857143,5.964286,0.7,0.0,0,3,5,2016,0
HOBBIES_1_254,HOBBIES_1,HOBBIES,CA_1,2016-05-20,13,4.0,6.0,9.0,5.0,5.964286,0.7,0.0,0,4,5,2016,0
HOBBIES_1_254,HOBBIES_1,HOBBIES,CA_1,2016-05-21,4,13.0,12.0,6.0,6.0,6.107143,0.7,0.0,1,5,5,2016,0
HOBBIES_1_254,HOBBIES_1,HOBBIES,CA_1,2016-05-22,12,4.0,0.0,18.0,4.857143,6.035714,0.7,0.0,1,6,5,2016,0
HOBBIES_1_254,HOBBIES_1,HOBBIES,CA_2,2016-04-25,15,5.0,4.0,6.0,5.857143,6.607143,0.7,0.0,0,0,4,2016,0
HOBBIES_1_254,HOBBIES_1,HOBBIES,CA_2,2016-04-26,2,15.0,6.0,4.0,7.428571,6.928571,0.7,0.0,0,1,4,2016,0
HOBBIES_1_254,HOBBIES_1,HOBBIES,CA_2,2016-04-27,4,2.0,5.0,2.0,6.857143,6.857143,0.7,0.0,0,2,4,2016,0
HOBBIES_1_254,HOBBIES_1,HOBBIES,CA_2,2016-04-28,0,4.0,6.0,1.0,6.714286,6.928571,0.7,0.0,0,3,4,2016,0
HOBBIES_1_254,HOBBIES_1,HOBBIES,CA_2,2016-04-29,4,0.0,10.0,17.0,5.857143,6.892857,0.7,0.0,0,4,4,2016,0
HOBBIES_1_254,HOBBIES_1,HOBBIES,CA_2,2016-04-30,18,4.0,5.0,7.0,5.0,6.428571,0.7,0.0,1,5,4,2016,0
HOBBIES_1_254,HOBBIES_1,HOBBIES,CA_2,2016-05-01,14,18.0,5.0,7.0,6.857143,6.821429,0.7,0.0,1,6,5,2016,1
HOBBIES_1_254,HOBBIES_1,HOBBIES,CA_2,2016-05-02,2,14.0,15.0,1.0,8.142858,7.071429,0.7,0.0,0,0,5,2016,1
HOBBIES_1_254,HOBBIES_1,HOBBIES,CA_2,2016-05-03,8,2.0,2.0,4.0,6.285714,7.107143,0.7,0.0,0,1,5,2016,1
HOBBIES_1_254,HOBBIES_1,HOBBIES,CA_2,2016-05-04,16,8.0,4.0,14.0,7.142857,7.25,0.7,0.0,0,2,5,2016,1
HOBBIES_1_254,HOBBIES_1,HOBBIES,CA_2,2016-05-05,12,16.0,0.0,13.0,8.857142,7.321429,0.7,0.0,0,3,5,2016,1
HOBBIES_1_254,HOBBIES_1,HOBBIES,CA_2,2016-05-06,4,12.0,4.0,10.0,10.571428,7.285714,0.7,0.0,0,4,5,2016,1
HOBBIES_1_254,HOBBIES_1,HOBBIES,CA_2,2016-05-07,15,4.0,18.0,9.0,10.571428,7.071429,0.7,0.0,1,5,5,2016,1
HOBBIES_1_254,HOBBIES_1,HOBBIES,CA_2,2016-05-08,7,15.0,14.0,16.0,10.142858,7.285714,0.7,0.0,1,6,5,2016,1
HOBBIES_1_254,HOBBIES_1,HOBBIES,CA_2,2016-05-09,1,7.0,2.0,8.0,9.142858,6.964286,0.7,0.0,0,0,5,2016,1
HOBBIES_1_254,HOBBIES_1,HOBBIES,CA_2,2016-05-10,9,1.0,8.0,14.0,9.0,6.714286,0.7,0.0,0,1,5,2016,1
HOBBIES_1_254,HOBBIES_1,HOBBIES,CA_2,2016-05-11,12,9.0,16.0,1.0,9.142858,6.535714,0.7,0.0,0,2,5,2016,0
HOBBIES_1_254,HOBBIES_1,HOBBIES,CA_2,2016-05-12,10,12.0,12.0,1.0,8.571428,6.928571,0.7,0.0,0,3,5,2016,0
HOBBIES_1_254,HOBBIES_1,HOBBIES,CA_2,2016-05-13,3,10.0,4.0,4.0,8.285714,7.25,0.7,0.0,0,4,5,2016,0
HOBBIES_1_254,HOBBIES_1,HOBBIES,CA_2,2016-05-14,11,3.0,15.0,5.0,8.142858,7.214286,0.7,0.0,1,5,5,2016,0
HOBBIES_1_254,HOBBIES_1,HOBBIES,CA_2,2016-05-15,38,11.0,7.0,0.0,7.571429,7.428571,0.7,0.0,1,6,5,2016,0
HOBBIES_1_254,HOBBIES_1,HOBBIES,CA_2,2016-05-16,9,38.0,1.0,4.0,12.0,8.785714,0.7,0.0,0,0,5,2016,0
HOBBIES_1_254,HOBBIES_1,HOBBIES,CA_2,2016-05-17,6,9.0,9.0,6.0,13.142858,8.964286,0.7,0.0,0,1,5,2016,0
HOBBIES_1_254,HOBBIES_1,HOBBIES,CA_2,2016-05-18,5,6.0,12.0,5.0,12.714286,8.964286,0.7,0.0,0,2,5,2016,0
HOBBIES_1_254,HOBBIES_1,HOBBIES,CA_2,2016-05-19,8,5.0,10.0,6.0,11.714286,8.964286,0.7,0.0,0,3,5,2016,0
HOBBIES_1_254,HOBBIES_1,HOBBIES,CA_2,2016-05-20,4,8.0,3.0,10.0,11.428572,9.035714,0.7,0.0,0,4,5,2016,0
HOBBIES_1_254,HOBBIES_1,HOBBIES,CA_2,2016-05-21,9,4.0,11.0,5.0,11.571428,8.821428,0.7,0.0,1,5,5,2016,0
HOBBIES_1_254,HOBBIES_1,HOBBIES,CA_2,2016-05-22,5,9.0,38.0,5.0,11.285714,8.964286,0.7,0.0,1,6,5,2016,0
HOBBIES_1_254,HOBBIES_1,HOBBIES,CA_3,2016-04-25,3,9.0,36.0,9.0,15.571428,14.821428,0.7,0.0,0,0,4,2016,0
HOBBIES_1_254,HOBBIES_1,HOBBIES,CA_3,2016-04-26,27,3.0,12.0,8.0,10.857142,14.607142,0.7,0.0,0,1,4,2016,0
HOBBIES_1_254,HOBBIES_1,HOBBIES,CA_3,2016-04-27,4,27.0,0.0,17.0,13.0,15.285714,0.7,0.0,0,2,4,2016,0
HOBBIES_1_254,HOBBIES_1,HOBBIES,CA_3,2016-04-28,18,4.0,18.0,6.0,13.571428,14.821428,0.7,0.0,0,3,4,2016,0
HOBBIES_1_254,HOBBIES_1,HOBBIES,CA_3,2016-04-29,8,18.0,6.0,30.0,13.571428,15.25,0.7,0.0,0,4,4,2016,0
HOBBIES_1_254,HOBBIES_1,HOBBIES,CA_3,2016-04-30,10,8.0,28.0,3.0,13.857142,14.464286,0.7,0.0,1,5,4,2016,0
HOBBIES_1_254,HOBBIES_1,HOBBIES,CA_3,2016-05-01,29,10.0,9.0,8.0,11.285714,14.714286,0.7,0.0,1,6,5,2016,1
HOBBIES_1_254,HOBBIES_1,HOBBIES,CA_3,2016-05-02,6,29.0,3.0,2.0,14.142858,15.464286,0.7,0.0,0,0,5,2016,1
HOBBIES_1_254,HOBBIES_1,HOBBIES,CA_3,2016-05-03,12,6.0,27.0,3.0,14.571428,15.607142,0.7,0.0,0,1,5,2016,1
HOBBIES_1_254,HOBBIES_1,HOBBIES,CA_3,2016-05-04,47,12.0,4.0,18.0,12.428572,15.928572,0.7,0.0,0,2,5,2016,1
HOBBIES_1_254,HOBBIES_1,HOBBIES,CA_3,2016-05-05,0,47.0,18.0,13.0,18.571428,16.964285,0.7,0.0,0,3,5,2016,1
HOBBIES_1_254,HOBBIES_1,HOBBIES,CA_3,2016-05-06,7,0.0,8.0,27.0,16.0,16.5,0.7,0.0,0,4,5,2016,1
HOBBIES_1_254,HOBBIES_1,HOBBIES,CA_3,2016-05-07,21,7.0,10.0,9.0,15.857142,15.785714,0.7,0.0,1,5,5,2016,1
HOBBIES_1_254,HOBBIES_1,HOBBIES,CA_3,2016-05-08,12,21.0,29.0,20.0,17.428572,16.214285,0.7,0.0,1,6,5,2016,1
HOBBIES_1_254,HOBBIES_1,HOBBIES,CA_3,2016-05-09,2,12.0,6.0,8.0,15.0,15.928572,0.7,0.0,0,0,5,2016,1
HOBBIES_1_254,HOBBIES_1,HOBBIES,CA_3,2016-05-10,14,2.0,12.0,60.0,14.428572,15.714286,0.7,0.0,0,1,5,2016,1
HOBBIES_1_254,HOBBIES_1,HOBBIES,CA_3,2016-05-11,20,14.0,47.0,5.0,14.714286,14.071428,0.7,0.0,0,2,5,2016,0
HOBBIES_1_254,HOBBIES_1,HOBBIES,CA_3,2016-05-12,0,20.0,0.0,10.0,10.857142,14.607142,0.7,0.0,0,3,5,2016,0
HOBBIES_1_254,HOBBIES_1,HOBBIES,CA_3,2016-05-13,10,0.0,7.0,7.0,10.857142,14.25,0.7,0.0,0,4,5,2016,0
HOBBIES_1_254,HOBBIES_1,HOBBIES,CA_3,2016-05-14,12,10.0,21.0,18.0,11.285714,14.357142,0.7,0.0,1,5,5,2016,0
HOBBIES_1_254,HOBBIES_1,HOBBIES,CA_3,2016-05-15,14,12.0,12.0,25.0,10.0,14.142858,0.7,0.0,1,6,5,2016,0
HOBBIES_1_254,HOBBIES_1,HOBBIES,CA_3,2016-05-16,5,14.0,2.0,36.0,10.285714,13.75,0.7,0.0,0,0,5,2016,0
HOBBIES_1_254,HOBBIES_1,HOBBIES,CA_3,2016-05-17,2,5.0,14.0,12.0,10.714286,12.642858,0.7,0.0,0,1,5,2016,0
HOBBIES_1_254,HOBBIES_1,HOBBIES,CA_3,2016-05-18,31,2.0,20.0,0.0,9.0,12.285714,0.7,0.0,0,2,5,2016,0
HOBBIES_1_254,HOBBIES_1,HOBBIES,CA_3,2016-05-19,16,31.0,0.0,18.0,10.571428,13.392858,0.7,0.0,0,3,5,2016,0
HOBBIES_1_254,HOBBIES_1,HOBBIES,CA_3,2016-05-20,4,16.0,10.0,6.0,12.857142,13.321428,0.7,0.0,0,4,5,2016,0
HOBBIES_1_254,HOBBIES_1,HOBBIES,CA_3,2016-05-21,11,4.0,12.0,28.0,12.0,13.25,0.7,0.0,1,5,5,2016,0
HOBBIES_1_254,HOBBIES_1,HOBBIES,CA_3,2016-05-22,16,11.0,14.0,9.0,11.857142,12.642858,0.7,0.0,1,6,5,2016,0
HOBBIES_1_254,HOBBIES_1,HOBBIES,CA_4,2016-04-25,4,1.0,7.0,4.0,4.0,6.714286,0.7,0.0,0,0,4,2016,0
HOBBIES_1_254,HOBBIES_1,HOBBIES,CA_4,2016-04-26,1,4.0,9.0,15.0,3.5714285,6.714286,0.7,0.0,0,1,4,2016,0
HOBBIES_1_254,HOBBIES_1,HOBBIES,CA_4,2016-04-27,5,1.0,6.0,8.0,2.4285715,6.214286,0.7,0.0,0,2,4,2016,0
HOBBIES_1_254,HOBBIES_1,HOBBIES,CA_4,2016-04-28,1,5.0,2.0,0.0,2.2857144,6.107143,0.7,0.0,0,3,4,2016,0
HOBBIES_1_254,HOBBIES_1,HOBBIES,CA_4,2016-04-29,7,1.0,1.0,10.0,2.142857,6.142857,0.7,0.0,0,4,4,2016,0
HOBBIES_1_254,HOBBIES_1,HOBBIES,CA_4,2016-04-30,10,7.0,2.0,16.0,3.0,6.035714,0.7,0.0,1,5,4,2016,0
HOBBIES_1_254,HOBBIES_1,HOBBIES,CA_4,2016-05-01,5,10.0,1.0,1.0,4.142857,5.821429,0.7,0.0,1,6,5,2016,1
HOBBIES_1_254,HOBBIES_1,HOBBIES,CA_4,2016-05-02,0,5.0,4.0,7.0,4.714286,5.964286,0.7,0.0,0,0,5,2016,1
HOBBIES_1_254,HOBBIES_1,HOBBIES,CA_4,2016-05-03,9,0.0,1.0,25.0,4.142857,5.714286,0.7,0.0,0,1,5,2016,1
HOBBIES_1_254,HOBBIES_1,HOBBIES,CA_4,2016-05-04,2,9.0,5.0,1.0,5.285714,5.142857,0.7,0.0,0,2,5,2016,1
HOBBIES_1_254,HOBBIES_1,HOBBIES,CA_4,2016-05-05,6,2.0,1.0,5.0,4.857143,5.178571,0.7,0.0,0,3,5,2016,1
HOBBIES_1_254,HOBBIES_1,HOBBIES,CA_4,2016-05-06,7,6.0,7.0,2.0,5.571429,5.214286,0.7,0.0,0,4,5,2016,1
HOBBIES_1_254,HOBBIES_1,HOBBIES,CA_4,2016-05-07,10,7.0,10.0,6.0,5.571429,5.392857,0.7,0.0,1,5,5,2016,1
HOBBIES_1_254,HOBBIES_1,HOBBIES,CA_4,2016-05-08,2,10.0,5.0,3.0,5.571429,5.535714,0.7,0.0,1,6,5,2016,1
HOBBIES_1_254,HOBBIES_1,HOBBIES,CA_4,2016-05-09,2,2.0,0.0,4.0,5.142857,5.5,0.7,0.0,0,0,5,2016,1
HOBBIES_1_254,HOBBIES_1,HOBBIES,CA_4,2016-05-10,4,2.0,9.0,3.0,5.428571,5.428571,0.7,0.0,0,1,5,2016,1
HOBBIES_1_254,HOBBIES_1,HOBBIES,CA_4,2016-05-11,0,4.0,2.0,5.0,4.714286,5.464286,0.7,0.0,0,2,5,2016,0
HOBBIES_1_254,HOBBIES_1,HOBBIES,CA_4,2016-05-12,5,0.0,6.0,29.0,4.428571,5.285714,0.7,0.0,0,3,5,2016,0
HOBBIES_1_254,HOBBIES_1,HOBBIES,CA_4,2016-05-13,3,5.0,7.0,6.0,4.285714,4.428571,0.7,0.0,0,4,5,2016,0
HOBBIES_1_254,HOBBIES_1,HOBBIES,CA_4,2016-05-14,15,3.0,10.0,10.0,3.7142856,4.321429,0.7,0.0,1,5,5,2016,0
HOBBIES_1_254,HOBBIES_1,HOBBIES,CA_4,2016-05-15,10,15.0,2.0,0.0,4.428571,4.5,0.7,0.0,1,6,5,2016,0
HOBBIES_1_254,HOBBIES_1,HOBBIES,CA_4,2016-05-16,2,10.0,2.0,7.0,5.571429,4.857143,0.7,0.0,0,0,5,2016,0
HOBBIES_1_254,HOBBIES_1,HOBBIES,CA_4,2016-05-17,3,2.0,4.0,9.0,5.571429,4.678571,0.7,0.0,0,1,5,2016,0
HOBBIES_1_254,HOBBIES_1,HOBBIES,CA_4,2016-05-18,11,3.0,0.0,6.0,5.428571,4.464286,0.7,0.0,0,2,5,2016,0
HOBBIES_1_254,HOBBIES_1,HOBBIES,CA_4,2016-05-19,3,11.0,5.0,2.0,7.0,4.642857,0.7,0.0,0,3,5,2016,0
HOBBIES_1_254,HOBBIES_1,HOBBIES,CA_4,2016-05-20,2,3.0,3.0,1.0,6.714286,4.678571,0.7,0.0,0,4,5,2016,0
HOBBIES_1_254,HOBBIES_1,HOBBIES,CA_4,2016-05-21,2,2.0,15.0,2.0,6.571429,4.714286,0.7,0.0,1,5,5,2016,0
HOBBIES_1_254,HOBBIES_1,HOBBIES,CA_4,2016-05-22,8,2.0,10.0,1.0,4.714286,4.714286,0.7,0.0,1,6,5,2016,0
HOBBIES_1_261,HOBBIES_1,HOBBIES,CA_1,2016-04-25,4,17.0,4.0,0.0,10.714286,9.25,0.48,0.0,0,0,4,2016,0
HOBBIES_1_261,HOBBIES_1,HOBBIES,CA_1,2016-04-26,6,4.0,5.0,29.0,10.714286,9.392858,0.48,0.0,0,1,4,2016,0
HOBBIES_1_261,HOBBIES_1,HOBBIES,CA_1,2016-04-27,0,6.0,8.0,3.0,10.857142,8.571428,0.48,0.0,0,2,4,2016,0
HOBBIES_1_261,HOBBIES_1,HOBBIES,CA_1,2016-04-28,0,0.0,18.0,27.0,9.714286,8.464286,0.48,0.0,0,3,4,2016,0
HOBBIES_1_261,HOBBIES_1,HOBBIES,CA_1,2016-04-29,1,0.0,9.0,9.0,7.142857,7.5,0.48,0.0,0,4,4,2016,0
HOBBIES_1_261,HOBBIES_1,HOBBIES,CA_1,2016-04-30,0,1.0,14.0,11.0,6.0,7.214286,0.48,0.0,1,5,4,2016,0
HOBBIES_1_261,HOBBIES_1,HOBBIES,CA_1,2016-05-01,0,0.0,17.0,7.0,4.0,6.821429,0.48,0.0,1,6,5,2016,1
HOBBIES_1_261,HOBBIES_1,HOBBIES,CA_1,2016-05-02,7,0.0,4.0,1.0,1.5714285,6.571429,0.48,0.0,0,0,5,2016,1
HOBBIES_1_261,HOBBIES_1,HOBBIES,CA_1,2016-05-03,6,7.0,6.0,9.0,2.0,6.785714,0.48,0.0,0,1,5,2016,1
HOBBIES_1_261,HOBBIES_1,HOBBIES,CA_1,2016-05-04,11,6.0,0.0,0.0,2.0,6.678571,0.48,0.0,0,2,5,2016,1
HOBBIES_1_261,HOBBIES_1,HOBBIES,CA_1,2016-05-05,0,11.0,0.0,0.0,3.5714285,7.071429,0.48,0.0,0,3,5,2016,1
HOBBIES_1_261,HOBBIES_1,HOBBIES,CA_1,2016-05-06,6,0.0,1.0,9.0,3.5714285,7.071429,0.48,0.0,0,4,5,2016,1
HOBBIES_1_261,HOBBIES_1,HOBBIES,CA_1,2016-05-07,10,6.0,0.0,0.0,4.285714,6.964286,0.48,0.0,1,5,5,2016,1
HOBBIES_1_261,HOBBIES_1,HOBBIES,CA_1,2016-05-08,5,10.0,0.0,1.0,5.714286,7.321429,0.48,0.0,1,6,5,2016,1
HOBBIES_1_261,HOBBIES_1,HOBBIES,CA_1,2016-05-09,2,5.0,7.0,50.0,6.428571,7.464286,0.48,0.0,0,0,5,2016,1
HOBBIES_1_261,HOBBIES_1,HOBBIES,CA_1,2016-05-10,11,2.0,6.0,1.0,5.714286,5.75,0.48,0.0,0,1,5,2016,1
HOBBIES_1_261,HOBBIES_1,HOBBIES,CA_1,2016-05-11,6,11.0,11.0,2.0,6.428571,6.107143,0.48,0.0,0,2,5,2016,0
HOBBIES_1_261,HOBBIES_1,HOBBIES,CA_1,2016-05-12,2,6.0,0.0,4.0,5.714286,6.25,0.48,0.0,0,3,5,2016,0
HOBBIES_1_261,HOBBIES_1,HOBBIES,CA_1,2016-05-13,7,2.0,6.0,4.0,6.0,6.178571,0.48,0.0,0,4,5,2016,0
HOBBIES_1_261,HOBBIES_1,HOBBIES,CA_1,2016-05-14,8,7.0,10.0,6.0,6.142857,6.285714,0.48,0.0,1,5,5,2016,0
HOBBIES_1_261,HOBBIES_1,HOBBIES,CA_1,2016-05-15,31,8.0,5.0,11.0,5.857143,6.357143,0.48,0.0,1,6,5,2016,0
HOBBIES_1_261,HOBBIES_1,HOBBIES,CA_1,2016-05-16,0,31.0,2.0,4.0,9.571428,7.071429,0.48,0.0,0,0,5,2016,0
HOBBIES_1_261,HOBBIES_1,HOBBIES,CA_1,2016-05-17,0,0.0,11.0,5.0,9.285714,6.928571,0.48,0.0,0,1,5,2016,0
HOBBIES_1_261,HOBBIES_1,HOBBIES,CA_1,2016-05-18,0,0.0,6.0,8.0,7.714286,6.75,0.48,0.0,0,2,5,2016,0
HOBBIES_1_261,HOBBIES_1,HOBBIES,CA_1,2016-05-19,0,0.0,2.0,18.0,6.857143,6.464286,0.48,0.0,0,3,5,2016,0
HOBBIES_1_261,HOBBIES_1,HOBBIES,CA_1,2016-05-20,4,0.0,7.0,9.0,6.571429,5.821429,0.48,0.0,0,4,5,2016,0
HOBBIES_1_261,HOBBIES_1,HOBBIES,CA_1,2016-05-21,47,4.0,8.0,14.0,6.142857,5.642857,0.48,0.0,1,5,5,2016,0
HOBBIES_1_261,HOBBIES_1,HOBBIES,CA_1,2016-05-22,0,47.0,31.0,17.0,11.714286,6.821429,0.48,0.0,1,6,5,2016,0
HOBBIES_1_261,HOBBIES_1,HOBBIES,CA_2,2016-04-25,6,12.0,10.0,0.0,6.0,3.607143,0.48,0.0,0,0,4,2016,0
HOBBIES_1_261,HOBBIES_1,HOBBIES,CA_2,2016-04-26,0,6.0,1.0,2.0,5.428571,3.8214285,0.48,0.0,0,1,4,2016,0
HOBBIES_1_261,HOBBIES_1,HOBBIES,CA_2,2016-04-27,0,0.0,5.0,6.0,5.285714,3.75,0.48,0.0,0,2,4,2016,0
HOBBIES_1_261,HOBBIES_1,HOBBIES,CA_2,2016-04-28,1,0.0,0.0,0.0,4.571429,3.5357144,0.48,0.0,0,3,4,2016,0
HOBBIES_1_261,HOBBIES_1,HOBBIES,CA_2,2016-04-29,5,1.0,4.0,6.0,4.714286,3.5714285,0.48,0.0,0,4,4,2016,0
HOBBIES_1_261,HOBBIES_1,HOBBIES,CA_2,2016-04-30,5,5.0,10.0,0.0,4.857143,3.5357144,0.48,0.0,1,5,4,2016,0
HOBBIES_1_261,HOBBIES_1,HOBBIES,CA_2,2016-05-01,12,5.0,12.0,1.0,4.142857,3.7142856,0.48,0.0,1,6,5,2016,1
HOBBIES_1_261,HOBBIES_1,HOBBIES,CA_2,2016-05-02,5,12.0,6.0,0.0,4.142857,4.107143,0.48,0.0,0,0,5,2016,1
HOBBIES_1_261,HOBBIES_1,HOBBIES,CA_2,2016-05-03,5,5.0,0.0,0.0,4.0,4.285714,0.48,0.0,0,1,5,2016,1
HOBBIES_1_261,HOBBIES_1,HOBBIES,CA_2,2016-05-04,5,5.0,0.0,1.0,4.714286,4.464286,0.48,0.0,0,2,5,2016,1
HOBBIES_1_261,HOBBIES_1,HOBBIES,CA_2,2016-05-05,6,5.0,1.0,6.0,5.428571,4.607143,0.48,0.0,0,3,5,2016,1
HOBBIES_1_261,HOBBIES_1,HOBBIES,CA_2,2016-05-06,0,6.0,5.0,5.0,6.142857,4.607143,0.48,0.0,0,4,5,2016,1
HOBBIES_1_261,HOBBIES_1,HOBBIES,CA_2,2016-05-07,7,0.0,5.0,8.0,5.428571,4.428571,0.48,0.0,1,5,5,2016,1
HOBBIES_1_261,HOBBIES_1,HOBBIES,CA_2,2016-05-08,1,7.0,12.0,1.0,5.714286,4.392857,0.48,0.0,1,6,5,2016,1
HOBBIES_1_261,HOBBIES_1,HOBBIES,CA_2,2016-05-09,11,1.0,5.0,0.0,4.142857,4.392857,0.48,0.0,0,0,5,2016,1
HOBBIES_1_261,HOBBIES_1,HOBBIES,CA_2,2016-05-10,10,11.0,5.0,0.0,5.0,4.785714,0.48,0.0,0,1,5,2016,1
HOBBIES_1_261,HOBBIES_1,HOBBIES,CA_2,2016-05-11,3,10.0,5.0,8.0,5.714286,5.142857,0.48,0.0,0,2,5,2016,0
HOBBIES_1_261,HOBBIES_1,HOBBIES,CA_2,2016-05-12,1,3.0,6.0,4.0,5.428571,4.964286,0.48,0.0,0,3,5,2016,0
HOBBIES_1_261,HOBBIES_1,HOBBIES,CA_2,2016-05-13,0,1.0,0.0,3.0,4.714286,4.857143,0.48,0.0,0,4,5,2016,0
HOBBIES_1_261,HOBBIES_1,HOBBIES,CA_2,2016-05-14,9,0.0,7.0,4.0,4.714286,4.75,0.48,0.0,1,5,5,2016,0
HOBBIES_1_261,HOBBIES_1,HOBBIES,CA_2,2016-05-15,2,9.0,1.0,4.0,5.0,4.928571,0.48,0.0,1,6,5,2016,0
HOBBIES_1_261,HOBBIES_1,HOBBIES,CA_2,2016-05-16,6,2.0,11.0,10.0,5.142857,4.857143,0.48,0.0,0,0,5,2016,0
HOBBIES_1_261,HOBBIES_1,HOBBIES,CA_2,2016-05-17,1,6.0,10.0,1.0,4.428571,4.714286,0.48,0.0,0,1,5,2016,0
HOBBIES_1_261,HOBBIES_1,HOBBIES,CA_2,2016-05-18,1,1.0,3.0,5.0,3.142857,4.714286,0.48,0.0,0,2,5,2016,0
HOBBIES_1_261,HOBBIES_1,HOBBIES,CA_2,2016-05-19,2,1.0,1.0,0.0,2.857143,4.571429,0.48,0.0,0,3,5,2016,0
HOBBIES_1_261,HOBBIES_1,HOBBIES,CA_2,2016-05-20,5,2.0,0.0,4.0,3.0,4.642857,0.48,0.0,0,4,5,2016,0
HOBBIES_1_261,HOBBIES_1,HOBBIES,CA_2,2016-05-21,11,5.0,9.0,10.0,3.7142856,4.678571,0.48,0.0,1,5,5,2016,0
HOBBIES_1_261,HOBBIES_1,HOBBIES,CA_2,2016-05-22,1,11.0,2.0,12.0,4.0,4.714286,0.48,0.0,1,6,5,2016,0
HOBBIES_1_261,HOBBIES_1,HOBBIES,CA_3,2016-04-25,3,5.0,1.0,4.0,6.142857,7.285714,0.48,0.0,0,0,4,2016,0
HOBBIES_1_261,HOBBIES_1,HOBBIES,CA_3,2016-04-26,3,3.0,12.0,5.0,6.428571,7.25,0.48,0.0,0,1,4,2016,0
HOBBIES_1_261,HOBBIES_1,HOBBIES,CA_3,2016-04-27,6,3.0,5.0,2.0,5.142857,7.178571,0.48,0.0,0,2,4,2016,0
HOBBIES_1_261,HOBBIES_1,HOBBIES,CA_3,2016-04-28,4,6.0,1.0,5.0,5.285714,7.321429,0.48,0.0,0,3,4,2016,0
HOBBIES_1_261,HOBBIES_1,HOBBIES,CA_3,2016-04-29,2,4.0,8.0,3.0,5.714286,7.285714,0.48,0.0,0,4,4,2016,0
HOBBIES_1_261,HOBBIES_1,HOBBIES,CA_3,2016-04-30,10,2.0,11.0,5.0,4.857143,7.25,0.48,0.0,1,5,4,2016,0
HOBBIES_1_261,HOBBIES_1,HOBBIES,CA_3,2016-05-01,3,10.0,5.0,13.0,4.714286,7.428571,0.48,0.0,1,6,5,2016,1
HOBBIES_1_261,HOBBIES_1,HOBBIES,CA_3,2016-05-02,9,3.0,3.0,2.0,4.428571,7.071429,0.48,0.0,0,0,5,2016,1
HOBBIES_1_261,HOBBIES_1,HOBBIES,CA_3,2016-05-03,10,9.0,3.0,4.0,5.285714,7.321429,0.48,0.0,0,1,5,2016,1
HOBBIES_1_261,HOBBIES_1,HOBBIES,CA_3,2016-05-04,1,10.0,6.0,43.0,6.285714,7.535714,0.48,0.0,0,2,5,2016,1
HOBBIES_1_261,HOBBIES_1,HOBBIES,CA_3,2016-05-05,4,1.0,4.0,8.0,5.571429,6.035714,0.48,0.0,0,3,5,2016,1
HOBBIES_1_261,HOBBIES_1,HOBBIES,CA_3,2016-05-06,7,4.0,2.0,11.0,5.571429,5.892857,0.48,0.0,0,4,5,2016,1
HOBBIES_1_261,HOBBIES_1,HOBBIES,CA_3,2016-05-07,3,7.0,10.0,1.0,6.285714,5.75,0.48,0.0,1,5,5,2016,1
HOBBIES_1_261,HOBBIES_1,HOBBIES,CA_3,2016-05-08,6,3.0,3.0,8.0,5.285714,5.821429,0.48,0.0,1,6,5,2016,1
HOBBIES_1_261,HOBBIES_1,HOBBIES,CA_3,2016-05-09,14,6.0,9.0,32.0,5.714286,5.75,0.48,0.0,0,0,5,2016,1
HOBBIES_1_261,HOBBIES_1,HOBBIES,CA_3,2016-05-10,23,14.0,10.0,0.0,6.428571,5.107143,0.48,0.0,0,1,5,2016,1
HOBBIES_1_261,HOBBIES_1,HOBBIES,CA_3,2016-05-11,1,23.0,1.0,2.0,8.285714,5.928571,0.48,0.0,0,2,5,2016,0
HOBBIES_1_261,HOBBIES_1,HOBBIES,CA_3,2016-05-12,6,1.0,4.0,4.0,8.285714,5.892857,0.48,0.0,0,3,5,2016,0
HOBBIES_1_261,HOBBIES_1,HOBBIES,CA_3,2016-05-13,2,6.0,7.0,1.0,8.571428,5.964286,0.48,0.0,0,4,5,2016,0
HOBBIES_1_261,HOBBIES_1,HOBBIES,CA_3,2016-05-14,22,2.0,3.0,0.0,7.857143,6.0,0.48,0.0,1,5,5,2016,0
HOBBIES_1_261,HOBBIES_1,HOBBIES,CA_3,2016-05-15,10,22.0,6.0,8.0,10.571428,6.785714,0.48,0.0,1,6,5,2016,0
HOBBIES_1_261,HOBBIES_1,HOBBIES,CA_3,2016-05-16,4,10.0,14.0,1.0,11.142858,6.857143,0.48,0.0,0,0,5,2016,0
HOBBIES_1_261,HOBBIES_1,HOBBIES,CA_3,2016-05-17,24,4.0,23.0,12.0,9.714286,6.964286,0.48,0.0,0,1,5,2016,0
HOBBIES_1_261,HOBBIES_1,HOBBIES,CA_3,2016-05-18,1,24.0,1.0,5.0,9.857142,7.392857,0.48,0.0,0,2,5,2016,0
HOBBIES_1_261,HOBBIES_1,HOBBIES,CA_3,2016-05-19,84,1.0,6.0,1.0,9.857142,7.25,0.48,0.0,0,3,5,2016,0
HOBBIES_1_261,HOBBIES_1,HOBBIES,CA_3,2016-05-20,0,84.0,2.0,8.0,21.0,10.214286,0.48,0.0,0,4,5,2016,0
HOBBIES_1_261,HOBBIES_1,HOBBIES,CA_3,2016-05-21,5,0.0,22.0,11.0,20.714285,9.928572,0.48,0.0,1,5,5,2016,0
HOBBIES_1_261,HOBBIES_1,HOBBIES,CA_3,2016-05-22,8,5.0,10.0,5.0,18.285715,9.714286,0.48,0.0,1,6,5,2016,0
HOBBIES_1_261,HOBBIES_1,HOBBIES,CA_4,2016-04-25,5,9.0,10.0,7.0,7.0,4.071429,0.48,0.0,0,0,4,2016,0
HOBBIES_1_261,HOBBIES_1,HOBBIES,CA_4,2016-04-26,0,5.0,6.0,4.0,6.285714,4.0,0.48,0.0,0,1,4,2016,0
HOBBIES_1_261,HOBBIES_1,HOBBIES,CA_4,2016-04-27,10,0.0,6.0,12.0,5.428571,3.857143,0.48,0.0,0,2,4,2016,0
HOBBIES_1_261,HOBBIES_1,HOBBIES,CA_4,2016-04-28,4,10.0,4.0,2.0,6.0,3.7857144,0.48,0.0,0,3,4,2016,0
HOBBIES_1_261,HOBBIES_1,HOBBIES,CA_4,2016-04-29,3,4.0,7.0,2.0,6.0,3.857143,0.48,0.0,0,4,4,2016,0
HOBBIES_1_261,HOBBIES_1,HOBBIES,CA_4,2016-04-30,7,3.0,7.0,4.0,5.428571,3.892857,0.48,0.0,1,5,4,2016,0
HOBBIES_1_261,HOBBIES_1,HOBBIES,CA_4,2016-05-01,0,7.0,9.0,2.0,5.428571,4.0,0.48,0.0,1,6,5,2016,1
HOBBIES_1_261,HOBBIES_1,HOBBIES,CA_4,2016-05-02,1,0.0,5.0,12.0,4.142857,3.9285715,0.48,0.0,0,0,5,2016,1
HOBBIES_1_261,HOBBIES_1,HOBBIES,CA_4,2016-05-03,9,1.0,0.0,5.0,3.5714285,3.5357144,0.48,0.0,0,1,5,2016,1
HOBBIES_1_261,HOBBIES_1,HOBBIES,CA_4,2016-05-04,4,9.0,10.0,0.0,4.857143,3.6785715,0.48,0.0,0,2,5,2016,1
HOBBIES_1_261,HOBBIES_1,HOBBIES,CA_4,2016-05-05,8,4.0,4.0,0.0,4.0,3.8214285,0.48,0.0,0,3,5,2016,1
HOBBIES_1_261,HOBBIES_1,HOBBIES,CA_4,2016-05-06,4,8.0,3.0,0.0,4.571429,4.107143,0.48,0.0,0,4,5,2016,1
HOBBIES_1_261,HOBBIES_1,HOBBIES,CA_4,2016-05-07,1,4.0,7.0,0.0,4.714286,4.25,0.48,0.0,1,5,5,2016,1
HOBBIES_1_261,HOBBIES_1,HOBBIES,CA_4,2016-05-08,2,1.0,0.0,0.0,3.857143,4.285714,0.48,0.0,1,6,5,2016,1
HOBBIES_1_261,HOBBIES_1,HOBBIES,CA_4,2016-05-09,4,2.0,1.0,0.0,4.142857,4.357143,0.48,0.0,0,0,5,2016,1
HOBBIES_1_261,HOBBIES_1,HOBBIES,CA_4,2016-05-10,0,4.0,9.0,0.0,4.571429,4.5,0.48,0.0,0,1,5,2016,1
HOBBIES_1_261,HOBBIES_1,HOBBIES,CA_4,2016-05-11,10,0.0,4.0,5.0,3.2857144,4.5,0.48,0.0,0,2,5,2016,0
HOBBIES_1_261,HOBBIES_1,HOBBIES,CA_4,2016-05-12,5,10.0,8.0,6.0,4.142857,4.678571,0.48,0.0,0,3,5,2016,0
HOBBIES_1_261,HOBBIES_1,HOBBIES,CA_4,2016-05-13,2,5.0,4.0,0.0,3.7142856,4.642857,0.48,0.0,0,4,5,2016,0
HOBBIES_1_261,HOBBIES_1,HOBBIES,CA_4,2016-05-14,4,2.0,1.0,4.0,3.4285715,4.714286,0.48,0.0,1,5,5,2016,0
HOBBIES_1_261,HOBBIES_1,HOBBIES,CA_4,2016-05-15,4,4.0,2.0,0.0,3.857143,4.714286,0.48,0.0,1,6,5,2016,0
HOBBIES_1_261,HOBBIES_1,HOBBIES,CA_4,2016-05-16,7,4.0,4.0,10.0,4.142857,4.857143,0.48,0.0,0,0,5,2016,0
HOBBIES_1_261,HOBBIES_1,HOBBIES,CA_4,2016-05-17,0,7.0,0.0,6.0,4.571429,4.75,0.48,0.0,0,1,5,2016,0
HOBBIES_1_261,HOBBIES_1,HOBBIES,CA_4,2016-05-18,0,0.0,10.0,6.0,4.571429,4.535714,0.48,0.0,0,2,5,2016,0
HOBBIES_1_261,HOBBIES_1,HOBBIES,CA_4,2016-05-19,6,0.0,5.0,4.0,3.142857,4.321429,0.48,0.0,0,3,5,2016,0
HOBBIES_1_261,HOBBIES_1,HOBBIES,CA_4,2016-05-20,5,6.0,2.0,7.0,3.2857144,4.392857,0.48,0.0,0,4,5,2016,0
HOBBIES_1_261,HOBBIES_1,HOBBIES,CA_4,2016-05-21,3,5.0,4.0,7.0,3.7142856,4.321429,0.48,0.0,1,5,5,2016,0
HOBBIES_1_261,HOBBIES_1,HOBBIES,CA_4,2016-05-22,8,3.0,4.0,9.0,3.5714285,4.178571,0.48,0.0,1,6,5,2016,0
HOBBIES_1_268,HOBBIES_1,HOBBIES,CA_1,2016-04-25,4,9.0,4.0,17.0,10.285714,13.0,0.48,0.0,0,0,4,2016,0
HOBBIES_1_268,HOBBIES_1,HOBBIES,CA_1,2016-04-26,2,4.0,6.0,4.0,10.285714,12.535714,0.48,0.0,0,1,4,2016,0
HOBBIES_1_268,HOBBIES_1,HOBBIES,CA_1,2016-04-27,33,2.0,4.0,24.0,9.714286,12.464286,0.48,0.0,0,2,4,2016,0
HOBBIES_1_268,HOBBIES_1,HOBBIES,CA_1,2016-04-28,0,33.0,17.0,37.0,13.857142,12.785714,0.48,0.0,0,3,4,2016,0
HOBBIES_1_268,HOBBIES_1,HOBBIES,CA_1,2016-04-29,4,0.0,20.0,10.0,11.428572,11.464286,0.48,0.0,0,4,4,2016,0
HOBBIES_1_268,HOBBIES_1,HOBBIES,CA_1,2016-04-30,9,4.0,12.0,1.0,9.142858,11.25,0.48,0.0,1,5,4,2016,0
HOBBIES_1_268,HOBBIES_1,HOBBIES,CA_1,2016-05-01,4,9.0,9.0,14.0,8.714286,11.535714,0.48,0.0,1,6,5,2016,1
HOBBIES_1_268,HOBBIES_1,HOBBIES,CA_1,2016-05-02,8,4.0,4.0,10.0,8.0,11.178572,0.48,0.0,0,0,5,2016,1
HOBBIES_1_268,HOBBIES_1,HOBBIES,CA_1,2016-05-03,4,8.0,2.0,20.0,8.571428,11.107142,0.48,0.0,0,1,5,2016,1
HOBBIES_1_268,HOBBIES_1,HOBBIES,CA_1,2016-05-04,45,4.0,33.0,42.0,8.857142,10.535714,0.48,0.0,0,2,5,2016,1
HOBBIES_1_268,HOBBIES_1,HOBBIES,CA_1,2016-05-05,4,45.0,0.0,4.0,10.571428,10.642858,0.48,0.0,0,3,5,2016,1
HOBBIES_1_268,HOBBIES_1,HOBBIES,CA_1,2016-05-06,0,4.0,4.0,6.0,11.142858,10.642858,0.48,0.0,0,4,5,2016,1
HOBBIES_1_268,HOBBIES_1,HOBBIES,CA_1,2016-05-07,11,0.0,9.0,8.0,10.571428,10.428572,0.48,0.0,1,5,5,2016,1
HOBBIES_1_268,HOBBIES_1,HOBBIES,CA_1,2016-05-08,8,11.0,4.0,7.0,10.857142,10.535714,0.48,0.0,1,6,5,2016,1
HOBBIES_1_268,HOBBIES_1,HOBBIES,CA_1,2016-05-09,45,8.0,8.0,3.0,11.428572,10.571428,0.48,0.0,0,0,5,2016,1
HOBBIES_1_268,HOBBIES_1,HOBBIES,CA_1,2016-05-10,1,45.0,4.0,7.0,16.714285,12.071428,0.48,0.0,0,1,5,2016,1
HOBBIES_1_268,HOBBIES_1,HOBBIES,CA_1,2016-05-11,7,1.0,45.0,2.0,16.285715,11.857142,0.48,0.0,0,2,5,2016,0
HOBBIES_1_268,HOBBIES_1,HOBBIES,CA_1,2016-05-12,8,7.0,4.0,11.0,10.857142,12.035714,0.48,0.0,0,3,5,2016,0
HOBBIES_1_268,HOBBIES_1,HOBBIES,CA_1,2016-05-13,0,8.0,0.0,20.0,11.428572,11.928572,0.48,0.0,0,4,5,2016,0
HOBBIES_1_268,HOBBIES_1,HOBBIES,CA_1,2016-05-14,4,0.0,11.0,1.0,11.428572,11.214286,0.48,0.0,1,5,5,2016,0
HOBBIES_1_268,HOBBIES_1,HOBBIES,CA_1,2016-05-15,2,4.0,8.0,44.0,10.428572,11.321428,0.48,0.0,1,6,5,2016,0
HOBBIES_1_268,HOBBIES_1,HOBBIES,CA_1,2016-05-16,0,2.0,45.0,4.0,9.571428,9.821428,0.48,0.0,0,0,5,2016,0
HOBBIES_1_268,HOBBIES_1,HOBBIES,CA_1,2016-05-17,1,0.0,1.0,6.0,3.142857,9.678572,0.48,0.0,0,1,5,2016,0
HOBBIES_1_268,HOBBIES_1,HOBBIES,CA_1,2016-05-18,0,1.0,7.0,4.0,3.142857,9.5,0.48,0.0,0,2,5,2016,0
HOBBIES_1_268,HOBBIES_1,HOBBIES,CA_1,2016-05-19,4,0.0,8.0,17.0,2.142857,9.357142,0.48,0.0,0,3,5,2016,0
HOBBIES_1_268,HOBBIES_1,HOBBIES,CA_1,2016-05-20,16,4.0,0.0,20.0,1.5714285,8.892858,0.48,0.0,0,4,5,2016,0
HOBBIES_1_268,HOBBIES_1,HOBBIES,CA_1,2016-05-21,1,16.0,4.0,12.0,3.857143,8.75,0.48,0.0,1,5,5,2016,0
HOBBIES_1_268,HOBBIES_1,HOBBIES,CA_1,2016-05-22,0,1.0,2.0,9.0,3.4285715,8.357142,0.48,0.0,1,6,5,2016,0
HOBBIES_1_268,HOBBIES_1,HOBBIES,CA_2,2016-04-25,2,0.0,0.0,7.0,4.857143,4.678571,0.48,0.0,0,0,4,2016,0
HOBBIES_1_268,HOBBIES_1,HOBBIES,CA_2,2016-04-26,0,2.0,0.0,0.0,5.142857,4.5,0.48,0.0,0,1,4,2016,0
HOBBIES_1_268,HOBBIES_1,HOBBIES,CA_2,2016-04-27,11,0.0,6.0,0.0,5.142857,4.5,0.48,0.0,0,2,4,2016,0
HOBBIES_1_268,HOBBIES_1,HOBBIES,CA_2,2016-04-28,9,11.0,3.0,11.0,5.857143,4.892857,0.48,0.0,0,3,4,2016,0
HOBBIES_1_268,HOBBIES_1,HOBBIES,CA_2,2016-04-29,6,9.0,3.0,0.0,6.714286,4.821429,0.48,0.0,0,4,4,2016,0
HOBBIES_1_268,HOBBIES_1,HOBBIES,CA_2,2016-04-30,2,6.0,22.0,11.0,7.142857,5.035714,0.48,0.0,1,5,4,2016,0
HOBBIES_1_268,HOBBIES_1,HOBBIES,CA_2,2016-05-01,10,2.0,0.0,5.0,4.285714,4.714286,0.48,0.0,1,6,5,2016,1
HOBBIES_1_268,HOBBIES_1,HOBBIES,CA_2,2016-05-02,17,10.0,2.0,2.0,5.714286,4.892857,0.48,0.0,0,0,5,2016,1
HOBBIES_1_268,HOBBIES_1,HOBBIES,CA_2,2016-05-03,7,17.0,0.0,1.0,7.857143,5.428571,0.48,0.0,0,1,5,2016,1
HOBBIES_1_268,HOBBIES_1,HOBBIES,CA_2,2016-05-04,0,7.0,11.0,16.0,8.857142,5.642857,0.48,0.0,0,2,5,2016,1
HOBBIES_1_268,HOBBIES_1,HOBBIES,CA_2,2016-05-05,4,0.0,9.0,2.0,7.285714,5.071429,0.48,0.0,0,3,5,2016,1
HOBBIES_1_268,HOBBIES_1,HOBBIES,CA_2,2016-05-06,5,4.0,6.0,0.0,6.571429,5.142857,0.48,0.0,0,4,5,2016,1
HOBBIES_1_268,HOBBIES_1,HOBBIES,CA_2,2016-05-07,14,5.0,2.0,3.0,6.428571,5.321429,0.48,0.0,1,5,5,2016,1
HOBBIES_1_268,HOBBIES_1,HOBBIES,CA_2,2016-05-08,1,14.0,10.0,1.0,8.142858,5.714286,0.48,0.0,1,6,5,2016,1
HOBBIES_1_268,HOBBIES_1,HOBBIES,CA_2,2016-05-09,3,1.0,17.0,7.0,6.857143,5.714286,0.48,0.0,0,0,5,2016,1
HOBBIES_1_268,HOBBIES_1,HOBBIES,CA_2,2016-05-10,13,3.0,7.0,1.0,4.857143,5.571429,0.48,0.0,0,1,5,2016,1
HOBBIES_1_268,HOBBIES_1,HOBBIES,CA_2,2016-05-11,16,13.0,0.0,2.0,5.714286,6.0,0.48,0.0,0,2,5,2016,0
HOBBIES_1_268,HOBBIES_1,HOBBIES,CA_2,2016-05-12,0,16.0,4.0,4.0,8.0,6.5,0.48,0.0,0,3,5,2016,0
HOBBIES_1_268,HOBBIES_1,HOBBIES,CA_2,2016-05-13,6,0.0,5.0,7.0,7.428571,6.357143,0.48,0.0,0,4,5,2016,0
HOBBIES_1_268,HOBBIES_1,HOBBIES,CA_2,2016-05-14,9,6.0,14.0,16.0,7.571429,6.321429,0.48,0.0,1,5,5,2016,0
HOBBIES_1_268,HOBBIES_1,HOBBIES,CA_2,2016-05-15,10,9.0,1.0,1.0,6.857143,6.071429,0.48,0.0,1,6,5,2016,0
HOBBIES_1_268,HOBBIES_1,HOBBIES,CA_2,2016-05-16,10,10.0,3.0,0.0,8.142858,6.392857,0.48,0.0,0,0,5,2016,0
HOBBIES_1_268,HOBBIES_1,HOBBIES,CA_2,2016-05-17,3,10.0,13.0,0.0,9.142858,6.75,0.48,0.0,0,1,5,2016,0
HOBBIES_1_268,HOBBIES_1,HOBBIES,CA_2,2016-05-18,5,3.0,16.0,6.0,7.714286,6.857143,0.48,0.0,0,2,5,2016,0
HOBBIES_1_268,HOBBIES_1,HOBBIES,CA_2,2016-05-19,12,5.0,0.0,3.0,6.142857,6.821429,0.48,0.0,0,3,5,2016,0
HOBBIES_1_268,HOBBIES_1,HOBBIES,CA_2,2016-05-20,6,12.0,6.0,3.0,7.857143,7.142857,0.48,0.0,0,4,5,2016,0
HOBBIES_1_268,HOBBIES_1,HOBBIES,CA_2,2016-05-21,5,6.0,9.0,22.0,7.857143,7.25,0.48,0.0,1,5,5,2016,0
HOBBIES_1_268,HOBBIES_1,HOBBIES,CA_2,2016-05-22,5,5.0,10.0,0.0,7.285714,6.642857,0.48,0.0,1,6,5,2016,0
HOBBIES_1_268,HOBBIES_1,HOBBIES,CA_3,2016-04-25,6,2.0,1.0,9.0,3.4285715,3.75,0.48,0.0,0,0,4,2016,0
HOBBIES_1_268,HOBBIES_1,HOBBIES,CA_3,2016-04-26,5,6.0,2.0,2.0,4.142857,3.642857,0.48,0.0,0,1,4,2016,0
HOBBIES_1_268,HOBBIES_1,HOBBIES,CA_3,2016-04-27,0,5.0,17.0,0.0,4.571429,3.75,0.48,0.0,0,2,4,2016,0
HOBBIES_1_268,HOBBIES_1,HOBBIES,CA_3,2016-04-28,2,0.0,0.0,1.0,2.142857,3.75,0.48,0.0,0,3,4,2016,0
HOBBIES_1_268,HOBBIES_1,HOBBIES,CA_3,2016-04-29,2,2.0,0.0,10.0,2.4285715,3.7857144,0.48,0.0,0,4,4,2016,0
HOBBIES_1_268,HOBBIES_1,HOBBIES,CA_3,2016-04-30,1,2.0,2.0,2.0,2.7142856,3.5,0.48,0.0,1,5,4,2016,0
HOBBIES_1_268,HOBBIES_1,HOBBIES,CA_3,2016-05-01,2,1.0,2.0,3.0,2.5714285,3.4642856,0.48,0.0,1,6,5,2016,1
HOBBIES_1_268,HOBBIES_1,HOBBIES,CA_3,2016-05-02,9,2.0,6.0,0.0,2.5714285,3.4285715,0.48,0.0,0,0,5,2016,1
HOBBIES_1_268,HOBBIES_1,HOBBIES,CA_3,2016-05-03,3,9.0,5.0,4.0,3.0,3.75,0.48,0.0,0,1,5,2016,1
HOBBIES_1_268,HOBBIES_1,HOBBIES,CA_3,2016-05-04,10,3.0,0.0,0.0,2.7142856,3.7142856,0.48,0.0,0,2,5,2016,1
HOBBIES_1_268,HOBBIES_1,HOBBIES,CA_3,2016-05-05,8,10.0,2.0,8.0,4.142857,4.071429,0.48,0.0,0,3,5,2016,1
HOBBIES_1_268,HOBBIES_1,HOBBIES,CA_3,2016-05-06,0,8.0,2.0,0.0,5.0,4.071429,0.48,0.0,0,4,5,2016,1
HOBBIES_1_268,HOBBIES_1,HOBBIES,CA_3,2016-05-07,0,0.0,1.0,2.0,4.714286,4.071429,0.48,0.0,1,5,5,2016,1
HOBBIES_1_268,HOBBIES_1,HOBBIES,CA_3,2016-05-08,0,0.0,2.0,1.0,4.571429,4.0,0.48,0.0,1,6,5,2016,1
HOBBIES_1_268,HOBBIES_1,HOBBIES,CA_3,2016-05-09,4,0.0,9.0,0.0,4.285714,3.9642856,0.48,0.0,0,0,5,2016,1
HOBBIES_1_268,HOBBIES_1,HOBBIES,CA_3,2016-05-10,2,4.0,3.0,0.0,3.5714285,4.107143,0.48,0.0,0,1,5,2016,1
HOBBIES_1_268,HOBBIES_1,HOBBIES,CA_3,2016-05-11,0,2.0,10.0,1.0,3.4285715,4.178571,0.48,0.0,0,2,5,2016,0
HOBBIES_1_268,HOBBIES_1,HOBBIES,CA_3,2016-05-12,5,0.0,8.0,4.0,2.0,4.142857,0.48,0.0,0,3,5,2016,0
HOBBIES_1_268,HOBBIES_1,HOBBIES,CA_3,2016-05-13,4,5.0,0.0,2.0,1.5714285,4.178571,0.48,0.0,0,4,5,2016,0
HOBBIES_1_268,HOBBIES_1,HOBBIES,CA_3,2016-05-14,12,4.0,0.0,27.0,2.142857,4.25,0.48,0.0,1,5,5,2016,0
HOBBIES_1_268,HOBBIES_1,HOBBIES,CA_3,2016-05-15,0,12.0,0.0,5.0,3.857143,3.7142856,0.48,0.0,1,6,5,2016,0
HOBBIES_1_268,HOBBIES_1,HOBBIES,CA_3,2016-05-16,3,0.0,4.0,1.0,3.857143,3.5357144,0.48,0.0,0,0,5,2016,0
HOBBIES_1_268,HOBBIES_1,HOBBIES,CA_3,2016-05-17,2,3.0,2.0,2.0,3.7142856,3.607143,0.48,0.0,0,1,5,2016,0
HOBBIES_1_268,HOBBIES_1,HOBBIES,CA_3,2016-05-18,6,2.0,0.0,17.0,3.7142856,3.607143,0.48,0.0,0,2,5,2016,0
HOBBIES_1_268,HOBBIES_1,HOBBIES,CA_3,2016-05-19,6,6.0,5.0,0.0,4.571429,3.2142856,0.48,0.0,0,3,5,2016,0
HOBBIES_1_268,HOBBIES_1,HOBBIES,CA_3,2016-05-20,0,6.0,4.0,0.0,4.714286,3.4285715,0.48,0.0,0,4,5,2016,0
HOBBIES_1_268,HOBBIES_1,HOBBIES,CA_3,2016-05-21,6,0.0,12.0,2.0,4.142857,3.4285715,0.48,0.0,1,5,5,2016,0
HOBBIES_1_268,HOBBIES_1,HOBBIES,CA_3,2016-05-22,7,6.0,0.0,2.0,3.2857144,3.5714285,0.48,0.0,1,6,5,2016,0
HOBBIES_1_268,HOBBIES_1,HOBBIES,CA_4,2016-04-25,6,7.0,0.0,9.0,12.0,7.892857,0.48,0.0,0,0,4,2016,0
HOBBIES_1_268,HOBBIES_1,HOBBIES,CA_4,2016-04-26,4,6.0,21.0,0.0,12.857142,7.785714,0.48,0.0,0,1,4,2016,0
HOBBIES_1_268,HOBBIES_1,HOBBIES,CA_4,2016-04-27,1,4.0,23.0,29.0,10.428572,7.928571,0.48,0.0,0,2,4,2016,0
HOBBIES_1_268,HOBBIES_1,HOBBIES,CA_4,2016-04-28,4,1.0,15.0,0.0,7.285714,6.928571,0.48,0.0,0,3,4,2016,0
HOBBIES_1_268,HOBBIES_1,HOBBIES,CA_4,2016-04-29,10,4.0,13.0,0.0,5.714286,7.071429,0.48,0.0,0,4,4,2016,0
HOBBIES_1_268,HOBBIES_1,HOBBIES,CA_4,2016-04-30,4,10.0,5.0,7.0,5.285714,7.428571,0.48,0.0,1,5,4,2016,0
HOBBIES_1_268,HOBBIES_1,HOBBIES,CA_4,2016-05-01,14,4.0,7.0,8.0,5.142857,7.321429,0.48,0.0,1,6,5,2016,1
HOBBIES_1_268,HOBBIES_1,HOBBIES,CA_4,2016-05-02,0,14.0,6.0,9.0,6.142857,7.535714,0.48,0.0,0,0,5,2016,1
HOBBIES_1_268,HOBBIES_1,HOBBIES,CA_4,2016-05-03,8,0.0,4.0,4.0,5.285714,7.214286,0.48,0.0,0,1,5,2016,1
HOBBIES_1_268,HOBBIES_1,HOBBIES,CA_4,2016-05-04,0,8.0,1.0,20.0,5.857143,7.357143,0.48,0.0,0,2,5,2016,1
HOBBIES_1_268,HOBBIES_1,HOBBIES,CA_4,2016-05-05,6,0.0,4.0,0.0,5.714286,6.642857,0.48,0.0,0,3,5,2016,1
HOBBIES_1_268,HOBBIES_1,HOBBIES,CA_4,2016-05-06,3,6.0,10.0,0.0,6.0,6.857143,0.48,0.0,0,4,5,2016,1
HOBBIES_1_268,HOBBIES_1,HOBBIES,CA_4,2016-05-07,1,3.0,4.0,0.0,5.0,6.964286,0.48,0.0,1,5,5,2016,1
HOBBIES_1_268,HOBBIES_1,HOBBIES,CA_4,2016-05-08,13,1.0,14.0,9.0,4.571429,7.0,0.48,0.0,1,6,5,2016,1
HOBBIES_1_268,HOBBIES_1,HOBBIES,CA_4,2016-05-09,10,13.0,0.0,10.0,4.428571,7.142857,0.48,0.0,0,0,5,2016,1
HOBBIES_1_268,HOBBIES_1,HOBBIES,CA_4,2016-05-10,6,10.0,8.0,5.0,5.857143,7.142857,0.48,0.0,0,1,5,2016,1
HOBBIES_1_268,HOBBIES_1,HOBBIES,CA_4,2016-05-11,3,6.0,0.0,0.0,5.571429,7.178571,0.48,0.0,0,2,5,2016,0
HOBBIES_1_268,HOBBIES_1,HOBBIES,CA_4,2016-05-12,36,3.0,6.0,8.0,6.0,7.285714,0.48,0.0,0,3,5,2016,0
HOBBIES_1_268,HOBBIES_1,HOBBIES,CA_4,2016-05-13,3,36.0,3.0,4.0,10.285714,8.285714,0.48,0.0,0,4,5,2016,0
HOBBIES_1_268,HOBBIES_1,HOBBIES,CA_4,2016-05-14,0,3.0,1.0,6.0,10.285714,8.25,0.48,0.0,1,5,5,2016,0
HOBBIES_1_268,HOBBIES_1,HOBBIES,CA_4,2016-05-15,0,0.0,13.0,9.0,10.142858,8.035714,0.48,0.0,1,6,5,2016,0
HOBBIES_1_268,HOBBIES_1,HOBBIES,CA_4,2016-05-16,2,0.0,10.0,0.0,8.285714,7.714286,0.48,0.0,0,0,5,2016,0
HOBBIES_1_268,HOBBIES_1,HOBBIES,CA_4,2016-05-17,12,2.0,6.0,21.0,7.142857,7.785714,0.48,0.0,0,1,5,2016,0
HOBBIES_1_268,HOBBIES_1,HOBBIES,CA_4,2016-05-18,0,12.0,3.0,23.0,8.0,7.464286,0.48,0.0,0,2,5,2016,0
HOBBIES_1_268,HOBBIES_1,HOBBIES,CA_4,2016-05-19,2,0.0,36.0,15.0,7.571429,6.642857,0.48,0.0,0,3,5,2016,0
HOBBIES_1_268,HOBBIES_1,HOBBIES,CA_4,2016-05-20,6,2.0,3.0,13.0,2.7142856,6.178571,0.48,0.0,0,4,5,2016,0
HOBBIES_1_268,HOBBIES_1,HOBBIES,CA_4,2016-05-21,4,6.0,0.0,5.0,3.142857,5.928571,0.48,0.0,1,5,5,2016,0
HOBBIES_1_268,HOBBIES_1,HOBBIES,CA_4,2016-05-22,11,4.0,0.0,7.0,3.7142856,5.892857,0.48,0.0,1,6,5,2016,0
HOBBIES_1_348,HOBBIES_1,HOBBIES,CA_1,2016-04-25,14,26.0,2.0,1.0,9.142858,6.607143,0.48,0.0,0,0,4,2016,0
HOBBIES_1_348,HOBBIES_1,HOBBIES,CA_1,2016-04-26,6,14.0,11.0,11.0,10.857142,7.071429,0.48,0.0,0,1,4,2016,0
HOBBIES_1_348,HOBBIES_1,HOBBIES,CA_1,2016-04-27,0,6.0,5.0,5.0,10.142858,6.892857,0.48,0.0,0,2,4,2016,0
HOBBIES_1_348,HOBBIES_1,HOBBIES,CA_1,2016-04-28,1,0.0,8.0,8.0,9.428572,6.714286,0.48,0.0,0,3,4,2016,0
HOBBIES_1_348,HOBBIES_1,HOBBIES,CA_1,2016-04-29,14,1.0,1.0,1.0,8.428572,6.464286,0.48,0.0,0,4,4,2016,0
HOBBIES_1_348,HOBBIES_1,HOBBIES,CA_1,2016-04-30,7,14.0,11.0,21.0,10.285714,6.928571,0.48,0.0,1,5,4,2016,0
HOBBIES_1_348,HOBBIES_1,HOBBIES,CA_1,2016-05-01,7,7.0,26.0,15.0,9.714286,6.428571,0.48,0.0,1,6,5,2016,1
HOBBIES_1_348,HOBBIES_1,HOBBIES,CA_1,2016-05-02,26,7.0,14.0,1.0,7.0,6.142857,0.48,0.0,0,0,5,2016,1
HOBBIES_1_348,HOBBIES_1,HOBBIES,CA_1,2016-05-03,15,26.0,6.0,21.0,8.714286,7.035714,0.48,0.0,0,1,5,2016,1
HOBBIES_1_348,HOBBIES_1,HOBBIES,CA_1,2016-05-04,0,15.0,0.0,0.0,10.0,6.821429,0.48,0.0,0,2,5,2016,1
HOBBIES_1_348,HOBBIES_1,HOBBIES,CA_1,2016-05-05,5,0.0,1.0,0.0,10.0,6.821429,0.48,0.0,0,3,5,2016,1
HOBBIES_1_348,HOBBIES_1,HOBBIES,CA_1,2016-05-06,2,5.0,14.0,5.0,10.571428,7.0,0.48,0.0,0,4,5,2016,1
HOBBIES_1_348,HOBBIES_1,HOBBIES,CA_1,2016-05-07,9,2.0,7.0,3.0,8.857142,6.892857,0.48,0.0,1,5,5,2016,1
HOBBIES_1_348,HOBBIES_1,HOBBIES,CA_1,2016-05-08,15,9.0,7.0,5.0,9.142858,7.107143,0.48,0.0,1,6,5,2016,1
HOBBIES_1_348,HOBBIES_1,HOBBIES,CA_1,2016-05-09,12,15.0,26.0,3.0,10.285714,7.464286,0.48,0.0,0,0,5,2016,1
HOBBIES_1_348,HOBBIES_1,HOBBIES,CA_1,2016-05-10,3,12.0,15.0,4.0,8.285714,7.785714,0.48,0.0,0,1,5,2016,1
HOBBIES_1_348,HOBBIES_1,HOBBIES,CA_1,2016-05-11,13,3.0,0.0,6.0,6.571429,7.75,0.48,0.0,0,2,5,2016,0
HOBBIES_1_348,HOBBIES_1,HOBBIES,CA_1,2016-05-12,1,13.0,5.0,4.0,8.428572,8.0,0.48,0.0,0,3,5,2016,0
HOBBIES_1_348,HOBBIES_1,HOBBIES,CA_1,2016-05-13,22,1.0,2.0,2.0,7.857143,7.892857,0.48,0.0,0,4,5,2016,0
HOBBIES_1_348,HOBBIES_1,HOBBIES,CA_1,2016-05-14,4,22.0,9.0,4.0,10.714286,8.607142,0.48,0.0,1,5,5,2016,0
HOBBIES_1_348,HOBBIES_1,HOBBIES,CA_1,2016-05-15,7,4.0,15.0,1.0,10.0,8.607142,0.48,0.0,1,6,5,2016,0
HOBBIES_1_348,HOBBIES_1,HOBBIES,CA_1,2016-05-16,26,7.0,12.0,2.0,8.857142,8.821428,0.48,0.0,0,0,5,2016,0
HOBBIES_1_348,HOBBIES_1,HOBBIES,CA_1,2016-05-17,1,26.0,3.0,11.0,10.857142,9.678572,0.48,0.0,0,1,5,2016,0
HOBBIES_1_348,HOBBIES_1,HOBBIES,CA_1,2016-05-18,4,1.0,13.0,5.0,10.571428,9.321428,0.48,0.0,0,2,5,2016,0
HOBBIES_1_348,HOBBIES_1,HOBBIES,CA_1,2016-05-19,1,4.0,1.0,8.0,9.285714,9.285714,0.48,0.0,0,3,5,2016,0
HOBBIES_1_348,HOBBIES_1,HOBBIES,CA_1,2016-05-20,5,1.0,22.0,1.0,9.285714,9.035714,0.48,0.0,0,4,5,2016,0
HOBBIES_1_348,HOBBIES_1,HOBBIES,CA_1,2016-05-21,18,5.0,4.0,11.0,6.857143,9.178572,0.48,0.0,1,5,5,2016,0
HOBBIES_1_348,HOBBIES_1,HOBBIES,CA_1,2016-05-22,24,18.0,7.0,26.0,8.857142,9.428572,0.48,0.0,1,6,5,2016,0
HOBBIES_1_348,HOBBIES_1,HOBBIES,CA_2,2016-04-25,4,3.0,1.0,3.0,5.285714,5.535714,0.48,0.0,0,0,4,2016,0
HOBBIES_1_348,HOBBIES_1,HOBBIES,CA_2,2016-04-26,0,4.0,12.0,6.0,5.714286,5.571429,0.48,0.0,0,1,4,2016,0
HOBBIES_1_348,HOBBIES_1,HOBBIES,CA_2,2016-04-27,10,0.0,8.0,8.0,4.0,5.357143,0.48,0.0,0,2,4,2016,0
HOBBIES_1_348,HOBBIES_1,HOBBIES,CA_2,2016-04-28,8,10.0,0.0,2.0,4.285714,5.428571,0.48,0.0,0,3,4,2016,0
HOBBIES_1_348,HOBBIES_1,HOBBIES,CA_2,2016-04-29,4,8.0,9.0,6.0,5.428571,5.642857,0.48,0.0,0,4,4,2016,0
HOBBIES_1_348,HOBBIES_1,HOBBIES,CA_2,2016-04-30,1,4.0,4.0,11.0,4.714286,5.571429,0.48,0.0,1,5,4,2016,0
HOBBIES_1_348,HOBBIES_1,HOBBIES,CA_2,2016-05-01,0,1.0,3.0,2.0,4.285714,5.214286,0.48,0.0,1,6,5,2016,1
HOBBIES_1_348,HOBBIES_1,HOBBIES,CA_2,2016-05-02,6,0.0,4.0,1.0,3.857143,5.142857,0.48,0.0,0,0,5,2016,1
HOBBIES_1_348,HOBBIES_1,HOBBIES,CA_2,2016-05-03,4,6.0,0.0,0.0,4.142857,5.321429,0.48,0.0,0,1,5,2016,1
HOBBIES_1_348,HOBBIES_1,HOBBIES,CA_2,2016-05-04,4,4.0,10.0,3.0,4.714286,5.464286,0.48,0.0,0,2,5,2016,1
HOBBIES_1_348,HOBBIES_1,HOBBIES,CA_2,2016-05-05,0,4.0,8.0,11.0,3.857143,5.5,0.48,0.0,0,3,5,2016,1
HOBBIES_1_348,HOBBIES_1,HOBBIES,CA_2,2016-05-06,2,0.0,4.0,0.0,2.7142856,5.107143,0.48,0.0,0,4,5,2016,1
HOBBIES_1_348,HOBBIES_1,HOBBIES,CA_2,2016-05-07,4,2.0,1.0,8.0,2.4285715,5.178571,0.48,0.0,1,5,5,2016,1
HOBBIES_1_348,HOBBIES_1,HOBBIES,CA_2,2016-05-08,8,4.0,0.0,0.0,2.857143,5.035714,0.48,0.0,1,6,5,2016,1
HOBBIES_1_348,HOBBIES_1,HOBBIES,CA_2,2016-05-09,0,8.0,6.0,10.0,4.0,5.321429,0.48,0.0,0,0,5,2016,1
HOBBIES_1_348,HOBBIES_1,HOBBIES,CA_2,2016-05-10,14,0.0,4.0,7.0,3.142857,4.964286,0.48,0.0,0,1,5,2016,1
HOBBIES_1_348,HOBBIES_1,HOBBIES,CA_2,2016-05-11,0,14.0,4.0,13.0,4.571429,5.214286,0.48,0.0,0,2,5,2016,0
HOBBIES_1_348,HOBBIES_1,HOBBIES,CA_2,2016-05-12,0,0.0,0.0,7.0,4.0,4.75,0.48,0.0,0,3,5,2016,0
HOBBIES_1_348,HOBBIES_1,HOBBIES,CA_2,2016-05-13,4,0.0,2.0,4.0,4.0,4.5,0.48,0.0,0,4,5,2016,0
HOBBIES_1_348,HOBBIES_1,HOBBIES,CA_2,2016-05-14,5,4.0,4.0,5.0,4.285714,4.5,0.48,0.0,1,5,5,2016,0
HOBBIES_1_348,HOBBIES_1,HOBBIES,CA_2,2016-05-15,12,5.0,8.0,11.0,4.428571,4.5,0.48,0.0,1,6,5,2016,0
HOBBIES_1_348,HOBBIES_1,HOBBIES,CA_2,2016-05-16,2,12.0,0.0,1.0,5.0,4.535714,0.48,0.0,0,0,5,2016,0
HOBBIES_1_348,HOBBIES_1,HOBBIES,CA_2,2016-05-17,3,2.0,14.0,12.0,5.285714,4.571429,0.48,0.0,0,1,5,2016,0
HOBBIES_1_348,HOBBIES_1,HOBBIES,CA_2,2016-05-18,4,3.0,0.0,8.0,3.7142856,4.25,0.48,0.0,0,2,5,2016,0
HOBBIES_1_348,HOBBIES_1,HOBBIES,CA_2,2016-05-19,2,4.0,0.0,0.0,4.285714,4.107143,0.48,0.0,0,3,5,2016,0
HOBBIES_1_348,HOBBIES_1,HOBBIES,CA_2,2016-05-20,2,2.0,4.0,9.0,4.571429,4.178571,0.48,0.0,0,4,5,2016,0
HOBBIES_1_348,HOBBIES_1,HOBBIES,CA_2,2016-05-21,3,2.0,5.0,4.0,4.285714,3.9285715,0.48,0.0,1,5,5,2016,0
HOBBIES_1_348,HOBBIES_1,HOBBIES,CA_2,2016-05-22,19,3.0,12.0,3.0,4.0,3.892857,0.48,0.0,1,6,5,2016,0
HOBBIES_1_348,HOBBIES_1,HOBBIES,CA_3,2016-04-25,7,0.0,0.0,1.0,3.0,5.357143,0.48,0.0,0,0,4,2016,0
HOBBIES_1_348,HOBBIES_1,HOBBIES,CA_3,2016-04-26,4,7.0,0.0,0.0,4.0,5.571429,0.48,0.0,0,1,4,2016,0
HOBBIES_1_348,HOBBIES_1,HOBBIES,CA_3,2016-04-27,2,4.0,9.0,4.0,4.571429,5.714286,0.48,0.0,0,2,4,2016,0
HOBBIES_1_348,HOBBIES_1,HOBBIES,CA_3,2016-04-28,5,2.0,4.0,2.0,3.5714285,5.642857,0.48,0.0,0,3,4,2016,0
HOBBIES_1_348,HOBBIES_1,HOBBIES,CA_3,2016-04-29,4,5.0,0.0,12.0,3.7142856,5.75,0.48,0.0,0,4,4,2016,0
HOBBIES_1_348,HOBBIES_1,HOBBIES,CA_3,2016-04-30,5,4.0,8.0,6.0,4.285714,5.464286,0.48,0.0,1,5,4,2016,0
HOBBIES_1_348,HOBBIES_1,HOBBIES,CA_3,2016-05-01,8,5.0,0.0,8.0,3.857143,5.428571,0.48,0.0,1,6,5,2016,1
HOBBIES_1_348,HOBBIES_1,HOBBIES,CA_3,2016-05-02,8,8.0,7.0,5.0,5.0,5.428571,0.48,0.0,0,0,5,2016,1
HOBBIES_1_348,HOBBIES_1,HOBBIES,CA_3,2016-05-03,9,8.0,4.0,4.0,5.142857,5.535714,0.48,0.0,0,1,5,2016,1
HOBBIES_1_348,HOBBIES_1,HOBBIES,CA_3,2016-05-04,0,9.0,2.0,4.0,5.857143,5.714286,0.48,0.0,0,2,5,2016,1
HOBBIES_1_348,HOBBIES_1,HOBBIES,CA_3,2016-05-05,17,0.0,5.0,15.0,5.571429,5.571429,0.48,0.0,0,3,5,2016,1
HOBBIES_1_348,HOBBIES_1,HOBBIES,CA_3,2016-05-06,4,17.0,4.0,7.0,7.285714,5.642857,0.48,0.0,0,4,5,2016,1
HOBBIES_1_348,HOBBIES_1,HOBBIES,CA_3,2016-05-07,0,4.0,5.0,3.0,7.285714,5.535714,0.48,0.0,1,5,5,2016,1
HOBBIES_1_348,HOBBIES_1,HOBBIES,CA_3,2016-05-08,4,0.0,8.0,7.0,6.571429,5.428571,0.48,0.0,1,6,5,2016,1
HOBBIES_1_348,HOBBIES_1,HOBBIES,CA_3,2016-05-09,6,4.0,8.0,13.0,6.0,5.321429,0.48,0.0,0,0,5,2016,1
HOBBIES_1_348,HOBBIES_1,HOBBIES,CA_3,2016-05-10,2,6.0,9.0,7.0,5.714286,5.071429,0.48,0.0,0,1,5,2016,1
HOBBIES_1_348,HOBBIES_1,HOBBIES,CA_3,2016-05-11,0,2.0,0.0,4.0,4.714286,4.892857,0.48,0.0,0,2,5,2016,0
HOBBIES_1_348,HOBBIES_1,HOBBIES,CA_3,2016-05-12,5,0.0,17.0,2.0,4.714286,4.75,0.48,0.0,0,3,5,2016,0
HOBBIES_1_348,HOBBIES_1,HOBBIES,CA_3,2016-05-13,0,5.0,4.0,0.0,3.0,4.857143,0.48,0.0,0,4,5,2016,0
HOBBIES_1_348,HOBBIES_1,HOBBIES,CA_3,2016-05-14,5,0.0,0.0,1.0,2.4285715,4.857143,0.48,0.0,1,5,5,2016,0
HOBBIES_1_348,HOBBIES_1,HOBBIES,CA_3,2016-05-15,11,5.0,4.0,24.0,3.142857,5.0,0.48,0.0,1,6,5,2016,0
HOBBIES_1_348,HOBBIES_1,HOBBIES,CA_3,2016-05-16,3,11.0,6.0,0.0,4.142857,4.535714,0.48,0.0,0,0,5,2016,0
HOBBIES_1_348,HOBBIES_1,HOBBIES,CA_3,2016-05-17,7,3.0,2.0,0.0,3.7142856,4.642857,0.48,0.0,0,1,5,2016,0
HOBBIES_1_348,HOBBIES_1,HOBBIES,CA_3,2016-05-18,10,7.0,0.0,9.0,4.428571,4.892857,0.48,0.0,0,2,5,2016,0
HOBBIES_1_348,HOBBIES_1,HOBBIES,CA_3,2016-05-19,1,10.0,5.0,4.0,5.857143,4.928571,0.48,0.0,0,3,5,2016,0
HOBBIES_1_348,HOBBIES_1,HOBBIES,CA_3,2016-05-20,5,1.0,0.0,0.0,5.285714,4.821429,0.48,0.0,0,4,5,2016,0
HOBBIES_1_348,HOBBIES_1,HOBBIES,CA_3,2016-05-21,11,5.0,5.0,8.0,6.0,5.0,0.48,0.0,1,5,5,2016,0
HOBBIES_1_348,HOBBIES_1,HOBBIES,CA_3,2016-05-22,2,11.0,11.0,0.0,6.857143,5.107143,0.48,0.0,1,6,5,2016,0
HOBBIES_1_348,HOBBIES_1,HOBBIES,CA_4,2016-04-25,5,6.0,14.0,0.0,9.285714,7.5,0.48,0.0,0,0,4,2016,0
HOBBIES_1_348,HOBBIES_1,HOBBIES,CA_4,2016-04-26,1,5.0,8.0,14.0,8.0,7.678571,0.48,0.0,0,1,4,2016,0
HOBBIES_1_348,HOBBIES_1,HOBBIES,CA_4,2016-04-27,0,1.0,0.0,21.0,7.0,7.214286,0.48,0.0,0,2,4,2016,0
HOBBIES_1_348,HOBBIES_1,HOBBIES,CA_4,2016-04-28,0,0.0,14.0,6.0,7.0,6.464286,0.48,0.0,0,3,4,2016,0
HOBBIES_1_348,HOBBIES_1,HOBBIES,CA_4,2016-04-29,0,0.0,10.0,7.0,5.0,6.25,0.48,0.0,0,4,4,2016,0
HOBBIES_1_348,HOBBIES_1,HOBBIES,CA_4,2016-04-30,21,0.0,13.0,5.0,3.5714285,6.0,0.48,0.0,1,5,4,2016,0
HOBBIES_1_348,HOBBIES_1,HOBBIES,CA_4,2016-05-01,8,21.0,6.0,4.0,4.714286,6.571429,0.48,0.0,1,6,5,2016,1
HOBBIES_1_348,HOBBIES_1,HOBBIES,CA_4,2016-05-02,0,8.0,5.0,8.0,5.0,6.714286,0.48,0.0,0,0,5,2016,1
HOBBIES_1_348,HOBBIES_1,HOBBIES,CA_4,2016-05-03,5,0.0,1.0,6.0,4.285714,6.428571,0.48,0.0,0,1,5,2016,1
HOBBIES_1_348,HOBBIES_1,HOBBIES,CA_4,2016-05-04,3,5.0,0.0,3.0,4.857143,6.392857,0.48,0.0,0,2,5,2016,1
HOBBIES_1_348,HOBBIES_1,HOBBIES,CA_4,2016-05-05,9,3.0,0.0,7.0,5.285714,6.392857,0.48,0.0,0,3,5,2016,1
HOBBIES_1_348,HOBBIES_1,HOBBIES,CA_4,2016-05-06,10,9.0,0.0,18.0,6.571429,6.464286,0.48,0.0,0,4,5,2016,1
HOBBIES_1_348,HOBBIES_1,HOBBIES,CA_4,2016-05-07,10,10.0,21.0,2.0,8.0,6.178571,0.48,0.0,1,5,5,2016,1
HOBBIES_1_348,HOBBIES_1,HOBBIES,CA_4,2016-05-08,9,10.0,8.0,10.0,6.428571,6.464286,0.48,0.0,1,6,5,2016,1
HOBBIES_1_348,HOBBIES_1,HOBBIES,CA_4,2016-05-09,2,9.0,0.0,0.0,6.571429,6.428571,0.48,0.0,0,0,5,2016,1
HOBBIES_1_348,HOBBIES_1,HOBBIES,CA_4,2016-05-10,3,2.0,5.0,2.0,6.857143,6.5,0.48,0.0,0,1,5,2016,1
HOBBIES_1_348,HOBBIES_1,HOBBIES,CA_4,2016-05-11,8,3.0,3.0,2.0,6.571429,6.535714,0.48,0.0,0,2,5,2016,0
HOBBIES_1_348,HOBBIES_1,HOBBIES,CA_4,2016-05-12,0,8.0,9.0,14.0,7.285714,6.75,0.48,0.0,0,3,5,2016,0
HOBBIES_1_348,HOBBIES_1,HOBBIES,CA_4,2016-05-13,3,0.0,10.0,8.0,6.0,6.25,0.48,0.0,0,4,5,2016,0
HOBBIES_1_348,HOBBIES_1,HOBBIES,CA_4,2016-05-14,30,3.0,10.0,5.0,5.0,6.071429,0.48,0.0,1,5,5,2016,0
HOBBIES_1_348,HOBBIES_1,HOBBIES,CA_4,2016-05-15,5,30.0,9.0,3.0,7.857143,6.964286,0.48,0.0,1,6,5,2016,0
HOBBIES_1_348,HOBBIES_1,HOBBIES,CA_4,2016-05-16,3,5.0,2.0,14.0,7.285714,7.035714,0.48,0.0,0,0,5,2016,0
HOBBIES_1_348,HOBBIES_1,HOBBIES,CA_4,2016-05-17,1,3.0,3.0,8.0,7.428571,6.642857,0.48,0.0,0,1,5,2016,0
HOBBIES_1_348,HOBBIES_1,HOBBIES,CA_4,2016-05-18,0,1.0,8.0,0.0,7.142857,6.392857,0.48,0.0,0,2,5,2016,0
HOBBIES_1_348,HOBBIES_1,HOBBIES,CA_4,2016-05-19,0,0.0,0.0,14.0,6.0,6.392857,0.48,0.0,0,3,5,2016,0
HOBBIES_1_348,HOBBIES_1,HOBBIES,CA_4,2016-05-20,0,0.0,3.0,10.0,6.0,5.892857,0.48,0.0,0,4,5,2016,0
HOBBIES_1_348,HOBBIES_1,HOBBIES,CA_4,2016-05-21,26,0.0,30.0,13.0,5.571429,5.535714,0.48,0.0,1,5,5,2016,0
HOBBIES_1_348,HOBBIES_1,HOBBIES,CA_4,2016-05-22,3,26.0,5.0,6.0,5.0,6.0,0.48,0.0,1,6,5,2016,0
HOBBIES_1_370,HOBBIES_1,HOBBIES,CA_1,2016-04-25,1,5.0,3.0,4.0,4.571429,4.714286,0.48,0.0,0,0,4,2016,0
HOBBIES_1_370,HOBBIES_1,HOBBIES,CA_1,2016-04-26,21,1.0,4.0,4.0,4.285714,4.607143,0.48,0.0,0,1,4,2016,0
HOBBIES_1_370,HOBBIES_1,HOBBIES,CA_1,2016-04-27,0,21.0,4.0,4.0,6.714286,5.214286,0.48,0.0,0,2,4,2016,0
HOBBIES_1_370,HOBBIES_1,HOBBIES,CA_1,2016-04-28,1,0.0,3.0,6.0,6.142857,5.071429,0.48,0.0,0,3,4,2016,0
HOBBIES_1_370,HOBBIES_1,HOBBIES,CA_1,2016-04-29,7,1.0,13.0,0.0,5.857143,4.892857,0.48,0.0,0,4,4,2016,0
HOBBIES_1_370,HOBBIES_1,HOBBIES,CA_1,2016-04-30,8,7.0,0.0,8.0,5.0,5.142857,0.48,0.0,1,5,4,2016,0
HOBBIES_1_370,HOBBIES_1,HOBBIES,CA_1,2016-05-01,6,8.0,5.0,4.0,6.142857,5.142857,0.48,0.0,1,6,5,2016,1
HOBBIES_1_370,HOBBIES_1,HOBBIES,CA_1,2016-05-02,5,6.0,1.0,0.0,6.285714,5.214286,0.48,0.0,0,0,5,2016,1
HOBBIES_1_370,HOBBIES_1,HOBBIES,CA_1,2016-05-03,4,5.0,21.0,7.0,6.857143,5.392857,0.48,0.0,0,1,5,2016,1
HOBBIES_1_370,HOBBIES_1,HOBBIES,CA_1,2016-05-04,2,4.0,0.0,4.0,4.428571,5.285714,0.48,0.0,0,2,5,2016,1
HOBBIES_1_370,HOBBIES_1,HOBBIES,CA_1,2016-05-05,3,2.0,1.0,0.0,4.714286,5.214286,0.48,0.0,0,3,5,2016,1
HOBBIES_1_370,HOBBIES_1,HOBBIES,CA_1,2016-05-06,6,3.0,7.0,31.0,5.0,5.321429,0.48,0.0,0,4,5,2016,1
HOBBIES_1_370,HOBBIES_1,HOBBIES,CA_1,2016-05-07,9,6.0,8.0,2.0,4.857143,4.428571,0.48,0.0,1,5,5,2016,1
HOBBIES_1_370,HOBBIES_1,HOBBIES,CA_1,2016-05-08,1,9.0,6.0,4.0,5.0,4.678571,0.48,0.0,1,6,5,2016,1
HOBBIES_1_370,HOBBIES_1,HOBBIES,CA_1,2016-05-09,15,1.0,5.0,8.0,4.285714,4.571429,0.48,0.0,0,0,5,2016,1
HOBBIES_1_370,HOBBIES_1,HOBBIES,CA_1,2016-05-10,1,15.0,4.0,5.0,5.714286,4.821429,0.48,0.0,0,1,5,2016,1
HOBBIES_1_370,HOBBIES_1,HOBBIES,CA_1,2016-05-11,0,1.0,2.0,1.0,5.285714,4.678571,0.48,0.0,0,2,5,2016,0
HOBBIES_1_370,HOBBIES_1,HOBBIES,CA_1,2016-05-12,0,0.0,3.0,4.0,5.0,4.642857,0.48,0.0,0,3,5,2016,0
HOBBIES_1_370,HOBBIES_1,HOBBIES,CA_1,2016-05-13,1,0.0,6.0,0.0,4.571429,4.5,0.48,0.0,0,4,5,2016,0
HOBBIES_1_370,HOBBIES_1,HOBBIES,CA_1,2016-05-14,2,1.0,9.0,2.0,3.857143,4.535714,0.48,0.0,1,5,5,2016,0
HOBBIES_1_370,HOBBIES_1,HOBBIES,CA_1,2016-05-15,1,2.0,1.0,2.0,2.857143,4.535714,0.48,0.0,1,6,5,2016,0
HOBBIES_1_370,HOBBIES_1,HOBBIES,CA_1,2016-05-16,0,1.0,15.0,3.0,2.857143,4.5,0.48,0.0,0,0,5,2016,0
HOBBIES_1_370,HOBBIES_1,HOBBIES,CA_1,2016-05-17,8,0.0,1.0,4.0,0.71428573,4.392857,0.48,0.0,0,1,5,2016,0
HOBBIES_1_370,HOBBIES_1,HOBBIES,CA_1,2016-05-18,2,8.0,0.0,4.0,1.7142857,4.535714,0.48,0.0,0,2,5,2016,0
HOBBIES_1_370,HOBBIES_1,HOBBIES,CA_1,2016-05-19,2,2.0,0.0,3.0,2.0,4.464286,0.48,0.0,0,3,5,2016,0
HOBBIES_1_370,HOBBIES_1,HOBBIES,CA_1,2016-05-20,0,2.0,1.0,13.0,2.2857144,4.428571,0.48,0.0,0,4,5,2016,0
HOBBIES_1_370,HOBBIES_1,HOBBIES,CA_1,2016-05-21,2,0.0,2.0,0.0,2.142857,3.9642856,0.48,0.0,1,5,5,2016,0
HOBBIES_1_370,HOBBIES_1,HOBBIES,CA_1,2016-05-22,3,2.0,1.0,5.0,2.142857,4.035714,0.48,0.0,1,6,5,2016,0
HOBBIES_1_370,HOBBIES_1,HOBBIES,CA_2,2016-04-25,30,21.0,8.0,3.0,7.142857,6.214286,0.48,0.0,0,0,4,2016,0
HOBBIES_1_370,HOBBIES_1,HOBBIES,CA_2,2016-04-26,0,30.0,1.0,1.0,10.285714,7.178571,0.48,0.0,0,1,4,2016,0
HOBBIES_1_370,HOBBIES_1,HOBBIES,CA_2,2016-04-27,0,0.0,10.0,0.0,10.142858,7.142857,0.48,0.0,0,2,4,2016,0
HOBBIES_1_370,HOBBIES_1,HOBBIES,CA_2,2016-04-28,0,0.0,3.0,0.0,8.714286,7.142857,0.48,0.0,0,3,4,2016,0
HOBBIES_1_370,HOBBIES_1,HOBBIES,CA_2,2016-04-29,0,0.0,6.0,8.0,8.285714,7.142857,0.48,0.0,0,4,4,2016,0
HOBBIES_1_370,HOBBIES_1,HOBBIES,CA_2,2016-04-30,0,0.0,1.0,4.0,7.428571,6.857143,0.48,0.0,1,5,4,2016,0
HOBBIES_1_370,HOBBIES_1,HOBBIES,CA_2,2016-05-01,22,0.0,21.0,3.0,7.285714,6.714286,0.48,0.0,1,6,5,2016,1
HOBBIES_1_370,HOBBIES_1,HOBBIES,CA_2,2016-05-02,6,22.0,30.0,1.0,7.428571,7.392857,0.48,0.0,0,0,5,2016,1
HOBBIES_1_370,HOBBIES_1,HOBBIES,CA_2,2016-05-03,0,6.0,0.0,2.0,4.0,7.571429,0.48,0.0,0,1,5,2016,1
HOBBIES_1_370,HOBBIES_1,HOBBIES,CA_2,2016-05-04,3,0.0,0.0,0.0,4.0,7.5,0.48,0.0,0,2,5,2016,1
HOBBIES_1_370,HOBBIES_1,HOBBIES,CA_2,2016-05-05,0,3.0,0.0,23.0,4.428571,7.607143,0.48,0.0,0,3,5,2016,1
HOBBIES_1_370,HOBBIES_1,HOBBIES,CA_2,2016-05-06,1,0.0,0.0,1.0,4.428571,6.785714,0.48,0.0,0,4,5,2016,1
HOBBIES_1_370,HOBBIES_1,HOBBIES,CA_2,2016-05-07,2,1.0,0.0,6.0,4.571429,6.785714,0.48,0.0,1,5,5,2016,1
HOBBIES_1_370,HOBBIES_1,HOBBIES,CA_2,2016-05-08,12,2.0,22.0,50.0,4.857143,6.642857,0.48,0.0,1,6,5,2016,1
HOBBIES_1_370,HOBBIES_1,HOBBIES,CA_2,2016-05-09,8,12.0,6.0,3.0,3.4285715,5.285714,0.48,0.0,0,0,5,2016,1
HOBBIES_1_370,HOBBIES_1,HOBBIES,CA_2,2016-05-10,18,8.0,0.0,7.0,3.7142856,5.464286,0.48,0.0,0,1,5,2016,1
HOBBIES_1_370,HOBBIES_1,HOBBIES,CA_2,2016-05-11,8,18.0,3.0,2.0,6.285714,5.857143,0.48,0.0,0,2,5,2016,0
HOBBIES_1_370,HOBBIES_1,HOBBIES,CA_2,2016-05-12,1,8.0,0.0,3.0,7.0,6.071429,0.48,0.0,0,3,5,2016,0
HOBBIES_1_370,HOBBIES_1,HOBBIES,CA_2,2016-05-13,3,1.0,1.0,3.0,7.142857,6.0,0.48,0.0,0,4,5,2016,0
HOBBIES_1_370,HOBBIES_1,HOBBIES,CA_2,2016-05-14,5,3.0,2.0,3.0,7.428571,6.0,0.48,0.0,1,5,5,2016,0
HOBBIES_1_370,HOBBIES_1,HOBBIES,CA_2,2016-05-15,7,5.0,12.0,1.0,7.857143,6.071429,0.48,0.0,1,6,5,2016,0
HOBBIES_1_370,HOBBIES_1,HOBBIES,CA_2,2016-05-16,5,7.0,8.0,8.0,7.142857,6.285714,0.48,0.0,0,0,5,2016,0
HOBBIES_1_370,HOBBIES_1,HOBBIES,CA_2,2016-05-17,1,5.0,18.0,1.0,6.714286,6.178571,0.48,0.0,0,1,5,2016,0
HOBBIES_1_370,HOBBIES_1,HOBBIES,CA_2,2016-05-18,7,1.0,8.0,10.0,4.285714,6.178571,0.48,0.0,0,2,5,2016,0
HOBBIES_1_370,HOBBIES_1,HOBBIES,CA_2,2016-05-19,2,7.0,1.0,3.0,4.142857,6.071429,0.48,0.0,0,3,5,2016,0
HOBBIES_1_370,HOBBIES_1,HOBBIES,CA_2,2016-05-20,0,2.0,3.0,6.0,4.285714,6.035714,0.48,0.0,0,4,5,2016,0
HOBBIES_1_370,HOBBIES_1,HOBBIES,CA_2,2016-05-21,18,0.0,5.0,1.0,3.857143,5.821429,0.48,0.0,1,5,5,2016,0
HOBBIES_1_370,HOBBIES_1,HOBBIES,CA_2,2016-05-22,1,18.0,7.0,21.0,5.714286,6.428571,0.48,0.0,1,6,5,2016,0
HOBBIES_1_370,HOBBIES_1,HOBBIES,CA_3,2016-04-25,7,1.0,7.0,1.0,4.0,6.25,0.48,0.0,0,0,4,2016,0
HOBBIES_1_370,HOBBIES_1,HOBBIES,CA_3,2016-04-26,16,7.0,1.0,20.0,4.0,6.464286,0.48,0.0,0,1,4,2016,0
HOBBIES_1_370,HOBBIES_1,HOBBIES,CA_3,2016-04-27,1,16.0,6.0,3.0,6.142857,6.321429,0.48,0.0,0,2,4,2016,0
HOBBIES_1_370,HOBBIES_1,HOBBIES,CA_3,2016-04-28,4,1.0,0.0,2.0,5.428571,6.25,0.48,0.0,0,3,4,2016,0
HOBBIES_1_370,HOBBIES_1,HOBBIES,CA_3,2016-04-29,1,4.0,2.0,10.0,6.0,6.321429,0.48,0.0,0,4,4,2016,0
HOBBIES_1_370,HOBBIES_1,HOBBIES,CA_3,2016-04-30,5,1.0,11.0,8.0,5.857143,6.0,0.48,0.0,1,5,4,2016,0
HOBBIES_1_370,HOBBIES_1,HOBBIES,CA_3,2016-05-01,18,5.0,1.0,18.0,5.0,5.892857,0.48,0.0,1,6,5,2016,1
HOBBIES_1_370,HOBBIES_1,HOBBIES,CA_3,2016-05-02,4,18.0,7.0,3.0,7.428571,5.892857,0.48,0.0,0,0,5,2016,1
HOBBIES_1_370,HOBBIES_1,HOBBIES,CA_3,2016-05-03,9,4.0,16.0,2.0,7.0,5.928571,0.48,0.0,0,1,5,2016,1
HOBBIES_1_370,HOBBIES_1,HOBBIES,CA_3,2016-05-04,4,9.0,1.0,2.0,6.0,6.178571,0.48,0.0,0,2,5,2016,1
HOBBIES_1_370,HOBBIES_1,HOBBIES,CA_3,2016-05-05,4,4.0,4.0,0.0,6.428571,6.25,0.48,0.0,0,3,5,2016,1
HOBBIES_1_370,HOBBIES_1,HOBBIES,CA_3,2016-05-06,4,4.0,1.0,21.0,6.428571,6.392857,0.48,0.0,0,4,5,2016,1
HOBBIES_1_370,HOBBIES_1,HOBBIES,CA_3,2016-05-07,15,4.0,5.0,5.0,6.857143,5.785714,0.48,0.0,1,5,5,2016,1
HOBBIES_1_370,HOBBIES_1,HOBBIES,CA_3,2016-05-08,4,15.0,18.0,11.0,8.285714,6.142857,0.48,0.0,1,6,5,2016,1
HOBBIES_1_370,HOBBIES_1,HOBBIES,CA_3,2016-05-09,11,4.0,4.0,10.0,6.285714,5.892857,0.48,0.0,0,0,5,2016,1
HOBBIES_1_370,HOBBIES_1,HOBBIES,CA_3,2016-05-10,0,11.0,9.0,0.0,7.285714,5.928571,0.48,0.0,0,1,5,2016,1
HOBBIES_1_370,HOBBIES_1,HOBBIES,CA_3,2016-05-11,28,0.0,4.0,9.0,6.0,5.928571,0.48,0.0,0,2,5,2016,0
HOBBIES_1_370,HOBBIES_1,HOBBIES,CA_3,2016-05-12,10,28.0,4.0,6.0,9.428572,6.607143,0.48,0.0,0,3,5,2016,0
HOBBIES_1_370,HOBBIES_1,HOBBIES,CA_3,2016-05-13,2,10.0,4.0,6.0,10.285714,6.75,0.48,0.0,0,4,5,2016,0
HOBBIES_1_370,HOBBIES_1,HOBBIES,CA_3,2016-05-14,4,2.0,15.0,4.0,10.0,6.607143,0.48,0.0,1,5,5,2016,0
HOBBIES_1_370,HOBBIES_1,HOBBIES,CA_3,2016-05-15,1,4.0,4.0,6.0,8.428572,6.607143,0.48,0.0,1,6,5,2016,0
HOBBIES_1_370,HOBBIES_1,HOBBIES,CA_3,2016-05-16,10,1.0,11.0,7.0,8.0,6.428571,0.48,0.0,0,0,5,2016,0
HOBBIES_1_370,HOBBIES_1,HOBBIES,CA_3,2016-05-17,6,10.0,0.0,1.0,7.857143,6.535714,0.48,0.0,0,1,5,2016,0
HOBBIES_1_370,HOBBIES_1,HOBBIES,CA_3,2016-05-18,2,6.0,28.0,6.0,8.714286,6.714286,0.48,0.0,0,2,5,2016,0
HOBBIES_1_370,HOBBIES_1,HOBBIES,CA_3,2016-05-19,4,2.0,10.0,0.0,5.0,6.571429,0.48,0.0,0,3,5,2016,0
HOBBIES_1_370,HOBBIES_1,HOBBIES,CA_3,2016-05-20,5,4.0,2.0,2.0,4.142857,6.714286,0.48,0.0,0,4,5,2016,0
HOBBIES_1_370,HOBBIES_1,HOBBIES,CA_3,2016-05-21,6,5.0,4.0,11.0,4.571429,6.821429,0.48,0.0,1,5,5,2016,0
HOBBIES_1_370,HOBBIES_1,HOBBIES,CA_3,2016-05-22,3,6.0,1.0,1.0,4.857143,6.642857,0.48,0.0,1,6,5,2016,0
HOBBIES_1_370,HOBBIES_1,HOBBIES,CA_4,2016-04-25,2,7.0,3.0,4.0,5.571429,5.357143,0.48,0.0,0,0,4,2016,0
HOBBIES_1_370,HOBBIES_1,HOBBIES,CA_4,2016-04-26,10,2.0,7.0,4.0,5.428571,5.285714,0.48,0.0,0,1,4,2016,0
HOBBIES_1_370,HOBBIES_1,HOBBIES,CA_4,2016-04-27,7,10.0,10.0,0.0,5.857143,5.5,0.48,0.0,0,2,4,2016,0
HOBBIES_1_370,HOBBIES_1,HOBBIES,CA_4,2016-04-28,10,7.0,1.0,0.0,5.428571,5.75,0.48,0.0,0,3,4,2016,0
HOBBIES_1_370,HOBBIES_1,HOBBIES,CA_4,2016-04-29,5,10.0,3.0,1.0,6.714286,6.107143,0.48,0.0,0,4,4,2016,0
HOBBIES_1_370,HOBBIES_1,HOBBIES,CA_4,2016-04-30,15,5.0,8.0,3.0,7.0,6.25,0.48,0.0,1,5,4,2016,0
HOBBIES_1_370,HOBBIES_1,HOBBIES,CA_4,2016-05-01,0,15.0,7.0,2.0,8.0,6.678571,0.48,0.0,1,6,5,2016,1
HOBBIES_1_370,HOBBIES_1,HOBBIES,CA_4,2016-05-02,24,0.0,2.0,16.0,7.0,6.607143,0.48,0.0,0,0,5,2016,1
HOBBIES_1_370,HOBBIES_1,HOBBIES,CA_4,2016-05-03,4,24.0,10.0,12.0,10.142858,6.892857,0.48,0.0,0,1,5,2016,1
HOBBIES_1_370,HOBBIES_1,HOBBIES,CA_4,2016-05-04,14,4.0,7.0,7.0,9.285714,6.607143,0.48,0.0,0,2,5,2016,1
HOBBIES_1_370,HOBBIES_1,HOBBIES,CA_4,2016-05-05,10,14.0,10.0,0.0,10.285714,6.857143,0.48,0.0,0,3,5,2016,1
HOBBIES_1_370,HOBBIES_1,HOBBIES,CA_4,2016-05-06,3,10.0,5.0,6.0,10.285714,7.214286,0.48,0.0,0,4,5,2016,1
HOBBIES_1_370,HOBBIES_1,HOBBIES,CA_4,2016-05-07,0,3.0,15.0,13.0,10.0,7.107143,0.48,0.0,1,5,5,2016,1
HOBBIES_1_370,HOBBIES_1,HOBBIES,CA_4,2016-05-08,4,0.0,0.0,5.0,7.857143,6.642857,0.48,0.0,1,6,5,2016,1
HOBBIES_1_370,HOBBIES_1,HOBBIES,CA_4,2016-05-09,8,4.0,24.0,6.0,8.428572,6.607143,0.48,0.0,0,0,5,2016,1
HOBBIES_1_370,HOBBIES_1,HOBBIES,CA_4,2016-05-10,0,8.0,4.0,11.0,6.142857,6.678571,0.48,0.0,0,1,5,2016,1
HOBBIES_1_370,HOBBIES_1,HOBBIES,CA_4,2016-05-11,3,0.0,14.0,3.0,5.571429,6.285714,0.48,0.0,0,2,5,2016,0
HOBBIES_1_370,HOBBIES_1,HOBBIES,CA_4,2016-05-12,6,3.0,10.0,10.0,4.0,6.285714,0.48,0.0,0,3,5,2016,0
HOBBIES_1_370,HOBBIES_1,HOBBIES,CA_4,2016-05-13,6,6.0,3.0,3.0,3.4285715,6.142857,0.48,0.0,0,4,5,2016,0
HOBBIES_1_370,HOBBIES_1,HOBBIES,CA_4,2016-05-14,16,6.0,0.0,5.0,3.857143,6.25,0.48,0.0,1,5,5,2016,0
HOBBIES_1_370,HOBBIES_1,HOBBIES,CA_4,2016-05-15,8,16.0,4.0,0.0,6.142857,6.642857,0.48,0.0,1,6,5,2016,0
HOBBIES_1_370,HOBBIES_1,HOBBIES,CA_4,2016-05-16,13,8.0,8.0,3.0,6.714286,6.928571,0.48,0.0,0,0,5,2016,0
HOBBIES_1_370,HOBBIES_1,HOBBIES,CA_4,2016-05-17,4,13.0,0.0,7.0,7.428571,7.285714,0.48,0.0,0,1,5,2016,0
HOBBIES_1_370,HOBBIES_1,HOBBIES,CA_4,2016-05-18,2,4.0,3.0,10.0,8.0,7.178571,0.48,0.0,0,2,5,2016,0
HOBBIES_1_370,HOBBIES_1,HOBBIES,CA_4,2016-05-19,12,2.0,6.0,1.0,7.857143,6.892857,0.48,0.0,0,3,5,2016,0
HOBBIES_1_370,HOBBIES_1,HOBBIES,CA_4,2016-05-20,8,12.0,6.0,3.0,8.714286,7.285714,0.48,0.0,0,4,5,2016,0
HOBBIES_1_370,HOBBIES_1,HOBBIES,CA_4,2016-05-21,2,8.0,16.0,8.0,9.0,7.464286,0.48,0.0,1,5,5,2016,0
HOBBIES_1_370,HOBBIES_1,HOBBIES,CA_4,2016-05-22,10,2.0,8.0,7.0,7.0,7.25,0.48,0.0,1,6,5,2016,0
HOBBIES_1_371,HOBBIES_1,HOBBIES,CA_1,2016-04-25,21,2.0,15.0,5.0,12.857142,10.928572,0.48,0.0,0,0,4,2016,0
HOBBIES_1_371,HOBBIES_1,HOBBIES,CA_1,2016-04-26,5,21.0,13.0,15.0,13.714286,11.5,0.48,0.0,0,1,4,2016,0
HOBBIES_1_371,HOBBIES_1,HOBBIES,CA_1,2016-04-27,5,5.0,28.0,10.0,12.571428,11.142858,0.48,0.0,0,2,4,2016,0
HOBBIES_1_371,HOBBIES_1,HOBBIES,CA_1,2016-04-28,9,5.0,16.0,4.0,9.285714,10.964286,0.48,0.0,0,3,4,2016,0
HOBBIES_1_371,HOBBIES_1,HOBBIES,CA_1,2016-04-29,7,9.0,15.0,26.0,8.285714,11.142858,0.48,0.0,0,4,4,2016,0
HOBBIES_1_371,HOBBIES_1,HOBBIES,CA_1,2016-04-30,9,7.0,1.0,8.0,7.142857,10.464286,0.48,0.0,1,5,4,2016,0
HOBBIES_1_371,HOBBIES_1,HOBBIES,CA_1,2016-05-01,24,9.0,2.0,33.0,8.285714,10.5,0.48,0.0,1,6,5,2016,1
HOBBIES_1_371,HOBBIES_1,HOBBIES,CA_1,2016-05-02,13,24.0,21.0,4.0,11.428572,10.178572,0.48,0.0,0,0,5,2016,1
HOBBIES_1_371,HOBBIES_1,HOBBIES,CA_1,2016-05-03,26,13.0,5.0,32.0,10.285714,10.5,0.48,0.0,0,1,5,2016,1
HOBBIES_1_371,HOBBIES_1,HOBBIES,CA_1,2016-05-04,2,26.0,5.0,9.0,13.285714,10.285714,0.48,0.0,0,2,5,2016,1
HOBBIES_1_371,HOBBIES_1,HOBBIES,CA_1,2016-05-05,8,2.0,9.0,0.0,12.857142,10.035714,0.48,0.0,0,3,5,2016,1
HOBBIES_1_371,HOBBIES_1,HOBBIES,CA_1,2016-05-06,3,8.0,7.0,11.0,12.714286,10.321428,0.48,0.0,0,4,5,2016,1
HOBBIES_1_371,HOBBIES_1,HOBBIES,CA_1,2016-05-07,20,3.0,9.0,18.0,12.142858,10.035714,0.48,0.0,1,5,5,2016,1
HOBBIES_1_371,HOBBIES_1,HOBBIES,CA_1,2016-05-08,8,20.0,24.0,0.0,13.714286,10.107142,0.48,0.0,1,6,5,2016,1
HOBBIES_1_371,HOBBIES_1,HOBBIES,CA_1,2016-05-09,8,8.0,13.0,0.0,11.428572,10.392858,0.48,0.0,0,0,5,2016,1
HOBBIES_1_371,HOBBIES_1,HOBBIES,CA_1,2016-05-10,4,8.0,26.0,6.0,10.714286,10.678572,0.48,0.0,0,1,5,2016,1
HOBBIES_1_371,HOBBIES_1,HOBBIES,CA_1,2016-05-11,19,4.0,2.0,4.0,7.571429,10.607142,0.48,0.0,0,2,5,2016,0
HOBBIES_1_371,HOBBIES_1,HOBBIES,CA_1,2016-05-12,8,19.0,8.0,1.0,10.0,11.142858,0.48,0.0,0,3,5,2016,0
HOBBIES_1_371,HOBBIES_1,HOBBIES,CA_1,2016-05-13,28,8.0,3.0,6.0,10.0,11.392858,0.48,0.0,0,4,5,2016,0
HOBBIES_1_371,HOBBIES_1,HOBBIES,CA_1,2016-05-14,6,28.0,20.0,20.0,13.571428,12.178572,0.48,0.0,1,5,5,2016,0
HOBBIES_1_371,HOBBIES_1,HOBBIES,CA_1,2016-05-15,0,6.0,8.0,4.0,11.571428,11.678572,0.48,0.0,1,6,5,2016,0
HOBBIES_1_371,HOBBIES_1,HOBBIES,CA_1,2016-05-16,2,0.0,8.0,15.0,10.428572,11.535714,0.48,0.0,0,0,5,2016,0
HOBBIES_1_371,HOBBIES_1,HOBBIES,CA_1,2016-05-17,5,2.0,4.0,13.0,9.571428,11.071428,0.48,0.0,0,1,5,2016,0
HOBBIES_1_371,HOBBIES_1,HOBBIES,CA_1,2016-05-18,1,5.0,19.0,28.0,9.714286,10.785714,0.48,0.0,0,2,5,2016,0
HOBBIES_1_371,HOBBIES_1,HOBBIES,CA_1,2016-05-19,26,1.0,8.0,16.0,7.142857,9.821428,0.48,0.0,0,3,5,2016,0
HOBBIES_1_371,HOBBIES_1,HOBBIES,CA_1,2016-05-20,1,26.0,28.0,15.0,9.714286,10.178572,0.48,0.0,0,4,5,2016,0
HOBBIES_1_371,HOBBIES_1,HOBBIES,CA_1,2016-05-21,16,1.0,6.0,1.0,5.857143,9.678572,0.48,0.0,1,5,5,2016,0
HOBBIES_1_371,HOBBIES_1,HOBBIES,CA_1,2016-05-22,12,16.0,0.0,2.0,7.285714,10.214286,0.48,0.0,1,6,5,2016,0
HOBBIES_1_371,HOBBIES_1,HOBBIES,CA_2,2016-04-25,13,0.0,2.0,0.0,5.0,4.107143,0.48,0.0,0,0,4,2016,0
HOBBIES_1_371,HOBBIES_1,HOBBIES,CA_2,2016-04-26,3,13.0,10.0,0.0,6.571429,4.571429,0.48,0.0,0,1,4,2016,0
HOBBIES_1_371,HOBBIES_1,HOBBIES,CA_2,2016-04-27,11,3.0,0.0,4.0,5.571429,4.678571,0.48,0.0,0,2,4,2016,0
HOBBIES_1_371,HOBBIES_1,HOBBIES,CA_2,2016-04-28,2,11.0,14.0,5.0,7.142857,4.928571,0.48,0.0,0,3,4,2016,0
HOBBIES_1_371,HOBBIES_1,HOBBIES,CA_2,2016-04-29,11,2.0,6.0,4.0,5.428571,4.821429,0.48,0.0,0,4,4,2016,0
HOBBIES_1_371,HOBBIES_1,HOBBIES,CA_2,2016-04-30,2,11.0,3.0,6.0,6.142857,5.071429,0.48,0.0,1,5,4,2016,0
HOBBIES_1_371,HOBBIES_1,HOBBIES,CA_2,2016-05-01,2,2.0,0.0,0.0,6.0,4.928571,0.48,0.0,1,6,5,2016,1
HOBBIES_1_371,HOBBIES_1,HOBBIES,CA_2,2016-05-02,7,2.0,13.0,0.0,6.285714,5.0,0.48,0.0,0,0,5,2016,1
HOBBIES_1_371,HOBBIES_1,HOBBIES,CA_2,2016-05-03,4,7.0,3.0,0.0,5.428571,5.25,0.48,0.0,0,1,5,2016,1
HOBBIES_1_371,HOBBIES_1,HOBBIES,CA_2,2016-05-04,3,4.0,11.0,8.0,5.571429,5.392857,0.48,0.0,0,2,5,2016,1
HOBBIES_1_371,HOBBIES_1,HOBBIES,CA_2,2016-05-05,6,3.0,2.0,1.0,4.428571,5.214286,0.48,0.0,0,3,5,2016,1
HOBBIES_1_371,HOBBIES_1,HOBBIES,CA_2,2016-05-06,0,6.0,11.0,12.0,5.0,5.392857,0.48,0.0,0,4,5,2016,1
HOBBIES_1_371,HOBBIES_1,HOBBIES,CA_2,2016-05-07,0,0.0,2.0,4.0,3.4285715,4.964286,0.48,0.0,1,5,5,2016,1
HOBBIES_1_371,HOBBIES_1,HOBBIES,CA_2,2016-05-08,0,0.0,2.0,0.0,3.142857,4.821429,0.48,0.0,1,6,5,2016,1
HOBBIES_1_371,HOBBIES_1,HOBBIES,CA_2,2016-05-09,0,0.0,7.0,4.0,2.857143,4.821429,0.48,0.0,0,0,5,2016,1
HOBBIES_1_371,HOBBIES_1,HOBBIES,CA_2,2016-05-10,7,0.0,4.0,8.0,1.8571428,4.678571,0.48,0.0,0,1,5,2016,1
HOBBIES_1_371,HOBBIES_1,HOBBIES,CA_2,2016-05-11,2,7.0,3.0,4.0,2.2857144,4.642857,0.48,0.0,0,2,5,2016,0
HOBBIES_1_371,HOBBIES_1,HOBBIES,CA_2,2016-05-12,0,2.0,6.0,6.0,2.142857,4.571429,0.48,0.0,0,3,5,2016,0
HOBBIES_1_371,HOBBIES_1,HOBBIES,CA_2,2016-05-13,1,0.0,0.0,1.0,1.2857143,4.357143,0.48,0.0,0,4,5,2016,0
HOBBIES_1_371,HOBBIES_1,HOBBIES,CA_2,2016-05-14,7,1.0,0.0,7.0,1.4285715,4.357143,0.48,0.0,1,5,5,2016,0
HOBBIES_1_371,HOBBIES_1,HOBBIES,CA_2,2016-05-15,8,7.0,0.0,6.0,2.4285715,4.357143,0.48,0.0,1,6,5,2016,0
HOBBIES_1_371,HOBBIES_1,HOBBIES,CA_2,2016-05-16,1,8.0,0.0,2.0,3.5714285,4.428571,0.48,0.0,0,0,5,2016,0
HOBBIES_1_371,HOBBIES_1,HOBBIES,CA_2,2016-05-17,0,1.0,7.0,10.0,3.7142856,4.392857,0.48,0.0,0,1,5,2016,0
HOBBIES_1_371,HOBBIES_1,HOBBIES,CA_2,2016-05-18,0,0.0,2.0,0.0,2.7142856,4.035714,0.48,0.0,0,2,5,2016,0
HOBBIES_1_371,HOBBIES_1,HOBBIES,CA_2,2016-05-19,1,0.0,0.0,14.0,2.4285715,4.035714,0.48,0.0,0,3,5,2016,0
HOBBIES_1_371,HOBBIES_1,HOBBIES,CA_2,2016-05-20,2,1.0,1.0,6.0,2.5714285,3.5714285,0.48,0.0,0,4,5,2016,0
HOBBIES_1_371,HOBBIES_1,HOBBIES,CA_2,2016-05-21,4,2.0,7.0,3.0,2.7142856,3.4285715,0.48,0.0,1,5,5,2016,0
HOBBIES_1_371,HOBBIES_1,HOBBIES,CA_2,2016-05-22,14,4.0,8.0,0.0,2.2857144,3.4642856,0.48,0.0,1,6,5,2016,0
HOBBIES_1_371,HOBBIES_1,HOBBIES,CA_3,2016-04-25,4,8.0,3.0,5.0,9.142858,6.035714,0.48,0.0,0,0,4,2016,0
HOBBIES_1_371,HOBBIES_1,HOBBIES,CA_3,2016-04-26,24,4.0,9.0,1.0,9.285714,6.0,0.48,0.0,0,1,4,2016,0
HOBBIES_1_371,HOBBIES_1,HOBBIES,CA_3,2016-04-27,2,24.0,9.0,10.0,11.428572,6.821429,0.48,0.0,0,2,4,2016,0
HOBBIES_1_371,HOBBIES_1,HOBBIES,CA_3,2016-04-28,4,2.0,13.0,15.0,10.428572,6.535714,0.48,0.0,0,3,4,2016,0
HOBBIES_1_371,HOBBIES_1,HOBBIES,CA_3,2016-04-29,10,4.0,4.0,0.0,9.142858,6.142857,0.48,0.0,0,4,4,2016,0
HOBBIES_1_371,HOBBIES_1,HOBBIES,CA_3,2016-04-30,6,10.0,18.0,0.0,10.0,6.5,0.48,0.0,1,5,4,2016,0
HOBBIES_1_371,HOBBIES_1,HOBBIES,CA_3,2016-05-01,9,6.0,8.0,14.0,8.285714,6.714286,0.48,0.0,1,6,5,2016,1
HOBBIES_1_371,HOBBIES_1,HOBBIES,CA_3,2016-05-02,10,9.0,4.0,0.0,8.428572,6.535714,0.48,0.0,0,0,5,2016,1
HOBBIES_1_371,HOBBIES_1,HOBBIES,CA_3,2016-05-03,11,10.0,24.0,1.0,9.285714,6.892857,0.48,0.0,0,1,5,2016,1
HOBBIES_1_371,HOBBIES_1,HOBBIES,CA_3,2016-05-04,2,11.0,2.0,0.0,7.428571,7.25,0.48,0.0,0,2,5,2016,1
HOBBIES_1_371,HOBBIES_1,HOBBIES,CA_3,2016-05-05,20,2.0,4.0,4.0,7.428571,7.321429,0.48,0.0,0,3,5,2016,1
HOBBIES_1_371,HOBBIES_1,HOBBIES,CA_3,2016-05-06,0,20.0,10.0,5.0,9.714286,7.892857,0.48,0.0,0,4,5,2016,1
HOBBIES_1_371,HOBBIES_1,HOBBIES,CA_3,2016-05-07,0,0.0,6.0,1.0,8.285714,7.714286,0.48,0.0,1,5,5,2016,1
HOBBIES_1_371,HOBBIES_1,HOBBIES,CA_3,2016-05-08,7,0.0,9.0,5.0,7.428571,7.678571,0.48,0.0,1,6,5,2016,1
HOBBIES_1_371,HOBBIES_1,HOBBIES,CA_3,2016-05-09,3,7.0,10.0,9.0,7.142857,7.75,0.48,0.0,0,0,5,2016,1
HOBBIES_1_371,HOBBIES_1,HOBBIES,CA_3,2016-05-10,12,3.0,11.0,0.0,6.142857,7.535714,0.48,0.0,0,1,5,2016,1
HOBBIES_1_371,HOBBIES_1,HOBBIES,CA_3,2016-05-11,12,12.0,2.0,1.0,6.285714,7.964286,0.48,0.0,0,2,5,2016,0
HOBBIES_1_371,HOBBIES_1,HOBBIES,CA_3,2016-05-12,4,12.0,20.0,0.0,7.714286,8.357142,0.48,0.0,0,3,5,2016,0
HOBBIES_1_371,HOBBIES_1,HOBBIES,CA_3,2016-05-13,2,4.0,0.0,5.0,5.428571,8.5,0.48,0.0,0,4,5,2016,0
HOBBIES_1_371,HOBBIES_1,HOBBIES,CA_3,2016-05-14,10,2.0,0.0,17.0,5.714286,8.392858,0.48,0.0,1,5,5,2016,0
HOBBIES_1_371,HOBBIES_1,HOBBIES,CA_3,2016-05-15,7,10.0,7.0,12.0,7.142857,8.142858,0.48,0.0,1,6,5,2016,0
HOBBIES_1_371,HOBBIES_1,HOBBIES,CA_3,2016-05-16,3,7.0,3.0,3.0,7.142857,7.964286,0.48,0.0,0,0,5,2016,0
HOBBIES_1_371,HOBBIES_1,HOBBIES,CA_3,2016-05-17,3,3.0,12.0,9.0,7.142857,7.964286,0.48,0.0,0,1,5,2016,0
HOBBIES_1_371,HOBBIES_1,HOBBIES,CA_3,2016-05-18,8,3.0,12.0,9.0,5.857143,7.75,0.48,0.0,0,2,5,2016,0
HOBBIES_1_371,HOBBIES_1,HOBBIES,CA_3,2016-05-19,8,8.0,4.0,13.0,5.285714,7.714286,0.48,0.0,0,3,5,2016,0
HOBBIES_1_371,HOBBIES_1,HOBBIES,CA_3,2016-05-20,2,8.0,2.0,4.0,5.857143,7.535714,0.48,0.0,0,4,5,2016,0
HOBBIES_1_371,HOBBIES_1,HOBBIES,CA_3,2016-05-21,2,2.0,10.0,18.0,5.857143,7.464286,0.48,0.0,1,5,5,2016,0
HOBBIES_1_371,HOBBIES_1,HOBBIES,CA_3,2016-05-22,6,2.0,7.0,8.0,4.714286,6.892857,0.48,0.0,1,6,5,2016,0
HOBBIES_1_371,HOBBIES_1,HOBBIES,CA_4,2016-04-25,7,9.0,16.0,14.0,7.714286,8.642858,0.48,0.0,0,0,4,2016,0
HOBBIES_1_371,HOBBIES_1,HOBBIES,CA_4,2016-04-26,0,7.0,6.0,4.0,6.428571,8.392858,0.48,0.0,0,1,4,2016,0
HOBBIES_1_371,HOBBIES_1,HOBBIES,CA_4,2016-04-27,7,0.0,9.0,18.0,5.571429,8.25,0.48,0.0,0,2,4,2016,0
HOBBIES_1_371,HOBBIES_1,HOBBIES,CA_4,2016-04-28,2,7.0,14.0,12.0,5.285714,7.857143,0.48,0.0,0,3,4,2016,0
HOBBIES_1_371,HOBBIES_1,HOBBIES,CA_4,2016-04-29,8,2.0,0.0,8.0,3.5714285,7.5,0.48,0.0,0,4,4,2016,0
HOBBIES_1_371,HOBBIES_1,HOBBIES,CA_4,2016-04-30,17,8.0,0.0,17.0,4.714286,7.5,0.48,0.0,1,5,4,2016,0
HOBBIES_1_371,HOBBIES_1,HOBBIES,CA_4,2016-05-01,0,17.0,9.0,28.0,7.142857,7.5,0.48,0.0,1,6,5,2016,1
HOBBIES_1_371,HOBBIES_1,HOBBIES,CA_4,2016-05-02,9,0.0,7.0,9.0,5.857143,6.5,0.48,0.0,0,0,5,2016,1
HOBBIES_1_371,HOBBIES_1,HOBBIES,CA_4,2016-05-03,12,9.0,0.0,6.0,6.142857,6.5,0.48,0.0,0,1,5,2016,1
HOBBIES_1_371,HOBBIES_1,HOBBIES,CA_4,2016-05-04,4,12.0,7.0,6.0,7.857143,6.714286,0.48,0.0,0,2,5,2016,1
HOBBIES_1_371,HOBBIES_1,HOBBIES,CA_4,2016-05-05,9,4.0,2.0,5.0,7.428571,6.642857,0.48,0.0,0,3,5,2016,1
HOBBIES_1_371,HOBBIES_1,HOBBIES,CA_4,2016-05-06,14,9.0,8.0,13.0,8.428572,6.785714,0.48,0.0,0,4,5,2016,1
HOBBIES_1_371,HOBBIES_1,HOBBIES,CA_4,2016-05-07,11,14.0,17.0,5.0,9.285714,6.821429,0.48,0.0,1,5,5,2016,1
HOBBIES_1_371,HOBBIES_1,HOBBIES,CA_4,2016-05-08,5,11.0,0.0,6.0,8.428572,7.035714,0.48,0.0,1,6,5,2016,1
HOBBIES_1_371,HOBBIES_1,HOBBIES,CA_4,2016-05-09,0,5.0,9.0,2.0,9.142858,7.0,0.48,0.0,0,0,5,2016,1
HOBBIES_1_371,HOBBIES_1,HOBBIES,CA_4,2016-05-10,9,0.0,12.0,3.0,7.857143,6.928571,0.48,0.0,0,1,5,2016,1
HOBBIES_1_371,HOBBIES_1,HOBBIES,CA_4,2016-05-11,7,9.0,4.0,0.0,7.428571,7.142857,0.48,0.0,0,2,5,2016,0
HOBBIES_1_371,HOBBIES_1,HOBBIES,CA_4,2016-05-12,2,7.0,9.0,8.0,7.857143,7.392857,0.48,0.0,0,3,5,2016,0
HOBBIES_1_371,HOBBIES_1,HOBBIES,CA_4,2016-05-13,8,2.0,14.0,5.0,6.857143,7.178571,0.48,0.0,0,4,5,2016,0
HOBBIES_1_371,HOBBIES_1,HOBBIES,CA_4,2016-05-14,23,8.0,11.0,3.0,6.0,7.285714,0.48,0.0,1,5,5,2016,0
HOBBIES_1_371,HOBBIES_1,HOBBIES,CA_4,2016-05-15,6,23.0,5.0,16.0,7.714286,8.0,0.48,0.0,1,6,5,2016,0
HOBBIES_1_371,HOBBIES_1,HOBBIES,CA_4,2016-05-16,3,6.0,0.0,16.0,7.857143,7.642857,0.48,0.0,0,0,5,2016,0
HOBBIES_1_371,HOBBIES_1,HOBBIES,CA_4,2016-05-17,4,3.0,9.0,6.0,8.285714,7.178571,0.48,0.0,0,1,5,2016,0
HOBBIES_1_371,HOBBIES_1,HOBBIES,CA_4,2016-05-18,7,4.0,7.0,9.0,7.571429,7.107143,0.48,0.0,0,2,5,2016,0
HOBBIES_1_371,HOBBIES_1,HOBBIES,CA_4,2016-05-19,2,7.0,2.0,14.0,7.571429,7.035714,0.48,0.0,0,3,5,2016,0
HOBBIES_1_371,HOBBIES_1,HOBBIES,CA_4,2016-05-20,11,2.0,8.0,0.0,7.571429,6.607143,0.48,0.0,0,4,5,2016,0
HOBBIES_1_371,HOBBIES_1,HOBBIES,CA_4,2016-05-21,15,11.0,23.0,0.0,8.0,7.0,0.48,0.0,1,5,5,2016,0
HOBBIES_1_371,HOBBIES_1,HOBBIES,CA_4,2016-05-22,8,15.0,6.0,9.0,6.857143,7.535714,0.48,0.0,1,6,5,2016,0
HOUSEHOLD_1_096,HOUSEHOLD_1,HOUSEHOLD,CA_1,2016-04-25,7,16.0,2.0,18.0,6.857143,11.928572,3.97,0.0,0,0,4,2016,0
HOUSEHOLD_1_096,HOUSEHOLD_1,HOUSEHOLD,CA_1,2016-04-26,7,7.0,4.0,12.0,7.571429,11.535714,3.97,0.0,0,1,4,2016,0
HOUSEHOLD_1_096,HOUSEHOLD_1,HOUSEHOLD,CA_1,2016-04-27,5,7.0,6.0,6.0,8.0,11.357142,3.97,0.0,0,2,4,2016,0
HOUSEHOLD_1_096,HOUSEHOLD_1,HOUSEHOLD,CA_1,2016-04-28,3,5.0,6.0,11.0,7.857143,11.321428,3.97,0.0,0,3,4,2016,0
HOUSEHOLD_1_096,HOUSEHOLD_1,HOUSEHOLD,CA_1,2016-04-29,4,3.0,9.0,13.0,7.428571,11.035714,3.97,0.0,0,4,4,2016,0
HOUSEHOLD_1_096,HOUSEHOLD_1,HOUSEHOLD,CA_1,2016-04-30,11,4.0,5.0,15.0,6.714286,10.714286,3.97,0.0,1,5,4,2016,0
HOUSEHOLD_1_096,HOUSEHOLD_1,HOUSEHOLD,CA_1,2016-05-01,22,11.0,16.0,18.0,7.571429,10.571428,3.97,0.0,1,6,5,2016,1
HOUSEHOLD_1_096,HOUSEHOLD_1,HOUSEHOLD,CA_1,2016-05-02,3,22.0,7.0,12.0,8.428572,10.714286,3.97,0.0,0,0,5,2016,1
HOUSEHOLD_1_096,HOUSEHOLD_1,HOUSEHOLD,CA_1,2016-05-03,11,3.0,7.0,9.0,7.857143,10.392858,3.97,0.0,0,1,5,2016,1
HOUSEHOLD_1_096,HOUSEHOLD_1,HOUSEHOLD,CA_1,2016-05-04,7,11.0,5.0,20.0,8.428572,10.464286,3.97,0.0,0,2,5,2016,1
HOUSEHOLD_1_096,HOUSEHOLD_1,HOUSEHOLD,CA_1,2016-05-05,1,7.0,3.0,7.0,8.714286,10.0,3.97,0.0,0,3,5,2016,1
HOUSEHOLD_1_096,HOUSEHOLD_1,HOUSEHOLD,CA_1,2016-05-06,8,1.0,4.0,9.0,8.428572,9.785714,3.97,0.0,0,4,5,2016,1
HOUSEHOLD_1_096,HOUSEHOLD_1,HOUSEHOLD,CA_1,2016-05-07,13,8.0,11.0,15.0,9.0,9.75,3.97,0.0,1,5,5,2016,1
HOUSEHOLD_1_096,HOUSEHOLD_1,HOUSEHOLD,CA_1,2016-05-08,9,13.0,22.0,21.0,9.285714,9.678572,3.97,0.0,1,6,5,2016,1
HOUSEHOLD_1_096,HOUSEHOLD_1,HOUSEHOLD,CA_1,2016-05-09,10,9.0,3.0,13.0,7.428571,9.25,3.97,0.0,0,0,5,2016,1
HOUSEHOLD_1_096,HOUSEHOLD_1,HOUSEHOLD,CA_1,2016-05-10,13,10.0,11.0,18.0,8.428572,9.142858,3.97,0.0,0,1,5,2016,1
HOUSEHOLD_1_096,HOUSEHOLD_1,HOUSEHOLD,CA_1,2016-05-11,5,13.0,7.0,13.0,8.714286,8.964286,3.97,0.0,0,2,5,2016,0
HOUSEHOLD_1_096,HOUSEHOLD_1,HOUSEHOLD,CA_1,2016-05-12,5,5.0,1.0,15.0,8.428572,8.678572,3.97,0.0,0,3,5,2016,0
HOUSEHOLD_1_096,HOUSEHOLD_1,HOUSEHOLD,CA_1,2016-05-13,5,5.0,8.0,5.0,9.0,8.321428,3.97,0.0,0,4,5,2016,0
HOUSEHOLD_1_096,HOUSEHOLD_1,HOUSEHOLD,CA_1,2016-05-14,9,5.0,13.0,11.0,8.571428,8.321428,3.97,0.0,1,5,5,2016,0
HOUSEHOLD_1_096,HOUSEHOLD_1,HOUSEHOLD,CA_1,2016-05-15,10,9.0,9.0,25.0,8.0,8.25,3.97,0.0,1,6,5,2016,0
HOUSEHOLD_1_096,HOUSEHOLD_1,HOUSEHOLD,CA_1,2016-05-16,8,10.0,10.0,2.0,8.142858,7.714286,3.97,0.0,0,0,5,2016,0
HOUSEHOLD_1_096,HOUSEHOLD_1,HOUSEHOLD,CA_1,2016-05-17,9,8.0,13.0,4.0,7.857143,7.928571,3.97,0.0,0,1,5,2016,0
HOUSEHOLD_1_096,HOUSEHOLD_1,HOUSEHOLD,CA_1,2016-05-18,5,9.0,5.0,6.0,7.285714,8.107142,3.97,0.0,0,2,5,2016,0
HOUSEHOLD_1_096,HOUSEHOLD_1,HOUSEHOLD,CA_1,2016-05-19,4,5.0,5.0,6.0,7.285714,8.071428,3.97,0.0,0,3,5,2016,0
HOUSEHOLD_1_096,HOUSEHOLD_1,HOUSEHOLD,CA_1,2016-05-20,5,4.0,5.0,9.0,7.142857,8.0,3.97,0.0,0,4,5,2016,0
HOUSEHOLD_1_096,HOUSEHOLD_1,HOUSEHOLD,CA_1,2016-05-21,10,5.0,9.0,5.0,7.142857,7.857143,3.97,0.0,1,5,5,2016,0
HOUSEHOLD_1_096,HOUSEHOLD_1,HOUSEHOLD,CA_1,2016-05-22,13,10.0,10.0,16.0,7.285714,8.035714,3.97,0.0,1,6,5,2016,0
HOUSEHOLD_1_096,HOUSEHOLD_1,HOUSEHOLD,CA_2,2016-04-25,2,4.0,1.0,4.0,2.0,3.4285715,3.97,0.0,0,0,4,2016,0
HOUSEHOLD_1_096,HOUSEHOLD_1,HOUSEHOLD,CA_2,2016-04-26,1,2.0,1.0,3.0,2.142857,3.357143,3.97,0.0,0,1,4,2016,0
HOUSEHOLD_1_096,HOUSEHOLD_1,HOUSEHOLD,CA_2,2016-04-27,1,1.0,0.0,0.0,2.142857,3.2857144,3.97,0.0,0,2,4,2016,0
HOUSEHOLD_1_096,HOUSEHOLD_1,HOUSEHOLD,CA_2,2016-04-28,4,1.0,0.0,5.0,2.2857144,3.3214285,3.97,0.0,0,3,4,2016,0
HOUSEHOLD_1_096,HOUSEHOLD_1,HOUSEHOLD,CA_2,2016-04-29,1,4.0,4.0,3.0,2.857143,3.2857144,3.97,0.0,0,4,4,2016,0
HOUSEHOLD_1_096,HOUSEHOLD_1,HOUSEHOLD,CA_2,2016-04-30,0,1.0,4.0,6.0,2.4285715,3.2142856,3.97,0.0,1,5,4,2016,0
HOUSEHOLD_1_096,HOUSEHOLD_1,HOUSEHOLD,CA_2,2016-05-01,5,0.0,4.0,10.0,1.8571428,3.0,3.97,0.0,1,6,5,2016,1
HOUSEHOLD_1_096,HOUSEHOLD_1,HOUSEHOLD,CA_2,2016-05-02,3,5.0,2.0,3.0,2.0,2.8214285,3.97,0.0,0,0,5,2016,1
HOUSEHOLD_1_096,HOUSEHOLD_1,HOUSEHOLD,CA_2,2016-05-03,2,3.0,1.0,3.0,2.142857,2.8214285,3.97,0.0,0,1,5,2016,1
HOUSEHOLD_1_096,HOUSEHOLD_1,HOUSEHOLD,CA_2,2016-05-04,2,2.0,1.0,1.0,2.2857144,2.7857144,3.97,0.0,0,2,5,2016,1
HOUSEHOLD_1_096,HOUSEHOLD_1,HOUSEHOLD,CA_2,2016-05-05,5,2.0,4.0,5.0,2.4285715,2.8214285,3.97,0.0,0,3,5,2016,1
HOUSEHOLD_1_096,HOUSEHOLD_1,HOUSEHOLD,CA_2,2016-05-06,2,5.0,1.0,7.0,2.5714285,2.8214285,3.97,0.0,0,4,5,2016,1
HOUSEHOLD_1_096,HOUSEHOLD_1,HOUSEHOLD,CA_2,2016-05-07,5,2.0,0.0,5.0,2.7142856,2.642857,3.97,0.0,1,5,5,2016,1
HOUSEHOLD_1_096,HOUSEHOLD_1,HOUSEHOLD,CA_2,2016-05-08,3,5.0,5.0,7.0,3.4285715,2.642857,3.97,0.0,1,6,5,2016,1
HOUSEHOLD_1_096,HOUSEHOLD_1,HOUSEHOLD,CA_2,2016-05-09,2,3.0,3.0,5.0,3.142857,2.5,3.97,0.0,0,0,5,2016,1
HOUSEHOLD_1_096,HOUSEHOLD_1,HOUSEHOLD,CA_2,2016-05-10,1,2.0,2.0,1.0,3.0,2.392857,3.97,0.0,0,1,5,2016,1
HOUSEHOLD_1_096,HOUSEHOLD_1,HOUSEHOLD,CA_2,2016-05-11,6,1.0,2.0,2.0,2.857143,2.392857,3.97,0.0,0,2,5,2016,0
HOUSEHOLD_1_096,HOUSEHOLD_1,HOUSEHOLD,CA_2,2016-05-12,2,6.0,5.0,3.0,3.4285715,2.5357144,3.97,0.0,0,3,5,2016,0
HOUSEHOLD_1_096,HOUSEHOLD_1,HOUSEHOLD,CA_2,2016-05-13,2,2.0,2.0,2.0,3.0,2.5,3.97,0.0,0,4,5,2016,0
HOUSEHOLD_1_096,HOUSEHOLD_1,HOUSEHOLD,CA_2,2016-05-14,5,2.0,5.0,5.0,3.0,2.5,3.97,0.0,1,5,5,2016,0
HOUSEHOLD_1_096,HOUSEHOLD_1,HOUSEHOLD,CA_2,2016-05-15,7,5.0,3.0,2.0,3.0,2.5,3.97,0.0,1,6,5,2016,0
HOUSEHOLD_1_096,HOUSEHOLD_1,HOUSEHOLD,CA_2,2016-05-16,4,7.0,2.0,1.0,3.5714285,2.6785715,3.97,0.0,0,0,5,2016,0
HOUSEHOLD_1_096,HOUSEHOLD_1,HOUSEHOLD,CA_2,2016-05-17,2,4.0,1.0,1.0,3.857143,2.7857144,3.97,0.0,0,1,5,2016,0
HOUSEHOLD_1_096,HOUSEHOLD_1,HOUSEHOLD,CA_2,2016-05-18,2,2.0,6.0,0.0,4.0,2.8214285,3.97,0.0,0,2,5,2016,0
HOUSEHOLD_1_096,HOUSEHOLD_1,HOUSEHOLD,CA_2,2016-05-19,1,2.0,2.0,0.0,3.4285715,2.892857,3.97,0.0,0,3,5,2016,0
HOUSEHOLD_1_096,HOUSEHOLD_1,HOUSEHOLD,CA_2,2016-05-20,3,1.0,2.0,4.0,3.2857144,2.9285715,3.97,0.0,0,4,5,2016,0
HOUSEHOLD_1_096,HOUSEHOLD_1,HOUSEHOLD,CA_2,2016-05-21,9,3.0,5.0,4.0,3.4285715,2.892857,3.97,0.0,1,5,5,2016,0
HOUSEHOLD_1_096,HOUSEHOLD_1,HOUSEHOLD,CA_2,2016-05-22,4,9.0,7.0,4.0,4.0,3.0714285,3.97,0.0,1,6,5,2016,0
HOUSEHOLD_1_096,HOUSEHOLD_1,HOUSEHOLD,CA_3,2016-04-25,10,33.0,13.0,8.0,16.428572,18.464285,3.97,0.0,0,0,4,2016,0
HOUSEHOLD_1_096,HOUSEHOLD_1,HOUSEHOLD,CA_3,2016-04-26,16,10.0,19.0,7.0,16.0,18.535715,3.97,0.0,0,1,4,2016,0
HOUSEHOLD_1_096,HOUSEHOLD_1,HOUSEHOLD,CA_3,2016-04-27,12,16.0,6.0,10.0,15.571428,18.857143,3.97,0.0,0,2,4,2016,0
HOUSEHOLD_1_096,HOUSEHOLD_1,HOUSEHOLD,CA_3,2016-04-28,17,12.0,11.0,13.0,16.428572,18.928572,3.97,0.0,0,3,4,2016,0
HOUSEHOLD_1_096,HOUSEHOLD_1,HOUSEHOLD,CA_3,2016-04-29,14,17.0,13.0,20.0,17.285715,19.071428,3.97,0.0,0,4,4,2016,0
HOUSEHOLD_1_096,HOUSEHOLD_1,HOUSEHOLD,CA_3,2016-04-30,23,14.0,20.0,27.0,17.428572,18.857143,3.97,0.0,1,5,4,2016,0
HOUSEHOLD_1_096,HOUSEHOLD_1,HOUSEHOLD,CA_3,2016-05-01,23,23.0,33.0,19.0,17.857143,18.714285,3.97,0.0,1,6,5,2016,1
HOUSEHOLD_1_096,HOUSEHOLD_1,HOUSEHOLD,CA_3,2016-05-02,21,23.0,10.0,32.0,16.428572,18.857143,3.97,0.0,0,0,5,2016,1
HOUSEHOLD_1_096,HOUSEHOLD_1,HOUSEHOLD,CA_3,2016-05-03,24,21.0,16.0,23.0,18.0,18.464285,3.97,0.0,0,1,5,2016,1
HOUSEHOLD_1_096,HOUSEHOLD_1,HOUSEHOLD,CA_3,2016-05-04,17,24.0,12.0,13.0,19.142857,18.5,3.97,0.0,0,2,5,2016,1
HOUSEHOLD_1_096,HOUSEHOLD_1,HOUSEHOLD,CA_3,2016-05-05,15,17.0,17.0,12.0,19.857143,18.642857,3.97,0.0,0,3,5,2016,1
HOUSEHOLD_1_096,HOUSEHOLD_1,HOUSEHOLD,CA_3,2016-05-06,14,15.0,14.0,21.0,19.571428,18.75,3.97,0.0,0,4,5,2016,1
HOUSEHOLD_1_096,HOUSEHOLD_1,HOUSEHOLD,CA_3,2016-05-07,14,14.0,23.0,21.0,19.571428,18.5,3.97,0.0,1,5,5,2016,1
HOUSEHOLD_1_096,HOUSEHOLD_1,HOUSEHOLD,CA_3,2016-05-08,27,14.0,23.0,24.0,18.285715,18.25,3.97,0.0,1,6,5,2016,1
HOUSEHOLD_1_096,HOUSEHOLD_1,HOUSEHOLD,CA_3,2016-05-09,11,27.0,21.0,24.0,18.857143,18.357143,3.97,0.0,0,0,5,2016,1
HOUSEHOLD_1_096,HOUSEHOLD_1,HOUSEHOLD,CA_3,2016-05-10,16,11.0,24.0,29.0,17.428572,17.892857,3.97,0.0,0,1,5,2016,1
HOUSEHOLD_1_096,HOUSEHOLD_1,HOUSEHOLD,CA_3,2016-05-11,22,16.0,17.0,11.0,16.285715,17.428572,3.97,0.0,0,2,5,2016,0
HOUSEHOLD_1_096,HOUSEHOLD_1,HOUSEHOLD,CA_3,2016-05-12,15,22.0,15.0,16.0,17.0,17.821428,3.97,0.0,0,3,5,2016,0
HOUSEHOLD_1_096,HOUSEHOLD_1,HOUSEHOLD,CA_3,2016-05-13,16,15.0,14.0,13.0,17.0,17.785715,3.97,0.0,0,4,5,2016,0
HOUSEHOLD_1_096,HOUSEHOLD_1,HOUSEHOLD,CA_3,2016-05-14,16,16.0,14.0,31.0,17.285715,17.892857,3.97,0.0,1,5,5,2016,0
HOUSEHOLD_1_096,HOUSEHOLD_1,HOUSEHOLD,CA_3,2016-05-15,23,16.0,27.0,28.0,17.571428,17.357143,3.97,0.0,1,6,5,2016,0
HOUSEHOLD_1_096,HOUSEHOLD_1,HOUSEHOLD,CA_3,2016-05-16,23,23.0,11.0,13.0,17.0,17.178572,3.97,0.0,0,0,5,2016,0
HOUSEHOLD_1_096,HOUSEHOLD_1,HOUSEHOLD,CA_3,2016-05-17,15,23.0,16.0,19.0,18.714285,17.535715,3.97,0.0,0,1,5,2016,0
HOUSEHOLD_1_096,HOUSEHOLD_1,HOUSEHOLD,CA_3,2016-05-18,13,15.0,22.0,6.0,18.571428,17.392857,3.97,0.0,0,2,5,2016,0
HOUSEHOLD_1_096,HOUSEHOLD_1,HOUSEHOLD,CA_3,2016-05-19,8,13.0,15.0,11.0,17.285715,17.642857,3.97,0.0,0,3,5,2016,0
HOUSEHOLD_1_096,HOUSEHOLD_1,HOUSEHOLD,CA_3,2016-05-20,13,8.0,16.0,13.0,16.285715,17.535715,3.97,0.0,0,4,5,2016,0
HOUSEHOLD_1_096,HOUSEHOLD_1,HOUSEHOLD,CA_3,2016-05-21,12,13.0,16.0,20.0,15.857142,17.535715,3.97,0.0,1,5,5,2016,0
HOUSEHOLD_1_096,HOUSEHOLD_1,HOUSEHOLD,CA_3,2016-05-22,18,12.0,23.0,33.0,15.285714,17.25,3.97,0.0,1,6,5,2016,0
HOUSEHOLD_1_096,HOUSEHOLD_1,HOUSEHOLD,CA_4,2016-04-25,2,2.0,10.0,4.0,3.7142856,3.5357144,3.97,0.0,0,0,4,2016,0
HOUSEHOLD_1_096,HOUSEHOLD_1,HOUSEHOLD,CA_4,2016-04-26,6,2.0,3.0,4.0,2.5714285,3.4642856,3.97,0.0,0,1,4,2016,0
HOUSEHOLD_1_096,HOUSEHOLD_1,HOUSEHOLD,CA_4,2016-04-27,3,6.0,2.0,3.0,3.0,3.5357144,3.97,0.0,0,2,4,2016,0
HOUSEHOLD_1_096,HOUSEHOLD_1,HOUSEHOLD,CA_4,2016-04-28,0,3.0,3.0,3.0,3.142857,3.5357144,3.97,0.0,0,3,4,2016,0
HOUSEHOLD_1_096,HOUSEHOLD_1,HOUSEHOLD,CA_4,2016-04-29,1,0.0,3.0,5.0,2.7142856,3.4285715,3.97,0.0,0,4,4,2016,0
HOUSEHOLD_1_096,HOUSEHOLD_1,HOUSEHOLD,CA_4,2016-04-30,3,1.0,3.0,3.0,2.4285715,3.2857144,3.97,0.0,1,5,4,2016,0
HOUSEHOLD_1_096,HOUSEHOLD_1,HOUSEHOLD,CA_4,2016-05-01,5,3.0,2.0,6.0,2.4285715,3.2857144,3.97,0.0,1,6,5,2016,1
HOUSEHOLD_1_096,HOUSEHOLD_1,HOUSEHOLD,CA_4,2016-05-02,4,5.0,2.0,8.0,2.857143,3.25,3.97,0.0,0,0,5,2016,1
HOUSEHOLD_1_096,HOUSEHOLD_1,HOUSEHOLD,CA_4,2016-05-03,3,4.0,6.0,2.0,3.142857,3.107143,3.97,0.0,0,1,5,2016,1
HOUSEHOLD_1_096,HOUSEHOLD_1,HOUSEHOLD,CA_4,2016-05-04,3,3.0,3.0,6.0,2.7142856,3.142857,3.97,0.0,0,2,5,2016,1
HOUSEHOLD_1_096,HOUSEHOLD_1,HOUSEHOLD,CA_4,2016-05-05,4,3.0,0.0,4.0,2.7142856,3.0357144,3.97,0.0,0,3,5,2016,1
HOUSEHOLD_1_096,HOUSEHOLD_1,HOUSEHOLD,CA_4,2016-05-06,1,4.0,1.0,2.0,3.2857144,3.0357144,3.97,0.0,0,4,5,2016,1
HOUSEHOLD_1_096,HOUSEHOLD_1,HOUSEHOLD,CA_4,2016-05-07,2,1.0,3.0,2.0,3.2857144,3.0,3.97,0.0,1,5,5,2016,1
HOUSEHOLD_1_096,HOUSEHOLD_1,HOUSEHOLD,CA_4,2016-05-08,1,2.0,5.0,5.0,3.142857,3.0,3.97,0.0,1,6,5,2016,1
HOUSEHOLD_1_096,HOUSEHOLD_1,HOUSEHOLD,CA_4,2016-05-09,0,1.0,4.0,6.0,2.5714285,2.857143,3.97,0.0,0,0,5,2016,1
HOUSEHOLD_1_096,HOUSEHOLD_1,HOUSEHOLD,CA_4,2016-05-10,3,0.0,3.0,2.0,2.0,2.642857,3.97,0.0,0,1,5,2016,1
HOUSEHOLD_1_096,HOUSEHOLD_1,HOUSEHOLD,CA_4,2016-05-11,2,3.0,3.0,1.0,2.0,2.6785715,3.97,0.0,0,2,5,2016,0
HOUSEHOLD_1_096,HOUSEHOLD_1,HOUSEHOLD,CA_4,2016-05-12,3,2.0,4.0,2.0,1.8571428,2.7142856,3.97,0.0,0,3,5,2016,0
HOUSEHOLD_1_096,HOUSEHOLD_1,HOUSEHOLD,CA_4,2016-05-13,0,3.0,1.0,1.0,1.7142857,2.75,3.97,0.0,0,4,5,2016,0
HOUSEHOLD_1_096,HOUSEHOLD_1,HOUSEHOLD,CA_4,2016-05-14,4,0.0,2.0,1.0,1.5714285,2.7142856,3.97,0.0,1,5,5,2016,0
HOUSEHOLD_1_096,HOUSEHOLD_1,HOUSEHOLD,CA_4,2016-05-15,0,4.0,1.0,3.0,1.8571428,2.8214285,3.97,0.0,1,6,5,2016,0
HOUSEHOLD_1_096,HOUSEHOLD_1,HOUSEHOLD,CA_4,2016-05-16,4,0.0,0.0,10.0,1.7142857,2.7142856,3.97,0.0,0,0,5,2016,0
HOUSEHOLD_1_096,HOUSEHOLD_1,HOUSEHOLD,CA_4,2016-05-17,3,4.0,3.0,3.0,2.2857144,2.5,3.97,0.0,0,1,5,2016,0
HOUSEHOLD_1_096,HOUSEHOLD_1,HOUSEHOLD,CA_4,2016-05-18,1,3.0,2.0,2.0,2.2857144,2.5,3.97,0.0,0,2,5,2016,0
HOUSEHOLD_1_096,HOUSEHOLD_1,HOUSEHOLD,CA_4,2016-05-19,5,1.0,3.0,3.0,2.142857,2.4642856,3.97,0.0,0,3,5,2016,0
HOUSEHOLD_1_096,HOUSEHOLD_1,HOUSEHOLD,CA_4,2016-05-20,3,5.0,0.0,3.0,2.4285715,2.5357144,3.97,0.0,0,4,5,2016,0
HOUSEHOLD_1_096,HOUSEHOLD_1,HOUSEHOLD,CA_4,2016-05-21,5,3.0,4.0,3.0,2.857143,2.5357144,3.97,0.0,1,5,5,2016,0
HOUSEHOLD_1_096,HOUSEHOLD_1,HOUSEHOLD,CA_4,2016-05-22,3,5.0,0.0,2.0,3.0,2.607143,3.97,0.0,1,6,5,2016,0
HOUSEHOLD_1_106,HOUSEHOLD_1,HOUSEHOLD,CA_1,2016-04-25,8,18.0,1.0,3.0,5.857143,4.928571,9.46,0.0,0,0,4,2016,0
HOUSEHOLD_1_106,HOUSEHOLD_1,HOUSEHOLD,CA_1,2016-04-26,3,8.0,3.0,7.0,6.857143,5.107143,9.46,0.0,0,1,4,2016,0
HOUSEHOLD_1_106,HOUSEHOLD_1,HOUSEHOLD,CA_1,2016-04-27,3,3.0,2.0,0.0,6.857143,4.964286,9.46,0.0,0,2,4,2016,0
HOUSEHOLD_1_106,HOUSEHOLD_1,HOUSEHOLD,CA_1,2016-04-28,4,3.0,5.0,5.0,7.0,5.071429,9.46,0.0,0,3,4,2016,0
HOUSEHOLD_1_106,HOUSEHOLD_1,HOUSEHOLD,CA_1,2016-04-29,2,4.0,2.0,7.0,6.857143,5.035714,9.46,0.0,0,4,4,2016,0
HOUSEHOLD_1_106,HOUSEHOLD_1,HOUSEHOLD,CA_1,2016-04-30,6,2.0,10.0,3.0,6.857143,4.857143,9.46,0.0,1,5,4,2016,0
HOUSEHOLD_1_106,HOUSEHOLD_1,HOUSEHOLD,CA_1,2016-05-01,4,6.0,18.0,3.0,6.285714,4.964286,9.46,0.0,1,6,5,2016,1
HOUSEHOLD_1_106,HOUSEHOLD_1,HOUSEHOLD,CA_1,2016-05-02,3,4.0,8.0,4.0,4.285714,5.0,9.46,0.0,0,0,5,2016,1
HOUSEHOLD_1_106,HOUSEHOLD_1,HOUSEHOLD,CA_1,2016-05-03,2,3.0,3.0,3.0,3.5714285,4.964286,9.46,0.0,0,1,5,2016,1
HOUSEHOLD_1_106,HOUSEHOLD_1,HOUSEHOLD,CA_1,2016-05-04,3,2.0,3.0,6.0,3.4285715,4.928571,9.46,0.0,0,2,5,2016,1
HOUSEHOLD_1_106,HOUSEHOLD_1,HOUSEHOLD,CA_1,2016-05-05,2,3.0,4.0,8.0,3.4285715,4.821429,9.46,0.0,0,3,5,2016,1
HOUSEHOLD_1_106,HOUSEHOLD_1,HOUSEHOLD,CA_1,2016-05-06,4,2.0,2.0,4.0,3.142857,4.607143,9.46,0.0,0,4,5,2016,1
HOUSEHOLD_1_106,HOUSEHOLD_1,HOUSEHOLD,CA_1,2016-05-07,4,4.0,6.0,7.0,3.4285715,4.607143,9.46,0.0,1,5,5,2016,1
HOUSEHOLD_1_106,HOUSEHOLD_1,HOUSEHOLD,CA_1,2016-05-08,2,4.0,4.0,3.0,3.142857,4.5,9.46,0.0,1,6,5,2016,1
HOUSEHOLD_1_106,HOUSEHOLD_1,HOUSEHOLD,CA_1,2016-05-09,2,2.0,3.0,8.0,2.857143,4.464286,9.46,0.0,0,0,5,2016,1
HOUSEHOLD_1_106,HOUSEHOLD_1,HOUSEHOLD,CA_1,2016-05-10,6,2.0,2.0,7.0,2.7142856,4.25,9.46,0.0,0,1,5,2016,1
HOUSEHOLD_1_106,HOUSEHOLD_1,HOUSEHOLD,CA_1,2016-05-11,3,6.0,3.0,4.0,3.2857144,4.214286,9.46,0.0,0,2,5,2016,0
HOUSEHOLD_1_106,HOUSEHOLD_1,HOUSEHOLD,CA_1,2016-05-12,1,3.0,2.0,3.0,3.2857144,4.178571,9.46,0.0,0,3,5,2016,0
HOUSEHOLD_1_106,HOUSEHOLD_1,HOUSEHOLD,CA_1,2016-05-13,3,1.0,4.0,5.0,3.142857,4.107143,9.46,0.0,0,4,5,2016,0
HOUSEHOLD_1_106,HOUSEHOLD_1,HOUSEHOLD,CA_1,2016-05-14,5,3.0,4.0,6.0,3.0,4.035714,9.46,0.0,1,5,5,2016,0
HOUSEHOLD_1_106,HOUSEHOLD_1,HOUSEHOLD,CA_1,2016-05-15,6,5.0,2.0,1.0,3.142857,4.0,9.46,0.0,1,6,5,2016,0
HOUSEHOLD_1_106,HOUSEHOLD_1,HOUSEHOLD,CA_1,2016-05-16,4,6.0,2.0,1.0,3.7142856,4.178571,9.46,0.0,0,0,5,2016,0
HOUSEHOLD_1_106,HOUSEHOLD_1,HOUSEHOLD,CA_1,2016-05-17,5,4.0,6.0,3.0,4.0,4.285714,9.46,0.0,0,1,5,2016,0
HOUSEHOLD_1_106,HOUSEHOLD_1,HOUSEHOLD,CA_1,2016-05-18,2,5.0,3.0,2.0,3.857143,4.357143,9.46,0.0,0,2,5,2016,0
HOUSEHOLD_1_106,HOUSEHOLD_1,HOUSEHOLD,CA_1,2016-05-19,3,2.0,1.0,5.0,3.7142856,4.357143,9.46,0.0,0,3,5,2016,0
HOUSEHOLD_1_106,HOUSEHOLD_1,HOUSEHOLD,CA_1,2016-05-20,4,3.0,3.0,2.0,4.0,4.285714,9.46,0.0,0,4,5,2016,0
HOUSEHOLD_1_106,HOUSEHOLD_1,HOUSEHOLD,CA_1,2016-05-21,7,4.0,5.0,10.0,4.142857,4.357143,9.46,0.0,1,5,5,2016,0
HOUSEHOLD_1_106,HOUSEHOLD_1,HOUSEHOLD,CA_1,2016-05-22,6,7.0,6.0,18.0,4.428571,4.25,9.46,0.0,1,6,5,2016,0
HOUSEHOLD_1_106,HOUSEHOLD_1,HOUSEHOLD,CA_2,2016-04-25,6,2.0,3.0,1.0,2.4285715,3.142857,9.46,0.0,0,0,4,2016,0
HOUSEHOLD_1_106,HOUSEHOLD_1,HOUSEHOLD,CA_2,2016-04-26,0,6.0,2.0,3.0,2.857143,3.3214285,9.46,0.0,0,1,4,2016,0
HOUSEHOLD_1_106,HOUSEHOLD_1,HOUSEHOLD,CA_2,2016-04-27,3,0.0,2.0,2.0,2.5714285,3.2142856,9.46,0.0,0,2,4,2016,0
HOUSEHOLD_1_106,HOUSEHOLD_1,HOUSEHOLD,CA_2,2016-04-28,4,3.0,1.0,1.0,2.7142856,3.25,9.46,0.0,0,3,4,2016,0
HOUSEHOLD_1_106,HOUSEHOLD_1,HOUSEHOLD,CA_2,2016-04-29,6,4.0,3.0,1.0,3.142857,3.357143,9.46,0.0,0,4,4,2016,0
HOUSEHOLD_1_106,HOUSEHOLD_1,HOUSEHOLD,CA_2,2016-04-30,5,6.0,4.0,5.0,3.5714285,3.5357144,9.46,0.0,1,5,4,2016,0
HOUSEHOLD_1_106,HOUSEHOLD_1,HOUSEHOLD,CA_2,2016-05-01,6,5.0,2.0,7.0,3.7142856,3.5357144,9.46,0.0,1,6,5,2016,1
HOUSEHOLD_1_106,HOUSEHOLD_1,HOUSEHOLD,CA_2,2016-05-02,11,6.0,6.0,3.0,4.285714,3.5,9.46,0.0,0,0,5,2016,1
HOUSEHOLD_1_106,HOUSEHOLD_1,HOUSEHOLD,CA_2,2016-05-03,6,11.0,0.0,2.0,5.0,3.7857144,9.46,0.0,0,1,5,2016,1
HOUSEHOLD_1_106,HOUSEHOLD_1,HOUSEHOLD,CA_2,2016-05-04,2,6.0,3.0,3.0,5.857143,3.9285715,9.46,0.0,0,2,5,2016,1
HOUSEHOLD_1_106,HOUSEHOLD_1,HOUSEHOLD,CA_2,2016-05-05,5,2.0,4.0,4.0,5.714286,3.892857,9.46,0.0,0,3,5,2016,1
HOUSEHOLD_1_106,HOUSEHOLD_1,HOUSEHOLD,CA_2,2016-05-06,5,5.0,6.0,4.0,5.857143,3.9285715,9.46,0.0,0,4,5,2016,1
HOUSEHOLD_1_106,HOUSEHOLD_1,HOUSEHOLD,CA_2,2016-05-07,9,5.0,5.0,8.0,5.714286,3.9642856,9.46,0.0,1,5,5,2016,1
HOUSEHOLD_1_106,HOUSEHOLD_1,HOUSEHOLD,CA_2,2016-05-08,14,9.0,6.0,7.0,6.285714,4.0,9.46,0.0,1,6,5,2016,1
HOUSEHOLD_1_106,HOUSEHOLD_1,HOUSEHOLD,CA_2,2016-05-09,6,14.0,11.0,3.0,7.428571,4.25,9.46,0.0,0,0,5,2016,1
HOUSEHOLD_1_106,HOUSEHOLD_1,HOUSEHOLD,CA_2,2016-05-10,3,6.0,6.0,2.0,6.714286,4.357143,9.46,0.0,0,1,5,2016,1
HOUSEHOLD_1_106,HOUSEHOLD_1,HOUSEHOLD,CA_2,2016-05-11,2,3.0,2.0,1.0,6.285714,4.392857,9.46,0.0,0,2,5,2016,0
HOUSEHOLD_1_106,HOUSEHOLD_1,HOUSEHOLD,CA_2,2016-05-12,2,2.0,5.0,1.0,6.285714,4.428571,9.46,0.0,0,3,5,2016,0
HOUSEHOLD_1_106,HOUSEHOLD_1,HOUSEHOLD,CA_2,2016-05-13,7,2.0,5.0,0.0,5.857143,4.464286,9.46,0.0,0,4,5,2016,0
HOUSEHOLD_1_106,HOUSEHOLD_1,HOUSEHOLD,CA_2,2016-05-14,9,7.0,9.0,6.0,6.142857,4.714286,9.46,0.0,1,5,5,2016,0
HOUSEHOLD_1_106,HOUSEHOLD_1,HOUSEHOLD,CA_2,2016-05-15,16,9.0,14.0,7.0,6.142857,4.821429,9.46,0.0,1,6,5,2016,0
HOUSEHOLD_1_106,HOUSEHOLD_1,HOUSEHOLD,CA_2,2016-05-16,10,16.0,6.0,3.0,6.428571,5.142857,9.46,0.0,0,0,5,2016,0
HOUSEHOLD_1_106,HOUSEHOLD_1,HOUSEHOLD,CA_2,2016-05-17,8,10.0,3.0,2.0,7.0,5.392857,9.46,0.0,0,1,5,2016,0
HOUSEHOLD_1_106,HOUSEHOLD_1,HOUSEHOLD,CA_2,2016-05-18,1,8.0,2.0,2.0,7.714286,5.607143,9.46,0.0,0,2,5,2016,0
HOUSEHOLD_1_106,HOUSEHOLD_1,HOUSEHOLD,CA_2,2016-05-19,1,1.0,2.0,1.0,7.571429,5.571429,9.46,0.0,0,3,5,2016,0
HOUSEHOLD_1_106,HOUSEHOLD_1,HOUSEHOLD,CA_2,2016-05-20,2,1.0,7.0,3.0,7.428571,5.571429,9.46,0.0,0,4,5,2016,0
HOUSEHOLD_1_106,HOUSEHOLD_1,HOUSEHOLD,CA_2,2016-05-21,6,2.0,9.0,4.0,6.714286,5.535714,9.46,0.0,1,5,5,2016,0
HOUSEHOLD_1_106,HOUSEHOLD_1,HOUSEHOLD,CA_2,2016-05-22,10,6.0,16.0,2.0,6.285714,5.607143,9.46,0.0,1,6,5,2016,0
HOUSEHOLD_1_106,HOUSEHOLD_1,HOUSEHOLD,CA_3,2016-04-25,20,37.0,22.0,14.0,23.142857,14.071428,9.46,0.0,0,0,4,2016,0
HOUSEHOLD_1_106,HOUSEHOLD_1,HOUSEHOLD,CA_3,2016-04-26,27,20.0,20.0,14.0,22.857143,14.285714,9.46,0.0,0,1,4,2016,0
HOUSEHOLD_1_106,HOUSEHOLD_1,HOUSEHOLD,CA_3,2016-04-27,20,27.0,20.0,20.0,23.857143,14.75,9.46,0.0,0,2,4,2016,0
HOUSEHOLD_1_106,HOUSEHOLD_1,HOUSEHOLD,CA_3,2016-04-28,14,20.0,15.0,9.0,23.857143,14.75,9.46,0.0,0,3,4,2016,0
HOUSEHOLD_1_106,HOUSEHOLD_1,HOUSEHOLD,CA_3,2016-04-29,30,14.0,20.0,20.0,23.714285,14.928572,9.46,0.0,0,4,4,2016,0
HOUSEHOLD_1_106,HOUSEHOLD_1,HOUSEHOLD,CA_3,2016-04-30,28,30.0,28.0,4.0,25.142857,15.285714,9.46,0.0,1,5,4,2016,0
HOUSEHOLD_1_106,HOUSEHOLD_1,HOUSEHOLD,CA_3,2016-05-01,40,28.0,37.0,8.0,25.142857,16.142857,9.46,0.0,1,6,5,2016,1
HOUSEHOLD_1_106,HOUSEHOLD_1,HOUSEHOLD,CA_3,2016-05-02,19,40.0,20.0,1.0,25.571428,17.285715,9.46,0.0,0,0,5,2016,1
HOUSEHOLD_1_106,HOUSEHOLD_1,HOUSEHOLD,CA_3,2016-05-03,16,19.0,27.0,6.0,25.428572,17.928572,9.46,0.0,0,1,5,2016,1
HOUSEHOLD_1_106,HOUSEHOLD_1,HOUSEHOLD,CA_3,2016-05-04,17,16.0,20.0,7.0,23.857143,18.285715,9.46,0.0,0,2,5,2016,1
HOUSEHOLD_1_106,HOUSEHOLD_1,HOUSEHOLD,CA_3,2016-05-05,17,17.0,14.0,5.0,23.428572,18.642857,9.46,0.0,0,3,5,2016,1
HOUSEHOLD_1_106,HOUSEHOLD_1,HOUSEHOLD,CA_3,2016-05-06,16,17.0,30.0,10.0,23.857143,19.071428,9.46,0.0,0,4,5,2016,1
HOUSEHOLD_1_106,HOUSEHOLD_1,HOUSEHOLD,CA_3,2016-05-07,27,16.0,28.0,0.0,21.857143,19.285715,9.46,0.0,1,5,5,2016,1
HOUSEHOLD_1_106,HOUSEHOLD_1,HOUSEHOLD,CA_3,2016-05-08,19,27.0,40.0,1.0,21.714285,20.25,9.46,0.0,1,6,5,2016,1
HOUSEHOLD_1_106,HOUSEHOLD_1,HOUSEHOLD,CA_3,2016-05-09,23,19.0,19.0,10.0,18.714285,20.892857,9.46,0.0,0,0,5,2016,1
HOUSEHOLD_1_106,HOUSEHOLD_1,HOUSEHOLD,CA_3,2016-05-10,21,23.0,16.0,9.0,19.285715,21.357143,9.46,0.0,0,1,5,2016,1
HOUSEHOLD_1_106,HOUSEHOLD_1,HOUSEHOLD,CA_3,2016-05-11,15,21.0,17.0,6.0,20.0,21.785715,9.46,0.0,0,2,5,2016,0
HOUSEHOLD_1_106,HOUSEHOLD_1,HOUSEHOLD,CA_3,2016-05-12,16,15.0,17.0,13.0,19.714285,22.107143,9.46,0.0,0,3,5,2016,0
HOUSEHOLD_1_106,HOUSEHOLD_1,HOUSEHOLD,CA_3,2016-05-13,10,16.0,16.0,18.0,19.571428,22.214285,9.46,0.0,0,4,5,2016,0
HOUSEHOLD_1_106,HOUSEHOLD_1,HOUSEHOLD,CA_3,2016-05-14,29,10.0,27.0,13.0,18.714285,21.928572,9.46,0.0,1,5,5,2016,0
HOUSEHOLD_1_106,HOUSEHOLD_1,HOUSEHOLD,CA_3,2016-05-15,24,29.0,19.0,44.0,19.0,22.5,9.46,0.0,1,6,5,2016,0
HOUSEHOLD_1_106,HOUSEHOLD_1,HOUSEHOLD,CA_3,2016-05-16,18,24.0,23.0,22.0,19.714285,21.785715,9.46,0.0,0,0,5,2016,0
HOUSEHOLD_1_106,HOUSEHOLD_1,HOUSEHOLD,CA_3,2016-05-17,11,18.0,21.0,20.0,19.0,21.642857,9.46,0.0,0,1,5,2016,0
HOUSEHOLD_1_106,HOUSEHOLD_1,HOUSEHOLD,CA_3,2016-05-18,16,11.0,15.0,20.0,17.571428,21.321428,9.46,0.0,0,2,5,2016,0
HOUSEHOLD_1_106,HOUSEHOLD_1,HOUSEHOLD,CA_3,2016-05-19,15,16.0,16.0,15.0,17.714285,21.178572,9.46,0.0,0,3,5,2016,0
HOUSEHOLD_1_106,HOUSEHOLD_1,HOUSEHOLD,CA_3,2016-05-20,18,15.0,10.0,20.0,17.571428,21.178572,9.46,0.0,0,4,5,2016,0
HOUSEHOLD_1_106,HOUSEHOLD_1,HOUSEHOLD,CA_3,2016-05-21,30,18.0,29.0,28.0,18.714285,21.107143,9.46,0.0,1,5,5,2016,0
HOUSEHOLD_1_106,HOUSEHOLD_1,HOUSEHOLD,CA_3,2016-05-22,36,30.0,24.0,37.0,18.857143,21.178572,9.46,0.0,1,6,5,2016,0
HOUSEHOLD_1_106,HOUSEHOLD_1,HOUSEHOLD,CA_4,2016-04-25,1,0.0,0.0,1.0,1.2857143,1.1071428,9.46,0.0,0,0,4,2016,0
HOUSEHOLD_1_106,HOUSEHOLD_1,HOUSEHOLD,CA_4,2016-04-26,0,1.0,2.0,1.0,1.4285715,1.1071428,9.46,0.0,0,1,4,2016,0
HOUSEHOLD_1_106,HOUSEHOLD_1,HOUSEHOLD,CA_4,2016-04-27,2,0.0,3.0,1.0,1.1428572,1.0714285,9.46,0.0,0,2,4,2016,0
HOUSEHOLD_1_106,HOUSEHOLD_1,HOUSEHOLD,CA_4,2016-04-28,0,2.0,1.0,1.0,1.0,1.1071428,9.46,0.0,0,3,4,2016,0
HOUSEHOLD_1_106,HOUSEHOLD_1,HOUSEHOLD,CA_4,2016-04-29,0,0.0,2.0,1.0,0.85714287,1.0714285,9.46,0.0,0,4,4,2016,0
HOUSEHOLD_1_106,HOUSEHOLD_1,HOUSEHOLD,CA_4,2016-04-30,1,0.0,1.0,1.0,0.5714286,1.0357143,9.46,0.0,1,5,4,2016,0
HOUSEHOLD_1_106,HOUSEHOLD_1,HOUSEHOLD,CA_4,2016-05-01,0,1.0,0.0,3.0,0.5714286,1.0357143,9.46,0.0,1,6,5,2016,1
HOUSEHOLD_1_106,HOUSEHOLD_1,HOUSEHOLD,CA_4,2016-05-02,0,0.0,1.0,4.0,0.5714286,0.9285714,9.46,0.0,0,0,5,2016,1
HOUSEHOLD_1_106,HOUSEHOLD_1,HOUSEHOLD,CA_4,2016-05-03,1,0.0,0.0,0.0,0.42857143,0.78571427,9.46,0.0,0,1,5,2016,1
HOUSEHOLD_1_106,HOUSEHOLD_1,HOUSEHOLD,CA_4,2016-05-04,1,1.0,2.0,1.0,0.5714286,0.8214286,9.46,0.0,0,2,5,2016,1
HOUSEHOLD_1_106,HOUSEHOLD_1,HOUSEHOLD,CA_4,2016-05-05,0,1.0,0.0,1.0,0.42857143,0.8214286,9.46,0.0,0,3,5,2016,1
HOUSEHOLD_1_106,HOUSEHOLD_1,HOUSEHOLD,CA_4,2016-05-06,3,0.0,0.0,1.0,0.42857143,0.78571427,9.46,0.0,0,4,5,2016,1
HOUSEHOLD_1_106,HOUSEHOLD_1,HOUSEHOLD,CA_4,2016-05-07,4,3.0,1.0,0.0,0.85714287,0.85714287,9.46,0.0,1,5,5,2016,1
HOUSEHOLD_1_106,HOUSEHOLD_1,HOUSEHOLD,CA_4,2016-05-08,6,4.0,0.0,3.0,1.2857143,1.0,9.46,0.0,1,6,5,2016,1
HOUSEHOLD_1_106,HOUSEHOLD_1,HOUSEHOLD,CA_4,2016-05-09,2,6.0,0.0,0.0,2.142857,1.1071428,9.46,0.0,0,0,5,2016,1
HOUSEHOLD_1_106,HOUSEHOLD_1,HOUSEHOLD,CA_4,2016-05-10,1,2.0,1.0,1.0,2.4285715,1.1785715,9.46,0.0,0,1,5,2016,1
HOUSEHOLD_1_106,HOUSEHOLD_1,HOUSEHOLD,CA_4,2016-05-11,1,1.0,1.0,0.0,2.4285715,1.1785715,9.46,0.0,0,2,5,2016,0
HOUSEHOLD_1_106,HOUSEHOLD_1,HOUSEHOLD,CA_4,2016-05-12,2,1.0,0.0,1.0,2.4285715,1.2142857,9.46,0.0,0,3,5,2016,0
HOUSEHOLD_1_106,HOUSEHOLD_1,HOUSEHOLD,CA_4,2016-05-13,1,2.0,3.0,0.0,2.7142856,1.25,9.46,0.0,0,4,5,2016,0
HOUSEHOLD_1_106,HOUSEHOLD_1,HOUSEHOLD,CA_4,2016-05-14,0,1.0,4.0,1.0,2.4285715,1.2857143,9.46,0.0,1,5,5,2016,0
HOUSEHOLD_1_106,HOUSEHOLD_1,HOUSEHOLD,CA_4,2016-05-15,1,0.0,6.0,0.0,1.8571428,1.25,9.46,0.0,1,6,5,2016,0
HOUSEHOLD_1_106,HOUSEHOLD_1,HOUSEHOLD,CA_4,2016-05-16,1,1.0,2.0,0.0,1.1428572,1.2857143,9.46,0.0,0,0,5,2016,0
HOUSEHOLD_1_106,HOUSEHOLD_1,HOUSEHOLD,CA_4,2016-05-17,1,1.0,1.0,2.0,1.0,1.3214285,9.46,0.0,0,1,5,2016,0
HOUSEHOLD_1_106,HOUSEHOLD_1,HOUSEHOLD,CA_4,2016-05-18,2,1.0,1.0,3.0,1.0,1.2857143,9.46,0.0,0,2,5,2016,0
HOUSEHOLD_1_106,HOUSEHOLD_1,HOUSEHOLD,CA_4,2016-05-19,1,2.0,2.0,1.0,1.1428572,1.25,9.46,0.0,0,3,5,2016,0
HOUSEHOLD_1_106,HOUSEHOLD_1,HOUSEHOLD,CA_4,2016-05-20,0,1.0,1.0,2.0,1.0,1.25,9.46,0.0,0,4,5,2016,0
HOUSEHOLD_1_106,HOUSEHOLD_1,HOUSEHOLD,CA_4,2016-05-21,1,0.0,0.0,1.0,0.85714287,1.1785715,9.46,0.0,1,5,5,2016,0
HOUSEHOLD_1_106,HOUSEHOLD_1,HOUSEHOLD,CA_4,2016-05-22,4,1.0,1.0,0.0,1.0,1.1785715,9.46,0.0,1,6,5,2016,0
HOUSEHOLD_1_110,HOUSEHOLD_1,HOUSEHOLD,CA_1,2016-04-25,7,13.0,15.0,6.0,11.142858,7.178571,3.97,0.0,0,0,4,2016,0
HOUSEHOLD_1_110,HOUSEHOLD_1,HOUSEHOLD,CA_1,2016-04-26,4,7.0,11.0,8.0,10.0,7.214286,3.97,0.0,0,1,4,2016,0
HOUSEHOLD_1_110,HOUSEHOLD_1,HOUSEHOLD,CA_1,2016-04-27,14,4.0,13.0,5.0,9.0,7.071429,3.97,0.0,0,2,4,2016,0
HOUSEHOLD_1_110,HOUSEHOLD_1,HOUSEHOLD,CA_1,2016-04-28,12,14.0,5.0,7.0,9.142858,7.392857,3.97,0.0,0,3,4,2016,0
HOUSEHOLD_1_110,HOUSEHOLD_1,HOUSEHOLD,CA_1,2016-04-29,9,12.0,11.0,3.0,10.142858,7.571429,3.97,0.0,0,4,4,2016,0
HOUSEHOLD_1_110,HOUSEHOLD_1,HOUSEHOLD,CA_1,2016-04-30,11,9.0,10.0,8.0,9.857142,7.785714,3.97,0.0,1,5,4,2016,0
HOUSEHOLD_1_110,HOUSEHOLD_1,HOUSEHOLD,CA_1,2016-05-01,9,11.0,13.0,10.0,10.0,7.892857,3.97,0.0,1,6,5,2016,1
HOUSEHOLD_1_110,HOUSEHOLD_1,HOUSEHOLD,CA_1,2016-05-02,10,9.0,7.0,6.0,9.428572,7.857143,3.97,0.0,0,0,5,2016,1
HOUSEHOLD_1_110,HOUSEHOLD_1,HOUSEHOLD,CA_1,2016-05-03,9,10.0,4.0,4.0,9.857142,8.0,3.97,0.0,0,1,5,2016,1
HOUSEHOLD_1_110,HOUSEHOLD_1,HOUSEHOLD,CA_1,2016-05-04,15,9.0,14.0,2.0,10.571428,8.178572,3.97,0.0,0,2,5,2016,1
HOUSEHOLD_1_110,HOUSEHOLD_1,HOUSEHOLD,CA_1,2016-05-05,12,15.0,12.0,5.0,10.714286,8.642858,3.97,0.0,0,3,5,2016,1
HOUSEHOLD_1_110,HOUSEHOLD_1,HOUSEHOLD,CA_1,2016-05-06,4,12.0,9.0,7.0,10.714286,8.892858,3.97,0.0,0,4,5,2016,1
HOUSEHOLD_1_110,HOUSEHOLD_1,HOUSEHOLD,CA_1,2016-05-07,15,4.0,11.0,4.0,10.0,8.785714,3.97,0.0,1,5,5,2016,1
HOUSEHOLD_1_110,HOUSEHOLD_1,HOUSEHOLD,CA_1,2016-05-08,11,15.0,9.0,10.0,10.571428,9.178572,3.97,0.0,1,6,5,2016,1
HOUSEHOLD_1_110,HOUSEHOLD_1,HOUSEHOLD,CA_1,2016-05-09,9,11.0,10.0,8.0,10.857142,9.214286,3.97,0.0,0,0,5,2016,1
HOUSEHOLD_1_110,HOUSEHOLD_1,HOUSEHOLD,CA_1,2016-05-10,8,9.0,9.0,0.0,10.714286,9.25,3.97,0.0,0,1,5,2016,1
HOUSEHOLD_1_110,HOUSEHOLD_1,HOUSEHOLD,CA_1,2016-05-11,7,8.0,15.0,5.0,10.571428,9.535714,3.97,0.0,0,2,5,2016,0
HOUSEHOLD_1_110,HOUSEHOLD_1,HOUSEHOLD,CA_1,2016-05-12,5,7.0,12.0,3.0,9.428572,9.607142,3.97,0.0,0,3,5,2016,0
HOUSEHOLD_1_110,HOUSEHOLD_1,HOUSEHOLD,CA_1,2016-05-13,6,5.0,4.0,4.0,8.428572,9.678572,3.97,0.0,0,4,5,2016,0
HOUSEHOLD_1_110,HOUSEHOLD_1,HOUSEHOLD,CA_1,2016-05-14,14,6.0,15.0,10.0,8.714286,9.75,3.97,0.0,1,5,5,2016,0
HOUSEHOLD_1_110,HOUSEHOLD_1,HOUSEHOLD,CA_1,2016-05-15,12,14.0,11.0,8.0,8.571428,9.892858,3.97,0.0,1,6,5,2016,0
HOUSEHOLD_1_110,HOUSEHOLD_1,HOUSEHOLD,CA_1,2016-05-16,14,12.0,9.0,15.0,8.714286,10.035714,3.97,0.0,0,0,5,2016,0
HOUSEHOLD_1_110,HOUSEHOLD_1,HOUSEHOLD,CA_1,2016-05-17,5,14.0,8.0,11.0,9.428572,10.0,3.97,0.0,0,1,5,2016,0
HOUSEHOLD_1_110,HOUSEHOLD_1,HOUSEHOLD,CA_1,2016-05-18,8,5.0,7.0,13.0,9.0,9.785714,3.97,0.0,0,2,5,2016,0
HOUSEHOLD_1_110,HOUSEHOLD_1,HOUSEHOLD,CA_1,2016-05-19,13,8.0,5.0,5.0,9.142858,9.607142,3.97,0.0,0,3,5,2016,0
HOUSEHOLD_1_110,HOUSEHOLD_1,HOUSEHOLD,CA_1,2016-05-20,13,13.0,6.0,11.0,10.285714,9.892858,3.97,0.0,0,4,5,2016,0
HOUSEHOLD_1_110,HOUSEHOLD_1,HOUSEHOLD,CA_1,2016-05-21,12,13.0,14.0,10.0,11.285714,9.964286,3.97,0.0,1,5,5,2016,0
HOUSEHOLD_1_110,HOUSEHOLD_1,HOUSEHOLD,CA_1,2016-05-22,12,12.0,12.0,13.0,11.0,10.035714,3.97,0.0,1,6,5,2016,0
HOUSEHOLD_1_110,HOUSEHOLD_1,HOUSEHOLD,CA_2,2016-04-25,9,12.0,4.0,5.0,5.142857,6.071429,3.97,0.0,0,0,4,2016,0
HOUSEHOLD_1_110,HOUSEHOLD_1,HOUSEHOLD,CA_2,2016-04-26,7,9.0,2.0,3.0,5.857143,6.214286,3.97,0.0,0,1,4,2016,0
HOUSEHOLD_1_110,HOUSEHOLD_1,HOUSEHOLD,CA_2,2016-04-27,4,7.0,4.0,4.0,6.571429,6.357143,3.97,0.0,0,2,4,2016,0
HOUSEHOLD_1_110,HOUSEHOLD_1,HOUSEHOLD,CA_2,2016-04-28,11,4.0,4.0,4.0,6.571429,6.357143,3.97,0.0,0,3,4,2016,0
HOUSEHOLD_1_110,HOUSEHOLD_1,HOUSEHOLD,CA_2,2016-04-29,7,11.0,6.0,4.0,7.571429,6.607143,3.97,0.0,0,4,4,2016,0
HOUSEHOLD_1_110,HOUSEHOLD_1,HOUSEHOLD,CA_2,2016-04-30,13,7.0,4.0,2.0,7.714286,6.714286,3.97,0.0,1,5,4,2016,0
HOUSEHOLD_1_110,HOUSEHOLD_1,HOUSEHOLD,CA_2,2016-05-01,11,13.0,12.0,18.0,9.0,7.107143,3.97,0.0,1,6,5,2016,1
HOUSEHOLD_1_110,HOUSEHOLD_1,HOUSEHOLD,CA_2,2016-05-02,5,11.0,9.0,5.0,8.857142,6.857143,3.97,0.0,0,0,5,2016,1
HOUSEHOLD_1_110,HOUSEHOLD_1,HOUSEHOLD,CA_2,2016-05-03,6,5.0,7.0,3.0,8.285714,6.857143,3.97,0.0,0,1,5,2016,1
HOUSEHOLD_1_110,HOUSEHOLD_1,HOUSEHOLD,CA_2,2016-05-04,4,6.0,4.0,7.0,8.142858,6.964286,3.97,0.0,0,2,5,2016,1
HOUSEHOLD_1_110,HOUSEHOLD_1,HOUSEHOLD,CA_2,2016-05-05,7,4.0,11.0,5.0,8.142858,6.857143,3.97,0.0,0,3,5,2016,1
HOUSEHOLD_1_110,HOUSEHOLD_1,HOUSEHOLD,CA_2,2016-05-06,14,7.0,7.0,4.0,7.571429,6.928571,3.97,0.0,0,4,5,2016,1
HOUSEHOLD_1_110,HOUSEHOLD_1,HOUSEHOLD,CA_2,2016-05-07,18,14.0,13.0,10.0,8.571428,7.285714,3.97,0.0,1,5,5,2016,1
HOUSEHOLD_1_110,HOUSEHOLD_1,HOUSEHOLD,CA_2,2016-05-08,9,18.0,11.0,11.0,9.285714,7.571429,3.97,0.0,1,6,5,2016,1
HOUSEHOLD_1_110,HOUSEHOLD_1,HOUSEHOLD,CA_2,2016-05-09,5,9.0,5.0,5.0,9.0,7.5,3.97,0.0,0,0,5,2016,1
HOUSEHOLD_1_110,HOUSEHOLD_1,HOUSEHOLD,CA_2,2016-05-10,9,5.0,6.0,3.0,9.0,7.5,3.97,0.0,0,1,5,2016,1
HOUSEHOLD_1_110,HOUSEHOLD_1,HOUSEHOLD,CA_2,2016-05-11,7,9.0,4.0,8.0,9.428572,7.714286,3.97,0.0,0,2,5,2016,0
HOUSEHOLD_1_110,HOUSEHOLD_1,HOUSEHOLD,CA_2,2016-05-12,12,7.0,7.0,9.0,9.857142,7.678571,3.97,0.0,0,3,5,2016,0
HOUSEHOLD_1_110,HOUSEHOLD_1,HOUSEHOLD,CA_2,2016-05-13,9,12.0,14.0,7.0,10.571428,7.785714,3.97,0.0,0,4,5,2016,0
HOUSEHOLD_1_110,HOUSEHOLD_1,HOUSEHOLD,CA_2,2016-05-14,14,9.0,18.0,11.0,9.857142,7.857143,3.97,0.0,1,5,5,2016,0
HOUSEHOLD_1_110,HOUSEHOLD_1,HOUSEHOLD,CA_2,2016-05-15,18,14.0,9.0,6.0,9.285714,7.964286,3.97,0.0,1,6,5,2016,0
HOUSEHOLD_1_110,HOUSEHOLD_1,HOUSEHOLD,CA_2,2016-05-16,8,18.0,5.0,4.0,10.571428,8.392858,3.97,0.0,0,0,5,2016,0
HOUSEHOLD_1_110,HOUSEHOLD_1,HOUSEHOLD,CA_2,2016-05-17,5,8.0,9.0,2.0,11.0,8.535714,3.97,0.0,0,1,5,2016,0
HOUSEHOLD_1_110,HOUSEHOLD_1,HOUSEHOLD,CA_2,2016-05-18,9,5.0,7.0,4.0,10.428572,8.642858,3.97,0.0,0,2,5,2016,0
HOUSEHOLD_1_110,HOUSEHOLD_1,HOUSEHOLD,CA_2,2016-05-19,10,9.0,12.0,4.0,10.714286,8.821428,3.97,0.0,0,3,5,2016,0
HOUSEHOLD_1_110,HOUSEHOLD_1,HOUSEHOLD,CA_2,2016-05-20,7,10.0,9.0,6.0,10.428572,9.035714,3.97,0.0,0,4,5,2016,0
HOUSEHOLD_1_110,HOUSEHOLD_1,HOUSEHOLD,CA_2,2016-05-21,12,7.0,14.0,4.0,10.142858,9.071428,3.97,0.0,1,5,5,2016,0
HOUSEHOLD_1_110,HOUSEHOLD_1,HOUSEHOLD,CA_2,2016-05-22,12,12.0,18.0,12.0,9.857142,9.357142,3.97,0.0,1,6,5,2016,0
HOUSEHOLD_1_110,HOUSEHOLD_1,HOUSEHOLD,CA_3,2016-04-25,21,17.0,20.0,22.0,16.571428,19.285715,3.97,0.0,0,0,4,2016,0
HOUSEHOLD_1_110,HOUSEHOLD_1,HOUSEHOLD,CA_3,2016-04-26,19,21.0,18.0,19.0,16.714285,19.25,3.97,0.0,0,1,4,2016,0
HOUSEHOLD_1_110,HOUSEHOLD_1,HOUSEHOLD,CA_3,2016-04-27,13,19.0,11.0,15.0,16.857143,19.25,3.97,0.0,0,2,4,2016,0
HOUSEHOLD_1_110,HOUSEHOLD_1,HOUSEHOLD,CA_3,2016-04-28,11,13.0,12.0,13.0,17.142857,19.178572,3.97,0.0,0,3,4,2016,0
HOUSEHOLD_1_110,HOUSEHOLD_1,HOUSEHOLD,CA_3,2016-04-29,6,11.0,16.0,16.0,17.0,19.107143,3.97,0.0,0,4,4,2016,0
HOUSEHOLD_1_110,HOUSEHOLD_1,HOUSEHOLD,CA_3,2016-04-30,21,6.0,22.0,25.0,15.571428,18.75,3.97,0.0,1,5,4,2016,0
HOUSEHOLD_1_110,HOUSEHOLD_1,HOUSEHOLD,CA_3,2016-05-01,24,21.0,17.0,30.0,15.428572,18.607143,3.97,0.0,1,6,5,2016,1
HOUSEHOLD_1_110,HOUSEHOLD_1,HOUSEHOLD,CA_3,2016-05-02,19,24.0,21.0,27.0,16.428572,18.392857,3.97,0.0,0,0,5,2016,1
HOUSEHOLD_1_110,HOUSEHOLD_1,HOUSEHOLD,CA_3,2016-05-03,15,19.0,19.0,14.0,16.142857,18.107143,3.97,0.0,0,1,5,2016,1
HOUSEHOLD_1_110,HOUSEHOLD_1,HOUSEHOLD,CA_3,2016-05-04,14,15.0,13.0,21.0,15.571428,18.142857,3.97,0.0,0,2,5,2016,1
HOUSEHOLD_1_110,HOUSEHOLD_1,HOUSEHOLD,CA_3,2016-05-05,19,14.0,11.0,9.0,15.714286,17.892857,3.97,0.0,0,3,5,2016,1
HOUSEHOLD_1_110,HOUSEHOLD_1,HOUSEHOLD,CA_3,2016-05-06,25,19.0,6.0,15.0,16.857143,18.25,3.97,0.0,0,4,5,2016,1
HOUSEHOLD_1_110,HOUSEHOLD_1,HOUSEHOLD,CA_3,2016-05-07,23,25.0,21.0,29.0,19.571428,18.607143,3.97,0.0,1,5,5,2016,1
HOUSEHOLD_1_110,HOUSEHOLD_1,HOUSEHOLD,CA_3,2016-05-08,19,23.0,24.0,39.0,19.857143,18.392857,3.97,0.0,1,6,5,2016,1
HOUSEHOLD_1_110,HOUSEHOLD_1,HOUSEHOLD,CA_3,2016-05-09,19,19.0,19.0,29.0,19.142857,17.678572,3.97,0.0,0,0,5,2016,1
HOUSEHOLD_1_110,HOUSEHOLD_1,HOUSEHOLD,CA_3,2016-05-10,18,19.0,15.0,17.0,19.142857,17.321428,3.97,0.0,0,1,5,2016,1
HOUSEHOLD_1_110,HOUSEHOLD_1,HOUSEHOLD,CA_3,2016-05-11,23,18.0,14.0,14.0,19.571428,17.357143,3.97,0.0,0,2,5,2016,0
HOUSEHOLD_1_110,HOUSEHOLD_1,HOUSEHOLD,CA_3,2016-05-12,11,23.0,19.0,22.0,20.857143,17.678572,3.97,0.0,0,3,5,2016,0
HOUSEHOLD_1_110,HOUSEHOLD_1,HOUSEHOLD,CA_3,2016-05-13,15,11.0,25.0,14.0,19.714285,17.285715,3.97,0.0,0,4,5,2016,0
HOUSEHOLD_1_110,HOUSEHOLD_1,HOUSEHOLD,CA_3,2016-05-14,26,15.0,23.0,17.0,18.285715,17.321428,3.97,0.0,1,5,5,2016,0
HOUSEHOLD_1_110,HOUSEHOLD_1,HOUSEHOLD,CA_3,2016-05-15,23,26.0,19.0,17.0,18.714285,17.642857,3.97,0.0,1,6,5,2016,0
HOUSEHOLD_1_110,HOUSEHOLD_1,HOUSEHOLD,CA_3,2016-05-16,14,23.0,19.0,20.0,19.285715,17.857143,3.97,0.0,0,0,5,2016,0
HOUSEHOLD_1_110,HOUSEHOLD_1,HOUSEHOLD,CA_3,2016-05-17,18,14.0,18.0,18.0,18.571428,17.642857,3.97,0.0,0,1,5,2016,0
HOUSEHOLD_1_110,HOUSEHOLD_1,HOUSEHOLD,CA_3,2016-05-18,29,18.0,23.0,11.0,18.571428,17.642857,3.97,0.0,0,2,5,2016,0
HOUSEHOLD_1_110,HOUSEHOLD_1,HOUSEHOLD,CA_3,2016-05-19,15,29.0,11.0,12.0,19.428572,18.285715,3.97,0.0,0,3,5,2016,0
HOUSEHOLD_1_110,HOUSEHOLD_1,HOUSEHOLD,CA_3,2016-05-20,9,15.0,15.0,16.0,20.0,18.392857,3.97,0.0,0,4,5,2016,0
HOUSEHOLD_1_110,HOUSEHOLD_1,HOUSEHOLD,CA_3,2016-05-21,26,9.0,26.0,22.0,19.142857,18.142857,3.97,0.0,1,5,5,2016,0
HOUSEHOLD_1_110,HOUSEHOLD_1,HOUSEHOLD,CA_3,2016-05-22,26,26.0,23.0,17.0,19.142857,18.285715,3.97,0.0,1,6,5,2016,0
HOUSEHOLD_1_110,HOUSEHOLD_1,HOUSEHOLD,CA_4,2016-04-25,5,8.0,7.0,8.0,6.0,5.464286,3.97,0.0,0,0,4,2016,0
HOUSEHOLD_1_110,HOUSEHOLD_1,HOUSEHOLD,CA_4,2016-04-26,3,5.0,8.0,2.0,5.714286,5.357143,3.97,0.0,0,1,4,2016,0
HOUSEHOLD_1_110,HOUSEHOLD_1,HOUSEHOLD,CA_4,2016-04-27,3,3.0,2.0,8.0,5.0,5.392857,3.97,0.0,0,2,4,2016,0
HOUSEHOLD_1_110,HOUSEHOLD_1,HOUSEHOLD,CA_4,2016-04-28,7,3.0,5.0,9.0,5.142857,5.214286,3.97,0.0,0,3,4,2016,0
HOUSEHOLD_1_110,HOUSEHOLD_1,HOUSEHOLD,CA_4,2016-04-29,6,7.0,7.0,4.0,5.428571,5.142857,3.97,0.0,0,4,4,2016,0
HOUSEHOLD_1_110,HOUSEHOLD_1,HOUSEHOLD,CA_4,2016-04-30,7,6.0,5.0,7.0,5.285714,5.214286,3.97,0.0,1,5,4,2016,0
HOUSEHOLD_1_110,HOUSEHOLD_1,HOUSEHOLD,CA_4,2016-05-01,10,7.0,8.0,5.0,5.571429,5.214286,3.97,0.0,1,6,5,2016,1
HOUSEHOLD_1_110,HOUSEHOLD_1,HOUSEHOLD,CA_4,2016-05-02,8,10.0,5.0,5.0,5.857143,5.392857,3.97,0.0,0,0,5,2016,1
HOUSEHOLD_1_110,HOUSEHOLD_1,HOUSEHOLD,CA_4,2016-05-03,7,8.0,3.0,5.0,6.285714,5.5,3.97,0.0,0,1,5,2016,1
HOUSEHOLD_1_110,HOUSEHOLD_1,HOUSEHOLD,CA_4,2016-05-04,4,7.0,3.0,10.0,6.857143,5.571429,3.97,0.0,0,2,5,2016,1
HOUSEHOLD_1_110,HOUSEHOLD_1,HOUSEHOLD,CA_4,2016-05-05,2,4.0,7.0,5.0,7.0,5.357143,3.97,0.0,0,3,5,2016,1
HOUSEHOLD_1_110,HOUSEHOLD_1,HOUSEHOLD,CA_4,2016-05-06,5,2.0,6.0,6.0,6.285714,5.25,3.97,0.0,0,4,5,2016,1
HOUSEHOLD_1_110,HOUSEHOLD_1,HOUSEHOLD,CA_4,2016-05-07,4,5.0,7.0,5.0,6.142857,5.214286,3.97,0.0,1,5,5,2016,1
HOUSEHOLD_1_110,HOUSEHOLD_1,HOUSEHOLD,CA_4,2016-05-08,4,4.0,10.0,3.0,5.714286,5.178571,3.97,0.0,1,6,5,2016,1
HOUSEHOLD_1_110,HOUSEHOLD_1,HOUSEHOLD,CA_4,2016-05-09,2,4.0,8.0,3.0,4.857143,5.214286,3.97,0.0,0,0,5,2016,1
HOUSEHOLD_1_110,HOUSEHOLD_1,HOUSEHOLD,CA_4,2016-05-10,5,2.0,7.0,2.0,4.0,5.178571,3.97,0.0,0,1,5,2016,1
HOUSEHOLD_1_110,HOUSEHOLD_1,HOUSEHOLD,CA_4,2016-05-11,9,5.0,4.0,5.0,3.7142856,5.285714,3.97,0.0,0,2,5,2016,0
HOUSEHOLD_1_110,HOUSEHOLD_1,HOUSEHOLD,CA_4,2016-05-12,4,9.0,2.0,4.0,4.428571,5.428571,3.97,0.0,0,3,5,2016,0
HOUSEHOLD_1_110,HOUSEHOLD_1,HOUSEHOLD,CA_4,2016-05-13,1,4.0,5.0,5.0,4.714286,5.428571,3.97,0.0,0,4,5,2016,0
HOUSEHOLD_1_110,HOUSEHOLD_1,HOUSEHOLD,CA_4,2016-05-14,4,1.0,4.0,6.0,4.142857,5.285714,3.97,0.0,1,5,5,2016,0
HOUSEHOLD_1_110,HOUSEHOLD_1,HOUSEHOLD,CA_4,2016-05-15,6,4.0,4.0,4.0,4.142857,5.214286,3.97,0.0,1,6,5,2016,0
HOUSEHOLD_1_110,HOUSEHOLD_1,HOUSEHOLD,CA_4,2016-05-16,12,6.0,2.0,7.0,4.428571,5.285714,3.97,0.0,0,0,5,2016,0
HOUSEHOLD_1_110,HOUSEHOLD_1,HOUSEHOLD,CA_4,2016-05-17,3,12.0,5.0,8.0,5.857143,5.464286,3.97,0.0,0,1,5,2016,0
HOUSEHOLD_1_110,HOUSEHOLD_1,HOUSEHOLD,CA_4,2016-05-18,8,3.0,9.0,2.0,5.571429,5.285714,3.97,0.0,0,2,5,2016,0
HOUSEHOLD_1_110,HOUSEHOLD_1,HOUSEHOLD,CA_4,2016-05-19,9,8.0,4.0,5.0,5.428571,5.5,3.97,0.0,0,3,5,2016,0
HOUSEHOLD_1_110,HOUSEHOLD_1,HOUSEHOLD,CA_4,2016-05-20,4,9.0,1.0,7.0,6.142857,5.642857,3.97,0.0,0,4,5,2016,0
HOUSEHOLD_1_110,HOUSEHOLD_1,HOUSEHOLD,CA_4,2016-05-21,4,4.0,4.0,5.0,6.571429,5.535714,3.97,0.0,1,5,5,2016,0
HOUSEHOLD_1_110,HOUSEHOLD_1,HOUSEHOLD,CA_4,2016-05-22,10,4.0,6.0,8.0,6.571429,5.5,3.97,0.0,1,6,5,2016,0
HOUSEHOLD_1_118,HOUSEHOLD_1,HOUSEHOLD,CA_1,2016-04-25,5,9.0,11.0,5.0,8.571428,8.964286,0.97,0.0,0,0,4,2016,0
HOUSEHOLD_1_118,HOUSEHOLD_1,HOUSEHOLD,CA_1,2016-04-26,20,5.0,7.0,6.0,7.714286,8.964286,0.97,0.0,0,1,4,2016,0
HOUSEHOLD_1_118,HOUSEHOLD_1,HOUSEHOLD,CA_1,2016-04-27,1,20.0,15.0,0.0,9.571428,9.464286,0.97,0.0,0,2,4,2016,0
HOUSEHOLD_1_118,HOUSEHOLD_1,HOUSEHOLD,CA_1,2016-04-28,5,1.0,7.0,8.0,7.571429,9.5,0.97,0.0,0,3,4,2016,0
HOUSEHOLD_1_118,HOUSEHOLD_1,HOUSEHOLD,CA_1,2016-04-29,14,5.0,1.0,6.0,7.285714,9.392858,0.97,0.0,0,4,4,2016,0
HOUSEHOLD_1_118,HOUSEHOLD_1,HOUSEHOLD,CA_1,2016-04-30,14,14.0,10.0,7.0,9.142858,9.678572,0.97,0.0,1,5,4,2016,0
HOUSEHOLD_1_118,HOUSEHOLD_1,HOUSEHOLD,CA_1,2016-05-01,13,14.0,9.0,20.0,9.714286,9.928572,0.97,0.0,1,6,5,2016,1
HOUSEHOLD_1_118,HOUSEHOLD_1,HOUSEHOLD,CA_1,2016-05-02,7,13.0,5.0,11.0,10.285714,9.678572,0.97,0.0,0,0,5,2016,1
HOUSEHOLD_1_118,HOUSEHOLD_1,HOUSEHOLD,CA_1,2016-05-03,6,7.0,20.0,8.0,10.571428,9.535714,0.97,0.0,0,1,5,2016,1
HOUSEHOLD_1_118,HOUSEHOLD_1,HOUSEHOLD,CA_1,2016-05-04,5,6.0,1.0,19.0,8.571428,9.464286,0.97,0.0,0,2,5,2016,1
HOUSEHOLD_1_118,HOUSEHOLD_1,HOUSEHOLD,CA_1,2016-05-05,1,5.0,5.0,3.0,9.142858,8.964286,0.97,0.0,0,3,5,2016,1
HOUSEHOLD_1_118,HOUSEHOLD_1,HOUSEHOLD,CA_1,2016-05-06,8,1.0,14.0,5.0,8.571428,8.892858,0.97,0.0,0,4,5,2016,1
HOUSEHOLD_1_118,HOUSEHOLD_1,HOUSEHOLD,CA_1,2016-05-07,10,8.0,14.0,9.0,7.714286,9.0,0.97,0.0,1,5,5,2016,1
HOUSEHOLD_1_118,HOUSEHOLD_1,HOUSEHOLD,CA_1,2016-05-08,3,10.0,13.0,28.0,7.142857,9.035714,0.97,0.0,1,6,5,2016,1
HOUSEHOLD_1_118,HOUSEHOLD_1,HOUSEHOLD,CA_1,2016-05-09,7,3.0,7.0,7.0,5.714286,8.142858,0.97,0.0,0,0,5,2016,1
HOUSEHOLD_1_118,HOUSEHOLD_1,HOUSEHOLD,CA_1,2016-05-10,2,7.0,6.0,3.0,5.714286,8.142858,0.97,0.0,0,1,5,2016,1
HOUSEHOLD_1_118,HOUSEHOLD_1,HOUSEHOLD,CA_1,2016-05-11,9,2.0,5.0,4.0,5.142857,8.107142,0.97,0.0,0,2,5,2016,0
HOUSEHOLD_1_118,HOUSEHOLD_1,HOUSEHOLD,CA_1,2016-05-12,3,9.0,1.0,9.0,5.714286,8.285714,0.97,0.0,0,3,5,2016,0
HOUSEHOLD_1_118,HOUSEHOLD_1,HOUSEHOLD,CA_1,2016-05-13,2,3.0,8.0,4.0,6.0,8.071428,0.97,0.0,0,4,5,2016,0
HOUSEHOLD_1_118,HOUSEHOLD_1,HOUSEHOLD,CA_1,2016-05-14,19,2.0,10.0,8.0,5.142857,8.0,0.97,0.0,1,5,5,2016,0
HOUSEHOLD_1_118,HOUSEHOLD_1,HOUSEHOLD,CA_1,2016-05-15,17,19.0,3.0,21.0,6.428571,8.392858,0.97,0.0,1,6,5,2016,0
HOUSEHOLD_1_118,HOUSEHOLD_1,HOUSEHOLD,CA_1,2016-05-16,12,17.0,7.0,11.0,8.428572,8.25,0.97,0.0,0,0,5,2016,0
HOUSEHOLD_1_118,HOUSEHOLD_1,HOUSEHOLD,CA_1,2016-05-17,8,12.0,2.0,7.0,9.142858,8.285714,0.97,0.0,0,1,5,2016,0
HOUSEHOLD_1_118,HOUSEHOLD_1,HOUSEHOLD,CA_1,2016-05-18,3,8.0,9.0,15.0,10.0,8.321428,0.97,0.0,0,2,5,2016,0
HOUSEHOLD_1_118,HOUSEHOLD_1,HOUSEHOLD,CA_1,2016-05-19,10,3.0,3.0,7.0,9.142858,7.892857,0.97,0.0,0,3,5,2016,0
HOUSEHOLD_1_118,HOUSEHOLD_1,HOUSEHOLD,CA_1,2016-05-20,6,10.0,2.0,1.0,10.142858,8.0,0.97,0.0,0,4,5,2016,0
HOUSEHOLD_1_118,HOUSEHOLD_1,HOUSEHOLD,CA_1,2016-05-21,12,6.0,19.0,10.0,10.714286,8.178572,0.97,0.0,1,5,5,2016,0
HOUSEHOLD_1_118,HOUSEHOLD_1,HOUSEHOLD,CA_1,2016-05-22,16,12.0,17.0,9.0,9.714286,8.25,0.97,0.0,1,6,5,2016,0
HOUSEHOLD_1_118,HOUSEHOLD_1,HOUSEHOLD,CA_2,2016-04-25,23,6.0,5.0,2.0,4.428571,4.428571,0.97,0.0,0,0,4,2016,0
HOUSEHOLD_1_118,HOUSEHOLD_1,HOUSEHOLD,CA_2,2016-04-26,4,23.0,2.0,5.0,7.0,5.178571,0.97,0.0,0,1,4,2016,0
HOUSEHOLD_1_118,HOUSEHOLD_1,HOUSEHOLD,CA_2,2016-04-27,3,4.0,6.0,5.0,7.285714,5.142857,0.97,0.0,0,2,4,2016,0
HOUSEHOLD_1_118,HOUSEHOLD_1,HOUSEHOLD,CA_2,2016-04-28,11,3.0,4.0,5.0,6.857143,5.071429,0.97,0.0,0,3,4,2016,0
HOUSEHOLD_1_118,HOUSEHOLD_1,HOUSEHOLD,CA_2,2016-04-29,4,11.0,2.0,0.0,7.857143,5.285714,0.97,0.0,0,4,4,2016,0
HOUSEHOLD_1_118,HOUSEHOLD_1,HOUSEHOLD,CA_2,2016-04-30,7,4.0,6.0,1.0,8.142858,5.428571,0.97,0.0,1,5,4,2016,0
HOUSEHOLD_1_118,HOUSEHOLD_1,HOUSEHOLD,CA_2,2016-05-01,2,7.0,6.0,8.0,8.285714,5.642857,0.97,0.0,1,6,5,2016,1
HOUSEHOLD_1_118,HOUSEHOLD_1,HOUSEHOLD,CA_2,2016-05-02,1,2.0,23.0,6.0,7.714286,5.428571,0.97,0.0,0,0,5,2016,1
HOUSEHOLD_1_118,HOUSEHOLD_1,HOUSEHOLD,CA_2,2016-05-03,0,1.0,4.0,1.0,4.571429,5.25,0.97,0.0,0,1,5,2016,1
HOUSEHOLD_1_118,HOUSEHOLD_1,HOUSEHOLD,CA_2,2016-05-04,7,0.0,3.0,5.0,4.0,5.214286,0.97,0.0,0,2,5,2016,1
HOUSEHOLD_1_118,HOUSEHOLD_1,HOUSEHOLD,CA_2,2016-05-05,3,7.0,11.0,1.0,4.571429,5.285714,0.97,0.0,0,3,5,2016,1
HOUSEHOLD_1_118,HOUSEHOLD_1,HOUSEHOLD,CA_2,2016-05-06,2,3.0,4.0,3.0,3.4285715,5.357143,0.97,0.0,0,4,5,2016,1
HOUSEHOLD_1_118,HOUSEHOLD_1,HOUSEHOLD,CA_2,2016-05-07,11,2.0,7.0,6.0,3.142857,5.321429,0.97,0.0,1,5,5,2016,1
HOUSEHOLD_1_118,HOUSEHOLD_1,HOUSEHOLD,CA_2,2016-05-08,5,11.0,2.0,8.0,3.7142856,5.5,0.97,0.0,1,6,5,2016,1
HOUSEHOLD_1_118,HOUSEHOLD_1,HOUSEHOLD,CA_2,2016-05-09,9,5.0,1.0,5.0,4.142857,5.392857,0.97,0.0,0,0,5,2016,1
HOUSEHOLD_1_118,HOUSEHOLD_1,HOUSEHOLD,CA_2,2016-05-10,4,9.0,0.0,1.0,5.285714,5.535714,0.97,0.0,0,1,5,2016,1
HOUSEHOLD_1_118,HOUSEHOLD_1,HOUSEHOLD,CA_2,2016-05-11,3,4.0,7.0,5.0,5.857143,5.642857,0.97,0.0,0,2,5,2016,0
HOUSEHOLD_1_118,HOUSEHOLD_1,HOUSEHOLD,CA_2,2016-05-12,3,3.0,3.0,10.0,5.285714,5.571429,0.97,0.0,0,3,5,2016,0
HOUSEHOLD_1_118,HOUSEHOLD_1,HOUSEHOLD,CA_2,2016-05-13,1,3.0,2.0,4.0,5.285714,5.321429,0.97,0.0,0,4,5,2016,0
HOUSEHOLD_1_118,HOUSEHOLD_1,HOUSEHOLD,CA_2,2016-05-14,5,1.0,11.0,7.0,5.142857,5.214286,0.97,0.0,1,5,5,2016,0
HOUSEHOLD_1_118,HOUSEHOLD_1,HOUSEHOLD,CA_2,2016-05-15,5,5.0,5.0,5.0,4.285714,5.142857,0.97,0.0,1,6,5,2016,0
HOUSEHOLD_1_118,HOUSEHOLD_1,HOUSEHOLD,CA_2,2016-05-16,7,5.0,9.0,5.0,4.285714,5.142857,0.97,0.0,0,0,5,2016,0
HOUSEHOLD_1_118,HOUSEHOLD_1,HOUSEHOLD,CA_2,2016-05-17,3,7.0,4.0,2.0,4.0,5.214286,0.97,0.0,0,1,5,2016,0
HOUSEHOLD_1_118,HOUSEHOLD_1,HOUSEHOLD,CA_2,2016-05-18,2,3.0,3.0,6.0,3.857143,5.25,0.97,0.0,0,2,5,2016,0
HOUSEHOLD_1_118,HOUSEHOLD_1,HOUSEHOLD,CA_2,2016-05-19,4,2.0,3.0,4.0,3.7142856,5.107143,0.97,0.0,0,3,5,2016,0
HOUSEHOLD_1_118,HOUSEHOLD_1,HOUSEHOLD,CA_2,2016-05-20,1,4.0,1.0,2.0,3.857143,5.107143,0.97,0.0,0,4,5,2016,0
HOUSEHOLD_1_118,HOUSEHOLD_1,HOUSEHOLD,CA_2,2016-05-21,22,1.0,5.0,6.0,3.857143,5.071429,0.97,0.0,1,5,5,2016,0
HOUSEHOLD_1_118,HOUSEHOLD_1,HOUSEHOLD,CA_2,2016-05-22,6,22.0,5.0,6.0,6.285714,5.642857,0.97,0.0,1,6,5,2016,0
HOUSEHOLD_1_118,HOUSEHOLD_1,HOUSEHOLD,CA_3,2016-04-25,24,31.0,13.0,16.0,25.142857,23.25,0.97,0.0,0,0,4,2016,0
HOUSEHOLD_1_118,HOUSEHOLD_1,HOUSEHOLD,CA_3,2016-04-26,13,24.0,22.0,14.0,26.714285,23.535715,0.97,0.0,0,1,4,2016,0
HOUSEHOLD_1_118,HOUSEHOLD_1,HOUSEHOLD,CA_3,2016-04-27,21,13.0,19.0,39.0,25.428572,23.5,0.97,0.0,0,2,4,2016,0
HOUSEHOLD_1_118,HOUSEHOLD_1,HOUSEHOLD,CA_3,2016-04-28,8,21.0,52.0,17.0,25.714285,22.857143,0.97,0.0,0,3,4,2016,0
HOUSEHOLD_1_118,HOUSEHOLD_1,HOUSEHOLD,CA_3,2016-04-29,19,8.0,14.0,19.0,19.428572,22.535715,0.97,0.0,0,4,4,2016,0
HOUSEHOLD_1_118,HOUSEHOLD_1,HOUSEHOLD,CA_3,2016-04-30,24,19.0,25.0,27.0,20.142857,22.535715,0.97,0.0,1,5,4,2016,0
HOUSEHOLD_1_118,HOUSEHOLD_1,HOUSEHOLD,CA_3,2016-05-01,34,24.0,31.0,30.0,20.0,22.428572,0.97,0.0,1,6,5,2016,1
HOUSEHOLD_1_118,HOUSEHOLD_1,HOUSEHOLD,CA_3,2016-05-02,32,34.0,24.0,35.0,20.428572,22.571428,0.97,0.0,0,0,5,2016,1
HOUSEHOLD_1_118,HOUSEHOLD_1,HOUSEHOLD,CA_3,2016-05-03,20,32.0,13.0,25.0,21.571428,22.464285,0.97,0.0,0,1,5,2016,1
HOUSEHOLD_1_118,HOUSEHOLD_1,HOUSEHOLD,CA_3,2016-05-04,13,20.0,21.0,21.0,22.571428,22.285715,0.97,0.0,0,2,5,2016,1
HOUSEHOLD_1_118,HOUSEHOLD_1,HOUSEHOLD,CA_3,2016-05-05,16,13.0,8.0,41.0,21.428572,22.0,0.97,0.0,0,3,5,2016,1
HOUSEHOLD_1_118,HOUSEHOLD_1,HOUSEHOLD,CA_3,2016-05-06,16,16.0,19.0,8.0,22.571428,21.107143,0.97,0.0,0,4,5,2016,1
HOUSEHOLD_1_118,HOUSEHOLD_1,HOUSEHOLD,CA_3,2016-05-07,13,16.0,24.0,24.0,22.142857,21.392857,0.97,0.0,1,5,5,2016,1
HOUSEHOLD_1_118,HOUSEHOLD_1,HOUSEHOLD,CA_3,2016-05-08,36,13.0,34.0,24.0,20.571428,21.0,0.97,0.0,1,6,5,2016,1
HOUSEHOLD_1_118,HOUSEHOLD_1,HOUSEHOLD,CA_3,2016-05-09,27,36.0,32.0,16.0,20.857143,21.428572,0.97,0.0,0,0,5,2016,1
HOUSEHOLD_1_118,HOUSEHOLD_1,HOUSEHOLD,CA_3,2016-05-10,23,27.0,20.0,20.0,20.142857,21.821428,0.97,0.0,0,1,5,2016,1
HOUSEHOLD_1_118,HOUSEHOLD_1,HOUSEHOLD,CA_3,2016-05-11,27,23.0,13.0,9.0,20.571428,21.928572,0.97,0.0,0,2,5,2016,0
HOUSEHOLD_1_118,HOUSEHOLD_1,HOUSEHOLD,CA_3,2016-05-12,16,27.0,16.0,11.0,22.571428,22.571428,0.97,0.0,0,3,5,2016,0
HOUSEHOLD_1_118,HOUSEHOLD_1,HOUSEHOLD,CA_3,2016-05-13,20,16.0,16.0,21.0,22.571428,22.75,0.97,0.0,0,4,5,2016,0
HOUSEHOLD_1_118,HOUSEHOLD_1,HOUSEHOLD,CA_3,2016-05-14,25,20.0,13.0,20.0,23.142857,22.714285,0.97,0.0,1,5,5,2016,0
HOUSEHOLD_1_118,HOUSEHOLD_1,HOUSEHOLD,CA_3,2016-05-15,39,25.0,36.0,38.0,24.857143,22.892857,0.97,0.0,1,6,5,2016,0
HOUSEHOLD_1_118,HOUSEHOLD_1,HOUSEHOLD,CA_3,2016-05-16,45,39.0,27.0,13.0,25.285715,22.928572,0.97,0.0,0,0,5,2016,0
HOUSEHOLD_1_118,HOUSEHOLD_1,HOUSEHOLD,CA_3,2016-05-17,18,45.0,23.0,22.0,27.857143,24.071428,0.97,0.0,0,1,5,2016,0
HOUSEHOLD_1_118,HOUSEHOLD_1,HOUSEHOLD,CA_3,2016-05-18,26,18.0,27.0,19.0,27.142857,23.928572,0.97,0.0,0,2,5,2016,0
HOUSEHOLD_1_118,HOUSEHOLD_1,HOUSEHOLD,CA_3,2016-05-19,30,26.0,16.0,52.0,27.0,24.178572,0.97,0.0,0,3,5,2016,0
HOUSEHOLD_1_118,HOUSEHOLD_1,HOUSEHOLD,CA_3,2016-05-20,25,30.0,20.0,14.0,29.0,23.392857,0.97,0.0,0,4,5,2016,0
HOUSEHOLD_1_118,HOUSEHOLD_1,HOUSEHOLD,CA_3,2016-05-21,29,25.0,25.0,25.0,29.714285,23.785715,0.97,0.0,1,5,5,2016,0
HOUSEHOLD_1_118,HOUSEHOLD_1,HOUSEHOLD,CA_3,2016-05-22,28,29.0,39.0,31.0,30.285715,23.928572,0.97,0.0,1,6,5,2016,0
HOUSEHOLD_1_118,HOUSEHOLD_1,HOUSEHOLD,CA_4,2016-04-25,0,5.0,1.0,0.0,1.8571428,2.6785715,0.97,0.0,0,0,4,2016,0
HOUSEHOLD_1_118,HOUSEHOLD_1,HOUSEHOLD,CA_4,2016-04-26,7,0.0,0.0,3.0,1.7142857,2.6785715,0.97,0.0,0,1,4,2016,0
HOUSEHOLD_1_118,HOUSEHOLD_1,HOUSEHOLD,CA_4,2016-04-27,3,7.0,3.0,11.0,2.7142856,2.8214285,0.97,0.0,0,2,4,2016,0
HOUSEHOLD_1_118,HOUSEHOLD_1,HOUSEHOLD,CA_4,2016-04-28,1,3.0,1.0,2.0,2.7142856,2.5357144,0.97,0.0,0,3,4,2016,0
HOUSEHOLD_1_118,HOUSEHOLD_1,HOUSEHOLD,CA_4,2016-04-29,1,1.0,1.0,3.0,2.7142856,2.5,0.97,0.0,0,4,4,2016,0
HOUSEHOLD_1_118,HOUSEHOLD_1,HOUSEHOLD,CA_4,2016-04-30,0,1.0,2.0,0.0,2.7142856,2.4285715,0.97,0.0,1,5,4,2016,0
HOUSEHOLD_1_118,HOUSEHOLD_1,HOUSEHOLD,CA_4,2016-05-01,5,0.0,5.0,3.0,2.4285715,2.4285715,0.97,0.0,1,6,5,2016,1
HOUSEHOLD_1_118,HOUSEHOLD_1,HOUSEHOLD,CA_4,2016-05-02,4,5.0,0.0,13.0,2.4285715,2.5,0.97,0.0,0,0,5,2016,1
HOUSEHOLD_1_118,HOUSEHOLD_1,HOUSEHOLD,CA_4,2016-05-03,1,4.0,7.0,2.0,3.0,2.1785715,0.97,0.0,0,1,5,2016,1
HOUSEHOLD_1_118,HOUSEHOLD_1,HOUSEHOLD,CA_4,2016-05-04,3,1.0,3.0,0.0,2.142857,2.142857,0.97,0.0,0,2,5,2016,1
HOUSEHOLD_1_118,HOUSEHOLD_1,HOUSEHOLD,CA_4,2016-05-05,3,3.0,1.0,1.0,2.142857,2.25,0.97,0.0,0,3,5,2016,1
HOUSEHOLD_1_118,HOUSEHOLD_1,HOUSEHOLD,CA_4,2016-05-06,1,3.0,1.0,1.0,2.4285715,2.3214285,0.97,0.0,0,4,5,2016,1
HOUSEHOLD_1_118,HOUSEHOLD_1,HOUSEHOLD,CA_4,2016-05-07,0,1.0,0.0,1.0,2.4285715,2.3214285,0.97,0.0,1,5,5,2016,1
HOUSEHOLD_1_118,HOUSEHOLD_1,HOUSEHOLD,CA_4,2016-05-08,2,0.0,5.0,4.0,2.4285715,2.2857144,0.97,0.0,1,6,5,2016,1
HOUSEHOLD_1_118,HOUSEHOLD_1,HOUSEHOLD,CA_4,2016-05-09,5,2.0,4.0,4.0,2.0,2.2142856,0.97,0.0,0,0,5,2016,1
HOUSEHOLD_1_118,HOUSEHOLD_1,HOUSEHOLD,CA_4,2016-05-10,1,5.0,1.0,2.0,2.142857,2.25,0.97,0.0,0,1,5,2016,1
HOUSEHOLD_1_118,HOUSEHOLD_1,HOUSEHOLD,CA_4,2016-05-11,0,1.0,3.0,1.0,2.142857,2.2142856,0.97,0.0,0,2,5,2016,0
HOUSEHOLD_1_118,HOUSEHOLD_1,HOUSEHOLD,CA_4,2016-05-12,2,0.0,3.0,9.0,1.7142857,2.1785715,0.97,0.0,0,3,5,2016,0
HOUSEHOLD_1_118,HOUSEHOLD_1,HOUSEHOLD,CA_4,2016-05-13,0,2.0,1.0,0.0,1.5714285,1.9285715,0.97,0.0,0,4,5,2016,0
HOUSEHOLD_1_118,HOUSEHOLD_1,HOUSEHOLD,CA_4,2016-05-14,2,0.0,0.0,2.0,1.4285715,1.9285715,0.97,0.0,1,5,5,2016,0
HOUSEHOLD_1_118,HOUSEHOLD_1,HOUSEHOLD,CA_4,2016-05-15,0,2.0,2.0,0.0,1.7142857,1.9285715,0.97,0.0,1,6,5,2016,0
HOUSEHOLD_1_118,HOUSEHOLD_1,HOUSEHOLD,CA_4,2016-05-16,3,0.0,5.0,1.0,1.4285715,1.9285715,0.97,0.0,0,0,5,2016,0
HOUSEHOLD_1_118,HOUSEHOLD_1,HOUSEHOLD,CA_4,2016-05-17,2,3.0,1.0,0.0,1.1428572,2.0,0.97,0.0,0,1,5,2016,0
HOUSEHOLD_1_118,HOUSEHOLD_1,HOUSEHOLD,CA_4,2016-05-18,0,2.0,0.0,3.0,1.2857143,2.0714285,0.97,0.0,0,2,5,2016,0
HOUSEHOLD_1_118,HOUSEHOLD_1,HOUSEHOLD,CA_4,2016-05-19,0,0.0,2.0,1.0,1.2857143,1.9642857,0.97,0.0,0,3,5,2016,0
HOUSEHOLD_1_118,HOUSEHOLD_1,HOUSEHOLD,CA_4,2016-05-20,0,0.0,0.0,1.0,1.0,1.9285715,0.97,0.0,0,4,5,2016,0
HOUSEHOLD_1_118,HOUSEHOLD_1,HOUSEHOLD,CA_4,2016-05-21,3,0.0,2.0,2.0,1.0,1.8928572,0.97,0.0,1,5,5,2016,0
HOUSEHOLD_1_118,HOUSEHOLD_1,HOUSEHOLD,CA_4,2016-05-22,2,3.0,0.0,5.0,1.1428572,1.9285715,0.97,0.0,1,6,5,2016,0
HOUSEHOLD_1_191,HOUSEHOLD_1,HOUSEHOLD,CA_1,2016-04-25,10,17.0,7.0,15.0,7.714286,10.464286,2.96,0.0,0,0,4,2016,0
HOUSEHOLD_1_191,HOUSEHOLD_1,HOUSEHOLD,CA_1,2016-04-26,11,10.0,5.0,7.0,8.142858,10.285714,2.96,0.0,0,1,4,2016,0
HOUSEHOLD_1_191,HOUSEHOLD_1,HOUSEHOLD,CA_1,2016-04-27,11,11.0,9.0,7.0,9.0,10.428572,2.96,0.0,0,2,4,2016,0
HOUSEHOLD_1_191,HOUSEHOLD_1,HOUSEHOLD,CA_1,2016-04-28,11,11.0,7.0,5.0,9.285714,10.571428,2.96,0.0,0,3,4,2016,0
HOUSEHOLD_1_191,HOUSEHOLD_1,HOUSEHOLD,CA_1,2016-04-29,10,11.0,4.0,14.0,9.857142,10.785714,2.96,0.0,0,4,4,2016,0
HOUSEHOLD_1_191,HOUSEHOLD_1,HOUSEHOLD,CA_1,2016-04-30,12,10.0,5.0,20.0,10.714286,10.642858,2.96,0.0,1,5,4,2016,0
HOUSEHOLD_1_191,HOUSEHOLD_1,HOUSEHOLD,CA_1,2016-05-01,9,12.0,17.0,11.0,11.714286,10.357142,2.96,0.0,1,6,5,2016,1
HOUSEHOLD_1_191,HOUSEHOLD_1,HOUSEHOLD,CA_1,2016-05-02,4,9.0,10.0,17.0,10.571428,10.285714,2.96,0.0,0,0,5,2016,1
HOUSEHOLD_1_191,HOUSEHOLD_1,HOUSEHOLD,CA_1,2016-05-03,12,4.0,11.0,7.0,9.714286,9.821428,2.96,0.0,0,1,5,2016,1
HOUSEHOLD_1_191,HOUSEHOLD_1,HOUSEHOLD,CA_1,2016-05-04,12,12.0,11.0,2.0,9.857142,10.0,2.96,0.0,0,2,5,2016,1
HOUSEHOLD_1_191,HOUSEHOLD_1,HOUSEHOLD,CA_1,2016-05-05,11,12.0,11.0,6.0,10.0,10.357142,2.96,0.0,0,3,5,2016,1
HOUSEHOLD_1_191,HOUSEHOLD_1,HOUSEHOLD,CA_1,2016-05-06,9,11.0,10.0,17.0,10.0,10.535714,2.96,0.0,0,4,5,2016,1
HOUSEHOLD_1_191,HOUSEHOLD_1,HOUSEHOLD,CA_1,2016-05-07,13,9.0,12.0,20.0,9.857142,10.25,2.96,0.0,1,5,5,2016,1
HOUSEHOLD_1_191,HOUSEHOLD_1,HOUSEHOLD,CA_1,2016-05-08,2,13.0,9.0,23.0,10.0,10.0,2.96,0.0,1,6,5,2016,1
HOUSEHOLD_1_191,HOUSEHOLD_1,HOUSEHOLD,CA_1,2016-05-09,10,2.0,4.0,7.0,9.0,9.25,2.96,0.0,0,0,5,2016,1
HOUSEHOLD_1_191,HOUSEHOLD_1,HOUSEHOLD,CA_1,2016-05-10,2,10.0,12.0,2.0,9.857142,9.357142,2.96,0.0,0,1,5,2016,1
HOUSEHOLD_1_191,HOUSEHOLD_1,HOUSEHOLD,CA_1,2016-05-11,8,2.0,12.0,0.0,8.428572,9.357142,2.96,0.0,0,2,5,2016,0
HOUSEHOLD_1_191,HOUSEHOLD_1,HOUSEHOLD,CA_1,2016-05-12,6,8.0,11.0,8.0,7.857143,9.642858,2.96,0.0,0,3,5,2016,0
HOUSEHOLD_1_191,HOUSEHOLD_1,HOUSEHOLD,CA_1,2016-05-13,9,6.0,9.0,17.0,7.142857,9.571428,2.96,0.0,0,4,5,2016,0
HOUSEHOLD_1_191,HOUSEHOLD_1,HOUSEHOLD,CA_1,2016-05-14,16,9.0,13.0,21.0,7.142857,9.285714,2.96,0.0,1,5,5,2016,0
HOUSEHOLD_1_191,HOUSEHOLD_1,HOUSEHOLD,CA_1,2016-05-15,10,16.0,2.0,13.0,7.571429,9.107142,2.96,0.0,1,6,5,2016,0
HOUSEHOLD_1_191,HOUSEHOLD_1,HOUSEHOLD,CA_1,2016-05-16,12,10.0,10.0,7.0,8.714286,9.0,2.96,0.0,0,0,5,2016,0
HOUSEHOLD_1_191,HOUSEHOLD_1,HOUSEHOLD,CA_1,2016-05-17,10,12.0,2.0,5.0,9.0,9.178572,2.96,0.0,0,1,5,2016,0
HOUSEHOLD_1_191,HOUSEHOLD_1,HOUSEHOLD,CA_1,2016-05-18,4,10.0,8.0,9.0,10.142858,9.357142,2.96,0.0,0,2,5,2016,0
HOUSEHOLD_1_191,HOUSEHOLD_1,HOUSEHOLD,CA_1,2016-05-19,12,4.0,6.0,7.0,9.571428,9.178572,2.96,0.0,0,3,5,2016,0
HOUSEHOLD_1_191,HOUSEHOLD_1,HOUSEHOLD,CA_1,2016-05-20,5,12.0,9.0,4.0,10.428572,9.357142,2.96,0.0,0,4,5,2016,0
HOUSEHOLD_1_191,HOUSEHOLD_1,HOUSEHOLD,CA_1,2016-05-21,12,5.0,16.0,5.0,9.857142,9.392858,2.96,0.0,1,5,5,2016,0
HOUSEHOLD_1_191,HOUSEHOLD_1,HOUSEHOLD,CA_1,2016-05-22,18,12.0,10.0,17.0,9.285714,9.642858,2.96,0.0,1,6,5,2016,0
HOUSEHOLD_1_191,HOUSEHOLD_1,HOUSEHOLD,CA_2,2016-04-25,15,8.0,10.0,6.0,10.285714,10.821428,2.96,0.0,0,0,4,2016,0
HOUSEHOLD_1_191,HOUSEHOLD_1,HOUSEHOLD,CA_2,2016-04-26,8,15.0,4.0,5.0,11.0,11.142858,2.96,0.0,0,1,4,2016,0
HOUSEHOLD_1_191,HOUSEHOLD_1,HOUSEHOLD,CA_2,2016-04-27,11,8.0,7.0,7.0,11.571428,11.25,2.96,0.0,0,2,4,2016,0
HOUSEHOLD_1_191,HOUSEHOLD_1,HOUSEHOLD,CA_2,2016-04-28,16,11.0,17.0,13.0,12.142858,11.392858,2.96,0.0,0,3,4,2016,0
HOUSEHOLD_1_191,HOUSEHOLD_1,HOUSEHOLD,CA_2,2016-04-29,17,16.0,9.0,11.0,12.0,11.5,2.96,0.0,0,4,4,2016,0
HOUSEHOLD_1_191,HOUSEHOLD_1,HOUSEHOLD,CA_2,2016-04-30,23,17.0,17.0,9.0,13.142858,11.714286,2.96,0.0,1,5,4,2016,0
HOUSEHOLD_1_191,HOUSEHOLD_1,HOUSEHOLD,CA_2,2016-05-01,16,23.0,8.0,11.0,14.0,12.214286,2.96,0.0,1,6,5,2016,1
HOUSEHOLD_1_191,HOUSEHOLD_1,HOUSEHOLD,CA_2,2016-05-02,12,16.0,15.0,14.0,15.142858,12.392858,2.96,0.0,0,0,5,2016,1
HOUSEHOLD_1_191,HOUSEHOLD_1,HOUSEHOLD,CA_2,2016-05-03,12,12.0,8.0,6.0,14.714286,12.321428,2.96,0.0,0,1,5,2016,1
HOUSEHOLD_1_191,HOUSEHOLD_1,HOUSEHOLD,CA_2,2016-05-04,2,12.0,11.0,9.0,15.285714,12.535714,2.96,0.0,0,2,5,2016,1
HOUSEHOLD_1_191,HOUSEHOLD_1,HOUSEHOLD,CA_2,2016-05-05,0,2.0,16.0,13.0,14.0,12.285714,2.96,0.0,0,3,5,2016,1
HOUSEHOLD_1_191,HOUSEHOLD_1,HOUSEHOLD,CA_2,2016-05-06,11,0.0,17.0,14.0,11.714286,11.821428,2.96,0.0,0,4,5,2016,1
HOUSEHOLD_1_191,HOUSEHOLD_1,HOUSEHOLD,CA_2,2016-05-07,21,11.0,23.0,19.0,10.857142,11.714286,2.96,0.0,1,5,5,2016,1
HOUSEHOLD_1_191,HOUSEHOLD_1,HOUSEHOLD,CA_2,2016-05-08,15,21.0,16.0,11.0,10.571428,11.785714,2.96,0.0,1,6,5,2016,1
HOUSEHOLD_1_191,HOUSEHOLD_1,HOUSEHOLD,CA_2,2016-05-09,7,15.0,12.0,10.0,10.428572,11.928572,2.96,0.0,0,0,5,2016,1
HOUSEHOLD_1_191,HOUSEHOLD_1,HOUSEHOLD,CA_2,2016-05-10,8,7.0,12.0,5.0,9.714286,11.821428,2.96,0.0,0,1,5,2016,1
HOUSEHOLD_1_191,HOUSEHOLD_1,HOUSEHOLD,CA_2,2016-05-11,9,8.0,2.0,10.0,9.142858,11.928572,2.96,0.0,0,2,5,2016,0
HOUSEHOLD_1_191,HOUSEHOLD_1,HOUSEHOLD,CA_2,2016-05-12,11,9.0,0.0,6.0,10.142858,11.892858,2.96,0.0,0,3,5,2016,0
HOUSEHOLD_1_191,HOUSEHOLD_1,HOUSEHOLD,CA_2,2016-05-13,11,11.0,11.0,15.0,11.714286,12.071428,2.96,0.0,0,4,5,2016,0
HOUSEHOLD_1_191,HOUSEHOLD_1,HOUSEHOLD,CA_2,2016-05-14,21,11.0,21.0,21.0,11.714286,11.928572,2.96,0.0,1,5,5,2016,0
HOUSEHOLD_1_191,HOUSEHOLD_1,HOUSEHOLD,CA_2,2016-05-15,24,21.0,15.0,16.0,11.714286,11.928572,2.96,0.0,1,6,5,2016,0
HOUSEHOLD_1_191,HOUSEHOLD_1,HOUSEHOLD,CA_2,2016-05-16,5,24.0,7.0,10.0,13.0,12.214286,2.96,0.0,0,0,5,2016,0
HOUSEHOLD_1_191,HOUSEHOLD_1,HOUSEHOLD,CA_2,2016-05-17,4,5.0,8.0,4.0,12.714286,12.035714,2.96,0.0,0,1,5,2016,0
HOUSEHOLD_1_191,HOUSEHOLD_1,HOUSEHOLD,CA_2,2016-05-18,7,4.0,9.0,7.0,12.142858,12.035714,2.96,0.0,0,2,5,2016,0
HOUSEHOLD_1_191,HOUSEHOLD_1,HOUSEHOLD,CA_2,2016-05-19,6,7.0,11.0,17.0,11.857142,12.035714,2.96,0.0,0,3,5,2016,0
HOUSEHOLD_1_191,HOUSEHOLD_1,HOUSEHOLD,CA_2,2016-05-20,7,6.0,11.0,9.0,11.142858,11.642858,2.96,0.0,0,4,5,2016,0
HOUSEHOLD_1_191,HOUSEHOLD_1,HOUSEHOLD,CA_2,2016-05-21,7,7.0,21.0,17.0,10.571428,11.571428,2.96,0.0,1,5,5,2016,0
HOUSEHOLD_1_191,HOUSEHOLD_1,HOUSEHOLD,CA_2,2016-05-22,5,7.0,24.0,8.0,8.571428,11.214286,2.96,0.0,1,6,5,2016,0
HOUSEHOLD_1_191,HOUSEHOLD_1,HOUSEHOLD,CA_3,2016-04-25,8,15.0,5.0,5.0,9.714286,9.392858,2.96,0.0,0,0,4,2016,0
HOUSEHOLD_1_191,HOUSEHOLD_1,HOUSEHOLD,CA_3,2016-04-26,9,8.0,5.0,6.0,10.142858,9.5,2.96,0.0,0,1,4,2016,0
HOUSEHOLD_1_191,HOUSEHOLD_1,HOUSEHOLD,CA_3,2016-04-27,9,9.0,10.0,11.0,10.714286,9.607142,2.96,0.0,0,2,4,2016,0
HOUSEHOLD_1_191,HOUSEHOLD_1,HOUSEHOLD,CA_3,2016-04-28,6,9.0,9.0,4.0,10.571428,9.535714,2.96,0.0,0,3,4,2016,0
HOUSEHOLD_1_191,HOUSEHOLD_1,HOUSEHOLD,CA_3,2016-04-29,10,6.0,9.0,8.0,10.142858,9.607142,2.96,0.0,0,4,4,2016,0
HOUSEHOLD_1_191,HOUSEHOLD_1,HOUSEHOLD,CA_3,2016-04-30,7,10.0,15.0,8.0,10.285714,9.678572,2.96,0.0,1,5,4,2016,0
HOUSEHOLD_1_191,HOUSEHOLD_1,HOUSEHOLD,CA_3,2016-05-01,3,7.0,15.0,21.0,9.142858,9.642858,2.96,0.0,1,6,5,2016,1
HOUSEHOLD_1_191,HOUSEHOLD_1,HOUSEHOLD,CA_3,2016-05-02,25,3.0,8.0,4.0,7.428571,9.0,2.96,0.0,0,0,5,2016,1
HOUSEHOLD_1_191,HOUSEHOLD_1,HOUSEHOLD,CA_3,2016-05-03,13,25.0,9.0,16.0,9.857142,9.75,2.96,0.0,0,1,5,2016,1
HOUSEHOLD_1_191,HOUSEHOLD_1,HOUSEHOLD,CA_3,2016-05-04,21,13.0,9.0,7.0,10.428572,9.642858,2.96,0.0,0,2,5,2016,1
HOUSEHOLD_1_191,HOUSEHOLD_1,HOUSEHOLD,CA_3,2016-05-05,6,21.0,6.0,9.0,12.142858,10.142858,2.96,0.0,0,3,5,2016,1
HOUSEHOLD_1_191,HOUSEHOLD_1,HOUSEHOLD,CA_3,2016-05-06,8,6.0,10.0,10.0,12.142858,10.035714,2.96,0.0,0,4,5,2016,1
HOUSEHOLD_1_191,HOUSEHOLD_1,HOUSEHOLD,CA_3,2016-05-07,16,8.0,7.0,3.0,11.857142,9.964286,2.96,0.0,1,5,5,2016,1
HOUSEHOLD_1_191,HOUSEHOLD_1,HOUSEHOLD,CA_3,2016-05-08,21,16.0,3.0,20.0,13.142858,10.428572,2.96,0.0,1,6,5,2016,1
HOUSEHOLD_1_191,HOUSEHOLD_1,HOUSEHOLD,CA_3,2016-05-09,13,21.0,25.0,10.0,15.714286,10.464286,2.96,0.0,0,0,5,2016,1
HOUSEHOLD_1_191,HOUSEHOLD_1,HOUSEHOLD,CA_3,2016-05-10,2,13.0,13.0,6.0,14.0,10.571428,2.96,0.0,0,1,5,2016,1
HOUSEHOLD_1_191,HOUSEHOLD_1,HOUSEHOLD,CA_3,2016-05-11,6,2.0,21.0,14.0,12.428572,10.428572,2.96,0.0,0,2,5,2016,0
HOUSEHOLD_1_191,HOUSEHOLD_1,HOUSEHOLD,CA_3,2016-05-12,7,6.0,6.0,10.0,10.285714,10.142858,2.96,0.0,0,3,5,2016,0
HOUSEHOLD_1_191,HOUSEHOLD_1,HOUSEHOLD,CA_3,2016-05-13,16,7.0,8.0,8.0,10.428572,10.035714,2.96,0.0,0,4,5,2016,0
HOUSEHOLD_1_191,HOUSEHOLD_1,HOUSEHOLD,CA_3,2016-05-14,6,16.0,16.0,5.0,11.571428,10.321428,2.96,0.0,1,5,5,2016,0
HOUSEHOLD_1_191,HOUSEHOLD_1,HOUSEHOLD,CA_3,2016-05-15,0,6.0,21.0,10.0,10.142858,10.357142,2.96,0.0,1,6,5,2016,0
HOUSEHOLD_1_191,HOUSEHOLD_1,HOUSEHOLD,CA_3,2016-05-16,15,0.0,13.0,5.0,7.142857,10.0,2.96,0.0,0,0,5,2016,0
HOUSEHOLD_1_191,HOUSEHOLD_1,HOUSEHOLD,CA_3,2016-05-17,13,15.0,2.0,5.0,7.428571,10.357142,2.96,0.0,0,1,5,2016,0
HOUSEHOLD_1_191,HOUSEHOLD_1,HOUSEHOLD,CA_3,2016-05-18,4,13.0,6.0,10.0,9.0,10.642858,2.96,0.0,0,2,5,2016,0
HOUSEHOLD_1_191,HOUSEHOLD_1,HOUSEHOLD,CA_3,2016-05-19,5,4.0,7.0,9.0,8.714286,10.428572,2.96,0.0,0,3,5,2016,0
HOUSEHOLD_1_191,HOUSEHOLD_1,HOUSEHOLD,CA_3,2016-05-20,5,5.0,16.0,9.0,8.428572,10.285714,2.96,0.0,0,4,5,2016,0
HOUSEHOLD_1_191,HOUSEHOLD_1,HOUSEHOLD,CA_3,2016-05-21,16,5.0,6.0,15.0,6.857143,10.142858,2.96,0.0,1,5,5,2016,0
HOUSEHOLD_1_191,HOUSEHOLD_1,HOUSEHOLD,CA_3,2016-05-22,12,16.0,0.0,15.0,8.285714,10.178572,2.96,0.0,1,6,5,2016,0
HOUSEHOLD_1_191,HOUSEHOLD_1,HOUSEHOLD,CA_4,2016-04-25,8,5.0,2.0,5.0,4.285714,4.571429,2.96,0.0,0,0,4,2016,0
HOUSEHOLD_1_191,HOUSEHOLD_1,HOUSEHOLD,CA_4,2016-04-26,7,8.0,7.0,5.0,5.142857,4.678571,2.96,0.0,0,1,4,2016,0
HOUSEHOLD_1_191,HOUSEHOLD_1,HOUSEHOLD,CA_4,2016-04-27,2,7.0,4.0,6.0,5.142857,4.75,2.96,0.0,0,2,4,2016,0
HOUSEHOLD_1_191,HOUSEHOLD_1,HOUSEHOLD,CA_4,2016-04-28,4,2.0,4.0,6.0,4.857143,4.607143,2.96,0.0,0,3,4,2016,0
HOUSEHOLD_1_191,HOUSEHOLD_1,HOUSEHOLD,CA_4,2016-04-29,3,4.0,3.0,9.0,4.857143,4.535714,2.96,0.0,0,4,4,2016,0
HOUSEHOLD_1_191,HOUSEHOLD_1,HOUSEHOLD,CA_4,2016-04-30,0,3.0,5.0,2.0,4.857143,4.321429,2.96,0.0,1,5,4,2016,0
HOUSEHOLD_1_191,HOUSEHOLD_1,HOUSEHOLD,CA_4,2016-05-01,6,0.0,5.0,6.0,4.142857,4.25,2.96,0.0,1,6,5,2016,1
HOUSEHOLD_1_191,HOUSEHOLD_1,HOUSEHOLD,CA_4,2016-05-02,3,6.0,8.0,4.0,4.285714,4.25,2.96,0.0,0,0,5,2016,1
HOUSEHOLD_1_191,HOUSEHOLD_1,HOUSEHOLD,CA_4,2016-05-03,0,3.0,7.0,4.0,3.5714285,4.214286,2.96,0.0,0,1,5,2016,1
HOUSEHOLD_1_191,HOUSEHOLD_1,HOUSEHOLD,CA_4,2016-05-04,0,0.0,2.0,7.0,2.5714285,4.071429,2.96,0.0,0,2,5,2016,1
HOUSEHOLD_1_191,HOUSEHOLD_1,HOUSEHOLD,CA_4,2016-05-05,4,0.0,4.0,6.0,2.2857144,3.8214285,2.96,0.0,0,3,5,2016,1
HOUSEHOLD_1_191,HOUSEHOLD_1,HOUSEHOLD,CA_4,2016-05-06,3,4.0,3.0,7.0,2.2857144,3.75,2.96,0.0,0,4,5,2016,1
HOUSEHOLD_1_191,HOUSEHOLD_1,HOUSEHOLD,CA_4,2016-05-07,6,3.0,0.0,1.0,2.2857144,3.607143,2.96,0.0,1,5,5,2016,1
HOUSEHOLD_1_191,HOUSEHOLD_1,HOUSEHOLD,CA_4,2016-05-08,1,6.0,6.0,3.0,3.142857,3.7857144,2.96,0.0,1,6,5,2016,1
HOUSEHOLD_1_191,HOUSEHOLD_1,HOUSEHOLD,CA_4,2016-05-09,5,1.0,3.0,2.0,2.4285715,3.7142856,2.96,0.0,0,0,5,2016,1
HOUSEHOLD_1_191,HOUSEHOLD_1,HOUSEHOLD,CA_4,2016-05-10,7,5.0,0.0,1.0,2.7142856,3.8214285,2.96,0.0,0,1,5,2016,1
HOUSEHOLD_1_191,HOUSEHOLD_1,HOUSEHOLD,CA_4,2016-05-11,6,7.0,0.0,6.0,3.7142856,4.035714,2.96,0.0,0,2,5,2016,0
HOUSEHOLD_1_191,HOUSEHOLD_1,HOUSEHOLD,CA_4,2016-05-12,6,6.0,4.0,4.0,4.571429,4.035714,2.96,0.0,0,3,5,2016,0
HOUSEHOLD_1_191,HOUSEHOLD_1,HOUSEHOLD,CA_4,2016-05-13,4,6.0,3.0,8.0,4.857143,4.107143,2.96,0.0,0,4,5,2016,0
HOUSEHOLD_1_191,HOUSEHOLD_1,HOUSEHOLD,CA_4,2016-05-14,3,4.0,6.0,3.0,5.0,3.9642856,2.96,0.0,1,5,5,2016,0
HOUSEHOLD_1_191,HOUSEHOLD_1,HOUSEHOLD,CA_4,2016-05-15,2,3.0,1.0,3.0,4.571429,3.9642856,2.96,0.0,1,6,5,2016,0
HOUSEHOLD_1_191,HOUSEHOLD_1,HOUSEHOLD,CA_4,2016-05-16,4,2.0,5.0,2.0,4.714286,3.9285715,2.96,0.0,0,0,5,2016,0
HOUSEHOLD_1_191,HOUSEHOLD_1,HOUSEHOLD,CA_4,2016-05-17,5,4.0,7.0,7.0,4.571429,4.0,2.96,0.0,0,1,5,2016,0
HOUSEHOLD_1_191,HOUSEHOLD_1,HOUSEHOLD,CA_4,2016-05-18,4,5.0,6.0,4.0,4.285714,3.9285715,2.96,0.0,0,2,5,2016,0
HOUSEHOLD_1_191,HOUSEHOLD_1,HOUSEHOLD,CA_4,2016-05-19,1,4.0,6.0,4.0,4.0,3.9285715,2.96,0.0,0,3,5,2016,0
HOUSEHOLD_1_191,HOUSEHOLD_1,HOUSEHOLD,CA_4,2016-05-20,9,1.0,4.0,3.0,3.2857144,3.8214285,2.96,0.0,0,4,5,2016,0
HOUSEHOLD_1_191,HOUSEHOLD_1,HOUSEHOLD,CA_4,2016-05-21,2,9.0,3.0,5.0,4.0,4.035714,2.96,0.0,1,5,5,2016,0
HOUSEHOLD_1_191,HOUSEHOLD_1,HOUSEHOLD,CA_4,2016-05-22,0,2.0,2.0,5.0,3.857143,3.9285715,2.96,0.0,1,6,5,2016,0
HOUSEHOLD_1_272,HOUSEHOLD_1,HOUSEHOLD,CA_1,2016-04-25,4,4.0,7.0,0.0,3.5714285,6.142857,9.97,0.0,0,0,4,2016,0
HOUSEHOLD_1_272,HOUSEHOLD_1,HOUSEHOLD,CA_1,2016-04-26,6,4.0,1.0,0.0,3.142857,6.285714,9.97,0.0,0,1,4,2016,0
HOUSEHOLD_1_272,HOUSEHOLD_1,HOUSEHOLD,CA_1,2016-04-27,9,6.0,3.0,0.0,3.857143,6.5,9.97,0.0,0,2,4,2016,0
HOUSEHOLD_1_272,HOUSEHOLD_1,HOUSEHOLD,CA_1,2016-04-28,5,9.0,4.0,0.0,4.714286,6.821429,9.97,0.0,0,3,4,2016,0
HOUSEHOLD_1_272,HOUSEHOLD_1,HOUSEHOLD,CA_1,2016-04-29,2,5.0,1.0,8.0,4.857143,7.0,9.97,0.0,0,4,4,2016,0
HOUSEHOLD_1_272,HOUSEHOLD_1,HOUSEHOLD,CA_1,2016-04-30,11,2.0,5.0,9.0,5.0,6.785714,9.97,0.0,1,5,4,2016,0
HOUSEHOLD_1_272,HOUSEHOLD_1,HOUSEHOLD,CA_1,2016-05-01,18,11.0,4.0,12.0,5.857143,6.857143,9.97,0.0,1,6,5,2016,1
HOUSEHOLD_1_272,HOUSEHOLD_1,HOUSEHOLD,CA_1,2016-05-02,4,18.0,4.0,7.0,7.857143,7.071429,9.97,0.0,0,0,5,2016,1
HOUSEHOLD_1_272,HOUSEHOLD_1,HOUSEHOLD,CA_1,2016-05-03,7,4.0,6.0,9.0,7.857143,6.964286,9.97,0.0,0,1,5,2016,1
HOUSEHOLD_1_272,HOUSEHOLD_1,HOUSEHOLD,CA_1,2016-05-04,6,7.0,9.0,8.0,8.0,6.892857,9.97,0.0,0,2,5,2016,1
HOUSEHOLD_1_272,HOUSEHOLD_1,HOUSEHOLD,CA_1,2016-05-05,3,6.0,5.0,4.0,7.571429,6.821429,9.97,0.0,0,3,5,2016,1
HOUSEHOLD_1_272,HOUSEHOLD_1,HOUSEHOLD,CA_1,2016-05-06,3,3.0,2.0,4.0,7.285714,6.785714,9.97,0.0,0,4,5,2016,1
HOUSEHOLD_1_272,HOUSEHOLD_1,HOUSEHOLD,CA_1,2016-05-07,9,3.0,11.0,16.0,7.428571,6.75,9.97,0.0,1,5,5,2016,1
HOUSEHOLD_1_272,HOUSEHOLD_1,HOUSEHOLD,CA_1,2016-05-08,8,9.0,18.0,13.0,7.142857,6.5,9.97,0.0,1,6,5,2016,1
HOUSEHOLD_1_272,HOUSEHOLD_1,HOUSEHOLD,CA_1,2016-05-09,5,8.0,4.0,12.0,5.714286,6.321429,9.97,0.0,0,0,5,2016,1
HOUSEHOLD_1_272,HOUSEHOLD_1,HOUSEHOLD,CA_1,2016-05-10,11,5.0,7.0,9.0,5.857143,6.071429,9.97,0.0,0,1,5,2016,1
HOUSEHOLD_1_272,HOUSEHOLD_1,HOUSEHOLD,CA_1,2016-05-11,2,11.0,6.0,4.0,6.428571,6.142857,9.97,0.0,0,2,5,2016,0
HOUSEHOLD_1_272,HOUSEHOLD_1,HOUSEHOLD,CA_1,2016-05-12,4,2.0,3.0,4.0,5.857143,6.071429,9.97,0.0,0,3,5,2016,0
HOUSEHOLD_1_272,HOUSEHOLD_1,HOUSEHOLD,CA_1,2016-05-13,6,4.0,3.0,3.0,6.0,6.071429,9.97,0.0,0,4,5,2016,0
HOUSEHOLD_1_272,HOUSEHOLD_1,HOUSEHOLD,CA_1,2016-05-14,19,6.0,9.0,11.0,6.428571,6.178571,9.97,0.0,1,5,5,2016,0
HOUSEHOLD_1_272,HOUSEHOLD_1,HOUSEHOLD,CA_1,2016-05-15,12,19.0,8.0,14.0,7.857143,6.464286,9.97,0.0,1,6,5,2016,0
HOUSEHOLD_1_272,HOUSEHOLD_1,HOUSEHOLD,CA_1,2016-05-16,6,12.0,5.0,7.0,8.428572,6.392857,9.97,0.0,0,0,5,2016,0
HOUSEHOLD_1_272,HOUSEHOLD_1,HOUSEHOLD,CA_1,2016-05-17,7,6.0,11.0,1.0,8.571428,6.357143,9.97,0.0,0,1,5,2016,0
HOUSEHOLD_1_272,HOUSEHOLD_1,HOUSEHOLD,CA_1,2016-05-18,4,7.0,2.0,3.0,8.0,6.571429,9.97,0.0,0,2,5,2016,0
HOUSEHOLD_1_272,HOUSEHOLD_1,HOUSEHOLD,CA_1,2016-05-19,9,4.0,4.0,4.0,8.285714,6.607143,9.97,0.0,0,3,5,2016,0
HOUSEHOLD_1_272,HOUSEHOLD_1,HOUSEHOLD,CA_1,2016-05-20,9,9.0,6.0,1.0,9.0,6.785714,9.97,0.0,0,4,5,2016,0
HOUSEHOLD_1_272,HOUSEHOLD_1,HOUSEHOLD,CA_1,2016-05-21,11,9.0,19.0,5.0,9.428572,7.071429,9.97,0.0,1,5,5,2016,0
HOUSEHOLD_1_272,HOUSEHOLD_1,HOUSEHOLD,CA_1,2016-05-22,13,11.0,12.0,4.0,8.285714,7.285714,9.97,0.0,1,6,5,2016,0
HOUSEHOLD_1_272,HOUSEHOLD_1,HOUSEHOLD,CA_2,2016-04-25,4,12.0,5.0,0.0,7.714286,7.821429,9.97,0.0,0,0,4,2016,0
HOUSEHOLD_1_272,HOUSEHOLD_1,HOUSEHOLD,CA_2,2016-04-26,2,4.0,8.0,0.0,7.571429,7.964286,9.97,0.0,0,1,4,2016,0
HOUSEHOLD_1_272,HOUSEHOLD_1,HOUSEHOLD,CA_2,2016-04-27,5,2.0,5.0,8.0,6.714286,8.035714,9.97,0.0,0,2,4,2016,0
HOUSEHOLD_1_272,HOUSEHOLD_1,HOUSEHOLD,CA_2,2016-04-28,2,5.0,3.0,7.0,6.714286,7.928571,9.97,0.0,0,3,4,2016,0
HOUSEHOLD_1_272,HOUSEHOLD_1,HOUSEHOLD,CA_2,2016-04-29,11,2.0,10.0,8.0,6.571429,7.75,9.97,0.0,0,4,4,2016,0
HOUSEHOLD_1_272,HOUSEHOLD_1,HOUSEHOLD,CA_2,2016-04-30,12,11.0,11.0,10.0,6.714286,7.857143,9.97,0.0,1,5,4,2016,0
HOUSEHOLD_1_272,HOUSEHOLD_1,HOUSEHOLD,CA_2,2016-05-01,8,12.0,12.0,20.0,6.857143,7.928571,9.97,0.0,1,6,5,2016,1
HOUSEHOLD_1_272,HOUSEHOLD_1,HOUSEHOLD,CA_2,2016-05-02,9,8.0,4.0,8.0,6.285714,7.5,9.97,0.0,0,0,5,2016,1
HOUSEHOLD_1_272,HOUSEHOLD_1,HOUSEHOLD,CA_2,2016-05-03,8,9.0,2.0,7.0,7.0,7.535714,9.97,0.0,0,1,5,2016,1
HOUSEHOLD_1_272,HOUSEHOLD_1,HOUSEHOLD,CA_2,2016-05-04,6,8.0,5.0,4.0,7.857143,7.571429,9.97,0.0,0,2,5,2016,1
HOUSEHOLD_1_272,HOUSEHOLD_1,HOUSEHOLD,CA_2,2016-05-05,9,6.0,2.0,6.0,8.0,7.642857,9.97,0.0,0,3,5,2016,1
HOUSEHOLD_1_272,HOUSEHOLD_1,HOUSEHOLD,CA_2,2016-05-06,4,9.0,11.0,6.0,9.0,7.75,9.97,0.0,0,4,5,2016,1
HOUSEHOLD_1_272,HOUSEHOLD_1,HOUSEHOLD,CA_2,2016-05-07,8,4.0,12.0,9.0,8.0,7.678571,9.97,0.0,1,5,5,2016,1
HOUSEHOLD_1_272,HOUSEHOLD_1,HOUSEHOLD,CA_2,2016-05-08,8,8.0,8.0,10.0,7.428571,7.642857,9.97,0.0,1,6,5,2016,1
HOUSEHOLD_1_272,HOUSEHOLD_1,HOUSEHOLD,CA_2,2016-05-09,7,8.0,9.0,8.0,7.428571,7.571429,9.97,0.0,0,0,5,2016,1
HOUSEHOLD_1_272,HOUSEHOLD_1,HOUSEHOLD,CA_2,2016-05-10,8,7.0,8.0,10.0,7.142857,7.535714,9.97,0.0,0,1,5,2016,1
HOUSEHOLD_1_272,HOUSEHOLD_1,HOUSEHOLD,CA_2,2016-05-11,1,8.0,6.0,8.0,7.142857,7.464286,9.97,0.0,0,2,5,2016,0
HOUSEHOLD_1_272,HOUSEHOLD_1,HOUSEHOLD,CA_2,2016-05-12,6,1.0,9.0,6.0,6.428571,7.214286,9.97,0.0,0,3,5,2016,0
HOUSEHOLD_1_272,HOUSEHOLD_1,HOUSEHOLD,CA_2,2016-05-13,8,6.0,4.0,4.0,6.0,7.214286,9.97,0.0,0,4,5,2016,0
HOUSEHOLD_1_272,HOUSEHOLD_1,HOUSEHOLD,CA_2,2016-05-14,12,8.0,8.0,12.0,6.571429,7.357143,9.97,0.0,1,5,5,2016,0
HOUSEHOLD_1_272,HOUSEHOLD_1,HOUSEHOLD,CA_2,2016-05-15,16,12.0,8.0,14.0,7.142857,7.357143,9.97,0.0,1,6,5,2016,0
HOUSEHOLD_1_272,HOUSEHOLD_1,HOUSEHOLD,CA_2,2016-05-16,10,16.0,7.0,5.0,8.285714,7.428571,9.97,0.0,0,0,5,2016,0
HOUSEHOLD_1_272,HOUSEHOLD_1,HOUSEHOLD,CA_2,2016-05-17,4,10.0,8.0,8.0,8.714286,7.607143,9.97,0.0,0,1,5,2016,0
HOUSEHOLD_1_272,HOUSEHOLD_1,HOUSEHOLD,CA_2,2016-05-18,5,4.0,1.0,5.0,8.142858,7.464286,9.97,0.0,0,2,5,2016,0
HOUSEHOLD_1_272,HOUSEHOLD_1,HOUSEHOLD,CA_2,2016-05-19,6,5.0,6.0,3.0,8.714286,7.464286,9.97,0.0,0,3,5,2016,0
HOUSEHOLD_1_272,HOUSEHOLD_1,HOUSEHOLD,CA_2,2016-05-20,8,6.0,8.0,10.0,8.714286,7.571429,9.97,0.0,0,4,5,2016,0
HOUSEHOLD_1_272,HOUSEHOLD_1,HOUSEHOLD,CA_2,2016-05-21,16,8.0,12.0,11.0,8.714286,7.5,9.97,0.0,1,5,5,2016,0
HOUSEHOLD_1_272,HOUSEHOLD_1,HOUSEHOLD,CA_2,2016-05-22,14,16.0,16.0,12.0,9.285714,7.678571,9.97,0.0,1,6,5,2016,0
HOUSEHOLD_1_272,HOUSEHOLD_1,HOUSEHOLD,CA_3,2016-04-25,11,23.0,11.0,0.0,12.428572,9.178572,9.97,0.0,0,0,4,2016,0
HOUSEHOLD_1_272,HOUSEHOLD_1,HOUSEHOLD,CA_3,2016-04-26,10,11.0,12.0,0.0,12.428572,9.571428,9.97,0.0,0,1,4,2016,0
HOUSEHOLD_1_272,HOUSEHOLD_1,HOUSEHOLD,CA_3,2016-04-27,6,10.0,10.0,0.0,12.142858,9.928572,9.97,0.0,0,2,4,2016,0
HOUSEHOLD_1_272,HOUSEHOLD_1,HOUSEHOLD,CA_3,2016-04-28,7,6.0,5.0,0.0,11.571428,10.142858,9.97,0.0,0,3,4,2016,0
HOUSEHOLD_1_272,HOUSEHOLD_1,HOUSEHOLD,CA_3,2016-04-29,16,7.0,12.0,6.0,11.857142,10.392858,9.97,0.0,0,4,4,2016,0
HOUSEHOLD_1_272,HOUSEHOLD_1,HOUSEHOLD,CA_3,2016-04-30,12,16.0,14.0,9.0,12.428572,10.75,9.97,0.0,1,5,4,2016,0
HOUSEHOLD_1_272,HOUSEHOLD_1,HOUSEHOLD,CA_3,2016-05-01,18,12.0,23.0,18.0,12.142858,10.857142,9.97,0.0,1,6,5,2016,1
HOUSEHOLD_1_272,HOUSEHOLD_1,HOUSEHOLD,CA_3,2016-05-02,13,18.0,11.0,7.0,11.428572,10.857142,9.97,0.0,0,0,5,2016,1
HOUSEHOLD_1_272,HOUSEHOLD_1,HOUSEHOLD,CA_3,2016-05-03,14,13.0,10.0,5.0,11.714286,11.071428,9.97,0.0,0,1,5,2016,1
HOUSEHOLD_1_272,HOUSEHOLD_1,HOUSEHOLD,CA_3,2016-05-04,7,14.0,6.0,11.0,12.285714,11.392858,9.97,0.0,0,2,5,2016,1
HOUSEHOLD_1_272,HOUSEHOLD_1,HOUSEHOLD,CA_3,2016-05-05,12,7.0,7.0,6.0,12.428572,11.25,9.97,0.0,0,3,5,2016,1
HOUSEHOLD_1_272,HOUSEHOLD_1,HOUSEHOLD,CA_3,2016-05-06,10,12.0,16.0,9.0,13.142858,11.464286,9.97,0.0,0,4,5,2016,1
HOUSEHOLD_1_272,HOUSEHOLD_1,HOUSEHOLD,CA_3,2016-05-07,12,10.0,12.0,12.0,12.285714,11.5,9.97,0.0,1,5,5,2016,1
HOUSEHOLD_1_272,HOUSEHOLD_1,HOUSEHOLD,CA_3,2016-05-08,19,12.0,18.0,13.0,12.285714,11.5,9.97,0.0,1,6,5,2016,1
HOUSEHOLD_1_272,HOUSEHOLD_1,HOUSEHOLD,CA_3,2016-05-09,9,19.0,13.0,10.0,12.428572,11.714286,9.97,0.0,0,0,5,2016,1
HOUSEHOLD_1_272,HOUSEHOLD_1,HOUSEHOLD,CA_3,2016-05-10,10,9.0,14.0,8.0,11.857142,11.678572,9.97,0.0,0,1,5,2016,1
HOUSEHOLD_1_272,HOUSEHOLD_1,HOUSEHOLD,CA_3,2016-05-11,15,10.0,7.0,8.0,11.285714,11.75,9.97,0.0,0,2,5,2016,0
HOUSEHOLD_1_272,HOUSEHOLD_1,HOUSEHOLD,CA_3,2016-05-12,11,15.0,12.0,6.0,12.428572,12.0,9.97,0.0,0,3,5,2016,0
HOUSEHOLD_1_272,HOUSEHOLD_1,HOUSEHOLD,CA_3,2016-05-13,18,11.0,10.0,15.0,12.285714,12.178572,9.97,0.0,0,4,5,2016,0
HOUSEHOLD_1_272,HOUSEHOLD_1,HOUSEHOLD,CA_3,2016-05-14,17,18.0,12.0,17.0,13.428572,12.285714,9.97,0.0,1,5,5,2016,0
HOUSEHOLD_1_272,HOUSEHOLD_1,HOUSEHOLD,CA_3,2016-05-15,11,17.0,19.0,10.0,14.142858,12.285714,9.97,0.0,1,6,5,2016,0
HOUSEHOLD_1_272,HOUSEHOLD_1,HOUSEHOLD,CA_3,2016-05-16,17,11.0,9.0,11.0,13.0,12.321428,9.97,0.0,0,0,5,2016,0
HOUSEHOLD_1_272,HOUSEHOLD_1,HOUSEHOLD,CA_3,2016-05-17,13,17.0,10.0,12.0,14.142858,12.535714,9.97,0.0,0,1,5,2016,0
HOUSEHOLD_1_272,HOUSEHOLD_1,HOUSEHOLD,CA_3,2016-05-18,9,13.0,15.0,10.0,14.571428,12.571428,9.97,0.0,0,2,5,2016,0
HOUSEHOLD_1_272,HOUSEHOLD_1,HOUSEHOLD,CA_3,2016-05-19,11,9.0,11.0,5.0,13.714286,12.535714,9.97,0.0,0,3,5,2016,0
HOUSEHOLD_1_272,HOUSEHOLD_1,HOUSEHOLD,CA_3,2016-05-20,17,11.0,18.0,12.0,13.714286,12.75,9.97,0.0,0,4,5,2016,0
HOUSEHOLD_1_272,HOUSEHOLD_1,HOUSEHOLD,CA_3,2016-05-21,16,17.0,17.0,14.0,13.571428,12.928572,9.97,0.0,1,5,5,2016,0
HOUSEHOLD_1_272,HOUSEHOLD_1,HOUSEHOLD,CA_3,2016-05-22,17,16.0,11.0,23.0,13.428572,13.0,9.97,0.0,1,6,5,2016,0
HOUSEHOLD_1_272,HOUSEHOLD_1,HOUSEHOLD,CA_4,2016-04-25,1,4.0,5.0,0.0,3.2857144,2.5714285,9.97,0.0,0,0,4,2016,0
HOUSEHOLD_1_272,HOUSEHOLD_1,HOUSEHOLD,CA_4,2016-04-26,0,1.0,2.0,0.0,2.7142856,2.607143,9.97,0.0,0,1,4,2016,0
HOUSEHOLD_1_272,HOUSEHOLD_1,HOUSEHOLD,CA_4,2016-04-27,4,0.0,3.0,3.0,2.4285715,2.607143,9.97,0.0,0,2,4,2016,0
HOUSEHOLD_1_272,HOUSEHOLD_1,HOUSEHOLD,CA_4,2016-04-28,3,4.0,5.0,0.0,2.5714285,2.642857,9.97,0.0,0,3,4,2016,0
HOUSEHOLD_1_272,HOUSEHOLD_1,HOUSEHOLD,CA_4,2016-04-29,1,3.0,2.0,1.0,2.2857144,2.75,9.97,0.0,0,4,4,2016,0
HOUSEHOLD_1_272,HOUSEHOLD_1,HOUSEHOLD,CA_4,2016-04-30,3,1.0,2.0,0.0,2.142857,2.75,9.97,0.0,1,5,4,2016,0
HOUSEHOLD_1_272,HOUSEHOLD_1,HOUSEHOLD,CA_4,2016-05-01,4,3.0,4.0,4.0,2.2857144,2.857143,9.97,0.0,1,6,5,2016,1
HOUSEHOLD_1_272,HOUSEHOLD_1,HOUSEHOLD,CA_4,2016-05-02,3,4.0,1.0,2.0,2.2857144,2.857143,9.97,0.0,0,0,5,2016,1
HOUSEHOLD_1_272,HOUSEHOLD_1,HOUSEHOLD,CA_4,2016-05-03,4,3.0,0.0,2.0,2.5714285,2.892857,9.97,0.0,0,1,5,2016,1
HOUSEHOLD_1_272,HOUSEHOLD_1,HOUSEHOLD,CA_4,2016-05-04,2,4.0,4.0,3.0,3.142857,2.9642856,9.97,0.0,0,2,5,2016,1
HOUSEHOLD_1_272,HOUSEHOLD_1,HOUSEHOLD,CA_4,2016-05-05,3,2.0,3.0,2.0,2.857143,2.9285715,9.97,0.0,0,3,5,2016,1
HOUSEHOLD_1_272,HOUSEHOLD_1,HOUSEHOLD,CA_4,2016-05-06,4,3.0,1.0,5.0,2.857143,2.9642856,9.97,0.0,0,4,5,2016,1
HOUSEHOLD_1_272,HOUSEHOLD_1,HOUSEHOLD,CA_4,2016-05-07,3,4.0,3.0,2.0,3.2857144,2.9285715,9.97,0.0,1,5,5,2016,1
HOUSEHOLD_1_272,HOUSEHOLD_1,HOUSEHOLD,CA_4,2016-05-08,1,3.0,4.0,3.0,3.2857144,2.9642856,9.97,0.0,1,6,5,2016,1
HOUSEHOLD_1_272,HOUSEHOLD_1,HOUSEHOLD,CA_4,2016-05-09,2,1.0,3.0,4.0,2.857143,2.892857,9.97,0.0,0,0,5,2016,1
HOUSEHOLD_1_272,HOUSEHOLD_1,HOUSEHOLD,CA_4,2016-05-10,2,2.0,4.0,2.0,2.7142856,2.8214285,9.97,0.0,0,1,5,2016,1
HOUSEHOLD_1_272,HOUSEHOLD_1,HOUSEHOLD,CA_4,2016-05-11,2,2.0,2.0,1.0,2.4285715,2.8214285,9.97,0.0,0,2,5,2016,0
HOUSEHOLD_1_272,HOUSEHOLD_1,HOUSEHOLD,CA_4,2016-05-12,1,2.0,3.0,2.0,2.4285715,2.857143,9.97,0.0,0,3,5,2016,0
HOUSEHOLD_1_272,HOUSEHOLD_1,HOUSEHOLD,CA_4,2016-05-13,1,1.0,4.0,5.0,2.142857,2.8214285,9.97,0.0,0,4,5,2016,0
HOUSEHOLD_1_272,HOUSEHOLD_1,HOUSEHOLD,CA_4,2016-05-14,2,1.0,3.0,1.0,1.7142857,2.6785715,9.97,0.0,1,5,5,2016,0
HOUSEHOLD_1_272,HOUSEHOLD_1,HOUSEHOLD,CA_4,2016-05-15,7,2.0,1.0,7.0,1.5714285,2.7142856,9.97,0.0,1,6,5,2016,0
HOUSEHOLD_1_272,HOUSEHOLD_1,HOUSEHOLD,CA_4,2016-05-16,4,7.0,2.0,5.0,2.4285715,2.7142856,9.97,0.0,0,0,5,2016,0
HOUSEHOLD_1_272,HOUSEHOLD_1,HOUSEHOLD,CA_4,2016-05-17,2,4.0,2.0,2.0,2.7142856,2.6785715,9.97,0.0,0,1,5,2016,0
HOUSEHOLD_1_272,HOUSEHOLD_1,HOUSEHOLD,CA_4,2016-05-18,2,2.0,2.0,3.0,2.7142856,2.6785715,9.97,0.0,0,2,5,2016,0
HOUSEHOLD_1_272,HOUSEHOLD_1,HOUSEHOLD,CA_4,2016-05-19,3,2.0,1.0,5.0,2.7142856,2.642857,9.97,0.0,0,3,5,2016,0
HOUSEHOLD_1_272,HOUSEHOLD_1,HOUSEHOLD,CA_4,2016-05-20,2,3.0,1.0,2.0,3.0,2.5714285,9.97,0.0,0,4,5,2016,0
HOUSEHOLD_1_272,HOUSEHOLD_1,HOUSEHOLD,CA_4,2016-05-21,2,2.0,2.0,2.0,3.142857,2.5714285,9.97,0.0,1,5,5,2016,0
HOUSEHOLD_1_272,HOUSEHOLD_1,HOUSEHOLD,CA_4,2016-05-22,4,2.0,7.0,4.0,3.142857,2.5714285,9.97,0.0,1,6,5,2016,0
HOUSEHOLD_1_409,HOUSEHOLD_1,HOUSEHOLD,CA_1,2016-04-25,16,9.0,6.0,5.0,6.428571,5.392857,2.94,0.0,0,0,4,2016,0
HOUSEHOLD_1_409,HOUSEHOLD_1,HOUSEHOLD,CA_1,2016-04-26,3,16.0,4.0,5.0,7.857143,5.785714,2.94,0.0,0,1,4,2016,0
HOUSEHOLD_1_409,HOUSEHOLD_1,HOUSEHOLD,CA_1,2016-04-27,7,3.0,16.0,1.0,7.714286,5.714286,2.94,0.0,0,2,4,2016,0
HOUSEHOLD_1_409,HOUSEHOLD_1,HOUSEHOLD,CA_1,2016-04-28,3,7.0,3.0,2.0,6.428571,5.928571,2.94,0.0,0,3,4,2016,0
HOUSEHOLD_1_409,HOUSEHOLD_1,HOUSEHOLD,CA_1,2016-04-29,9,3.0,2.0,4.0,6.428571,5.964286,2.94,0.0,0,4,4,2016,0
HOUSEHOLD_1_409,HOUSEHOLD_1,HOUSEHOLD,CA_1,2016-04-30,12,9.0,5.0,3.0,7.428571,6.142857,2.94,0.0,1,5,4,2016,0
HOUSEHOLD_1_409,HOUSEHOLD_1,HOUSEHOLD,CA_1,2016-05-01,11,12.0,9.0,10.0,8.428572,6.464286,2.94,0.0,1,6,5,2016,1
HOUSEHOLD_1_409,HOUSEHOLD_1,HOUSEHOLD,CA_1,2016-05-02,5,11.0,16.0,8.0,8.714286,6.5,2.94,0.0,0,0,5,2016,1
HOUSEHOLD_1_409,HOUSEHOLD_1,HOUSEHOLD,CA_1,2016-05-03,10,5.0,3.0,3.0,7.142857,6.392857,2.94,0.0,0,1,5,2016,1
HOUSEHOLD_1_409,HOUSEHOLD_1,HOUSEHOLD,CA_1,2016-05-04,6,10.0,7.0,6.0,8.142858,6.642857,2.94,0.0,0,2,5,2016,1
HOUSEHOLD_1_409,HOUSEHOLD_1,HOUSEHOLD,CA_1,2016-05-05,12,6.0,3.0,2.0,8.0,6.642857,2.94,0.0,0,3,5,2016,1
HOUSEHOLD_1_409,HOUSEHOLD_1,HOUSEHOLD,CA_1,2016-05-06,11,12.0,9.0,5.0,9.285714,7.0,2.94,0.0,0,4,5,2016,1
HOUSEHOLD_1_409,HOUSEHOLD_1,HOUSEHOLD,CA_1,2016-05-07,3,11.0,12.0,17.0,9.571428,7.214286,2.94,0.0,1,5,5,2016,1
HOUSEHOLD_1_409,HOUSEHOLD_1,HOUSEHOLD,CA_1,2016-05-08,5,3.0,11.0,7.0,8.285714,6.714286,2.94,0.0,1,6,5,2016,1
HOUSEHOLD_1_409,HOUSEHOLD_1,HOUSEHOLD,CA_1,2016-05-09,3,5.0,5.0,6.0,7.428571,6.642857,2.94,0.0,0,0,5,2016,1
HOUSEHOLD_1_409,HOUSEHOLD_1,HOUSEHOLD,CA_1,2016-05-10,5,3.0,10.0,4.0,7.142857,6.535714,2.94,0.0,0,1,5,2016,1
HOUSEHOLD_1_409,HOUSEHOLD_1,HOUSEHOLD,CA_1,2016-05-11,3,5.0,6.0,0.0,6.428571,6.571429,2.94,0.0,0,2,5,2016,0
HOUSEHOLD_1_409,HOUSEHOLD_1,HOUSEHOLD,CA_1,2016-05-12,3,3.0,12.0,2.0,6.0,6.678571,2.94,0.0,0,3,5,2016,0
HOUSEHOLD_1_409,HOUSEHOLD_1,HOUSEHOLD,CA_1,2016-05-13,1,3.0,11.0,7.0,4.714286,6.714286,2.94,0.0,0,4,5,2016,0
HOUSEHOLD_1_409,HOUSEHOLD_1,HOUSEHOLD,CA_1,2016-05-14,6,1.0,3.0,7.0,3.2857144,6.5,2.94,0.0,1,5,5,2016,0
HOUSEHOLD_1_409,HOUSEHOLD_1,HOUSEHOLD,CA_1,2016-05-15,5,6.0,5.0,2.0,3.7142856,6.464286,2.94,0.0,1,6,5,2016,0
HOUSEHOLD_1_409,HOUSEHOLD_1,HOUSEHOLD,CA_1,2016-05-16,8,5.0,3.0,6.0,3.7142856,6.571429,2.94,0.0,0,0,5,2016,0
HOUSEHOLD_1_409,HOUSEHOLD_1,HOUSEHOLD,CA_1,2016-05-17,7,8.0,5.0,4.0,4.428571,6.642857,2.94,0.0,0,1,5,2016,0
HOUSEHOLD_1_409,HOUSEHOLD_1,HOUSEHOLD,CA_1,2016-05-18,2,7.0,3.0,16.0,4.714286,6.75,2.94,0.0,0,2,5,2016,0
HOUSEHOLD_1_409,HOUSEHOLD_1,HOUSEHOLD,CA_1,2016-05-19,9,2.0,3.0,3.0,4.571429,6.25,2.94,0.0,0,3,5,2016,0
HOUSEHOLD_1_409,HOUSEHOLD_1,HOUSEHOLD,CA_1,2016-05-20,3,9.0,1.0,2.0,5.428571,6.464286,2.94,0.0,0,4,5,2016,0
HOUSEHOLD_1_409,HOUSEHOLD_1,HOUSEHOLD,CA_1,2016-05-21,9,3.0,6.0,5.0,5.714286,6.5,2.94,0.0,1,5,5,2016,0
HOUSEHOLD_1_409,HOUSEHOLD_1,HOUSEHOLD,CA_1,2016-05-22,10,9.0,5.0,9.0,6.142857,6.642857,2.94,0.0,1,6,5,2016,0
HOUSEHOLD_1_409,HOUSEHOLD_1,HOUSEHOLD,CA_2,2016-04-25,8,10.0,9.0,4.0,6.142857,4.035714,2.94,0.0,0,0,4,2016,0
HOUSEHOLD_1_409,HOUSEHOLD_1,HOUSEHOLD,CA_2,2016-04-26,8,8.0,6.0,7.0,6.0,4.178571,2.94,0.0,0,1,4,2016,0
HOUSEHOLD_1_409,HOUSEHOLD_1,HOUSEHOLD,CA_2,2016-04-27,7,8.0,3.0,4.0,6.285714,4.214286,2.94,0.0,0,2,4,2016,0
HOUSEHOLD_1_409,HOUSEHOLD_1,HOUSEHOLD,CA_2,2016-04-28,7,7.0,1.0,5.0,6.857143,4.321429,2.94,0.0,0,3,4,2016,0
HOUSEHOLD_1_409,HOUSEHOLD_1,HOUSEHOLD,CA_2,2016-04-29,4,7.0,5.0,4.0,7.714286,4.392857,2.94,0.0,0,4,4,2016,0
HOUSEHOLD_1_409,HOUSEHOLD_1,HOUSEHOLD,CA_2,2016-04-30,6,4.0,9.0,6.0,7.571429,4.392857,2.94,0.0,1,5,4,2016,0
HOUSEHOLD_1_409,HOUSEHOLD_1,HOUSEHOLD,CA_2,2016-05-01,6,6.0,10.0,4.0,7.142857,4.392857,2.94,0.0,1,6,5,2016,1
HOUSEHOLD_1_409,HOUSEHOLD_1,HOUSEHOLD,CA_2,2016-05-02,9,6.0,8.0,4.0,6.571429,4.464286,2.94,0.0,0,0,5,2016,1
HOUSEHOLD_1_409,HOUSEHOLD_1,HOUSEHOLD,CA_2,2016-05-03,7,9.0,8.0,5.0,6.714286,4.642857,2.94,0.0,0,1,5,2016,1
HOUSEHOLD_1_409,HOUSEHOLD_1,HOUSEHOLD,CA_2,2016-05-04,9,7.0,7.0,1.0,6.571429,4.714286,2.94,0.0,0,2,5,2016,1
HOUSEHOLD_1_409,HOUSEHOLD_1,HOUSEHOLD,CA_2,2016-05-05,4,9.0,7.0,1.0,6.857143,5.0,2.94,0.0,0,3,5,2016,1
HOUSEHOLD_1_409,HOUSEHOLD_1,HOUSEHOLD,CA_2,2016-05-06,2,4.0,4.0,3.0,6.428571,5.107143,2.94,0.0,0,4,5,2016,1
HOUSEHOLD_1_409,HOUSEHOLD_1,HOUSEHOLD,CA_2,2016-05-07,15,2.0,6.0,3.0,6.142857,5.071429,2.94,0.0,1,5,5,2016,1
HOUSEHOLD_1_409,HOUSEHOLD_1,HOUSEHOLD,CA_2,2016-05-08,5,15.0,6.0,3.0,7.428571,5.5,2.94,0.0,1,6,5,2016,1
HOUSEHOLD_1_409,HOUSEHOLD_1,HOUSEHOLD,CA_2,2016-05-09,7,5.0,9.0,0.0,7.285714,5.571429,2.94,0.0,0,0,5,2016,1
HOUSEHOLD_1_409,HOUSEHOLD_1,HOUSEHOLD,CA_2,2016-05-10,6,7.0,7.0,4.0,7.0,5.821429,2.94,0.0,0,1,5,2016,1
HOUSEHOLD_1_409,HOUSEHOLD_1,HOUSEHOLD,CA_2,2016-05-11,2,6.0,9.0,3.0,6.857143,5.892857,2.94,0.0,0,2,5,2016,0
HOUSEHOLD_1_409,HOUSEHOLD_1,HOUSEHOLD,CA_2,2016-05-12,8,2.0,4.0,2.0,5.857143,5.857143,2.94,0.0,0,3,5,2016,0
HOUSEHOLD_1_409,HOUSEHOLD_1,HOUSEHOLD,CA_2,2016-05-13,11,8.0,2.0,0.0,6.428571,6.071429,2.94,0.0,0,4,5,2016,0
HOUSEHOLD_1_409,HOUSEHOLD_1,HOUSEHOLD,CA_2,2016-05-14,6,11.0,15.0,1.0,7.714286,6.464286,2.94,0.0,1,5,5,2016,0
HOUSEHOLD_1_409,HOUSEHOLD_1,HOUSEHOLD,CA_2,2016-05-15,5,6.0,5.0,6.0,6.428571,6.642857,2.94,0.0,1,6,5,2016,0
HOUSEHOLD_1_409,HOUSEHOLD_1,HOUSEHOLD,CA_2,2016-05-16,2,5.0,7.0,9.0,6.428571,6.607143,2.94,0.0,0,0,5,2016,0
HOUSEHOLD_1_409,HOUSEHOLD_1,HOUSEHOLD,CA_2,2016-05-17,9,2.0,6.0,6.0,5.714286,6.357143,2.94,0.0,0,1,5,2016,0
HOUSEHOLD_1_409,HOUSEHOLD_1,HOUSEHOLD,CA_2,2016-05-18,7,9.0,2.0,3.0,6.142857,6.464286,2.94,0.0,0,2,5,2016,0
HOUSEHOLD_1_409,HOUSEHOLD_1,HOUSEHOLD,CA_2,2016-05-19,7,7.0,8.0,1.0,6.857143,6.607143,2.94,0.0,0,3,5,2016,0
HOUSEHOLD_1_409,HOUSEHOLD_1,HOUSEHOLD,CA_2,2016-05-20,5,7.0,11.0,5.0,6.714286,6.821429,2.94,0.0,0,4,5,2016,0
HOUSEHOLD_1_409,HOUSEHOLD_1,HOUSEHOLD,CA_2,2016-05-21,15,5.0,6.0,9.0,5.857143,6.821429,2.94,0.0,1,5,5,2016,0
HOUSEHOLD_1_409,HOUSEHOLD_1,HOUSEHOLD,CA_2,2016-05-22,9,15.0,5.0,10.0,7.142857,7.035714,2.94,0.0,1,6,5,2016,0
HOUSEHOLD_1_409,HOUSEHOLD_1,HOUSEHOLD,CA_3,2016-04-25,13,19.0,16.0,15.0,13.142858,17.75,2.94,0.0,0,0,4,2016,0
HOUSEHOLD_1_409,HOUSEHOLD_1,HOUSEHOLD,CA_3,2016-04-26,10,13.0,10.0,21.0,12.714286,17.678572,2.94,0.0,0,1,4,2016,0
HOUSEHOLD_1_409,HOUSEHOLD_1,HOUSEHOLD,CA_3,2016-04-27,19,10.0,11.0,11.0,12.714286,17.285715,2.94,0.0,0,2,4,2016,0
HOUSEHOLD_1_409,HOUSEHOLD_1,HOUSEHOLD,CA_3,2016-04-28,16,19.0,14.0,17.0,13.857142,17.571428,2.94,0.0,0,3,4,2016,0
HOUSEHOLD_1_409,HOUSEHOLD_1,HOUSEHOLD,CA_3,2016-04-29,10,16.0,10.0,15.0,14.142858,17.535715,2.94,0.0,0,4,4,2016,0
HOUSEHOLD_1_409,HOUSEHOLD_1,HOUSEHOLD,CA_3,2016-04-30,12,10.0,12.0,17.0,14.142858,17.357143,2.94,0.0,1,5,4,2016,0
HOUSEHOLD_1_409,HOUSEHOLD_1,HOUSEHOLD,CA_3,2016-05-01,16,12.0,19.0,26.0,14.142858,17.178572,2.94,0.0,1,6,5,2016,1
HOUSEHOLD_1_409,HOUSEHOLD_1,HOUSEHOLD,CA_3,2016-05-02,17,16.0,13.0,31.0,13.714286,16.821428,2.94,0.0,0,0,5,2016,1
HOUSEHOLD_1_409,HOUSEHOLD_1,HOUSEHOLD,CA_3,2016-05-03,27,17.0,10.0,15.0,14.285714,16.321428,2.94,0.0,0,1,5,2016,1
HOUSEHOLD_1_409,HOUSEHOLD_1,HOUSEHOLD,CA_3,2016-05-04,14,27.0,19.0,13.0,16.714285,16.75,2.94,0.0,0,2,5,2016,1
HOUSEHOLD_1_409,HOUSEHOLD_1,HOUSEHOLD,CA_3,2016-05-05,13,14.0,16.0,24.0,16.0,16.785715,2.94,0.0,0,3,5,2016,1
HOUSEHOLD_1_409,HOUSEHOLD_1,HOUSEHOLD,CA_3,2016-05-06,19,13.0,10.0,10.0,15.571428,16.392857,2.94,0.0,0,4,5,2016,1
HOUSEHOLD_1_409,HOUSEHOLD_1,HOUSEHOLD,CA_3,2016-05-07,23,19.0,12.0,14.0,16.857143,16.714285,2.94,0.0,1,5,5,2016,1
HOUSEHOLD_1_409,HOUSEHOLD_1,HOUSEHOLD,CA_3,2016-05-08,9,23.0,16.0,34.0,18.428572,17.035715,2.94,0.0,1,6,5,2016,1
HOUSEHOLD_1_409,HOUSEHOLD_1,HOUSEHOLD,CA_3,2016-05-09,24,9.0,17.0,26.0,17.428572,16.142857,2.94,0.0,0,0,5,2016,1
HOUSEHOLD_1_409,HOUSEHOLD_1,HOUSEHOLD,CA_3,2016-05-10,10,24.0,27.0,23.0,18.428572,16.071428,2.94,0.0,0,1,5,2016,1
HOUSEHOLD_1_409,HOUSEHOLD_1,HOUSEHOLD,CA_3,2016-05-11,14,10.0,14.0,14.0,16.0,15.607142,2.94,0.0,0,2,5,2016,0
HOUSEHOLD_1_409,HOUSEHOLD_1,HOUSEHOLD,CA_3,2016-05-12,9,14.0,13.0,10.0,16.0,15.607142,2.94,0.0,0,3,5,2016,0
HOUSEHOLD_1_409,HOUSEHOLD_1,HOUSEHOLD,CA_3,2016-05-13,12,9.0,19.0,22.0,15.428572,15.571428,2.94,0.0,0,4,5,2016,0
HOUSEHOLD_1_409,HOUSEHOLD_1,HOUSEHOLD,CA_3,2016-05-14,16,12.0,23.0,18.0,14.428572,15.214286,2.94,0.0,1,5,5,2016,0
HOUSEHOLD_1_409,HOUSEHOLD_1,HOUSEHOLD,CA_3,2016-05-15,15,16.0,9.0,29.0,13.428572,15.142858,2.94,0.0,1,6,5,2016,0
HOUSEHOLD_1_409,HOUSEHOLD_1,HOUSEHOLD,CA_3,2016-05-16,11,15.0,24.0,16.0,14.285714,14.642858,2.94,0.0,0,0,5,2016,0
HOUSEHOLD_1_409,HOUSEHOLD_1,HOUSEHOLD,CA_3,2016-05-17,30,11.0,10.0,10.0,12.428572,14.464286,2.94,0.0,0,1,5,2016,0
HOUSEHOLD_1_409,HOUSEHOLD_1,HOUSEHOLD,CA_3,2016-05-18,15,30.0,14.0,11.0,15.285714,15.178572,2.94,0.0,0,2,5,2016,0
HOUSEHOLD_1_409,HOUSEHOLD_1,HOUSEHOLD,CA_3,2016-05-19,17,15.0,9.0,14.0,15.428572,15.321428,2.94,0.0,0,3,5,2016,0
HOUSEHOLD_1_409,HOUSEHOLD_1,HOUSEHOLD,CA_3,2016-05-20,21,17.0,12.0,10.0,16.571428,15.428572,2.94,0.0,0,4,5,2016,0
HOUSEHOLD_1_409,HOUSEHOLD_1,HOUSEHOLD,CA_3,2016-05-21,12,21.0,16.0,12.0,17.857143,15.821428,2.94,0.0,1,5,5,2016,0
HOUSEHOLD_1_409,HOUSEHOLD_1,HOUSEHOLD,CA_3,2016-05-22,23,12.0,15.0,19.0,17.285715,15.821428,2.94,0.0,1,6,5,2016,0
HOUSEHOLD_1_409,HOUSEHOLD_1,HOUSEHOLD,CA_4,2016-04-25,1,3.0,2.0,4.0,2.5714285,3.0,2.94,0.0,0,0,4,2016,0
HOUSEHOLD_1_409,HOUSEHOLD_1,HOUSEHOLD,CA_4,2016-04-26,1,1.0,7.0,3.0,2.4285715,2.892857,2.94,0.0,0,1,4,2016,0
HOUSEHOLD_1_409,HOUSEHOLD_1,HOUSEHOLD,CA_4,2016-04-27,4,1.0,1.0,4.0,1.5714285,2.8214285,2.94,0.0,0,2,4,2016,0
HOUSEHOLD_1_409,HOUSEHOLD_1,HOUSEHOLD,CA_4,2016-04-28,5,4.0,2.0,3.0,2.0,2.8214285,2.94,0.0,0,3,4,2016,0
HOUSEHOLD_1_409,HOUSEHOLD_1,HOUSEHOLD,CA_4,2016-04-29,2,5.0,3.0,5.0,2.4285715,2.892857,2.94,0.0,0,4,4,2016,0
HOUSEHOLD_1_409,HOUSEHOLD_1,HOUSEHOLD,CA_4,2016-04-30,2,2.0,0.0,4.0,2.2857144,2.7857144,2.94,0.0,1,5,4,2016,0
HOUSEHOLD_1_409,HOUSEHOLD_1,HOUSEHOLD,CA_4,2016-05-01,3,2.0,3.0,3.0,2.5714285,2.7142856,2.94,0.0,1,6,5,2016,1
HOUSEHOLD_1_409,HOUSEHOLD_1,HOUSEHOLD,CA_4,2016-05-02,1,3.0,1.0,1.0,2.5714285,2.7142856,2.94,0.0,0,0,5,2016,1
HOUSEHOLD_1_409,HOUSEHOLD_1,HOUSEHOLD,CA_4,2016-05-03,4,1.0,1.0,0.0,2.5714285,2.7142856,2.94,0.0,0,1,5,2016,1
HOUSEHOLD_1_409,HOUSEHOLD_1,HOUSEHOLD,CA_4,2016-05-04,1,4.0,4.0,4.0,3.0,2.857143,2.94,0.0,0,2,5,2016,1
HOUSEHOLD_1_409,HOUSEHOLD_1,HOUSEHOLD,CA_4,2016-05-05,2,1.0,5.0,6.0,2.5714285,2.75,2.94,0.0,0,3,5,2016,1
HOUSEHOLD_1_409,HOUSEHOLD_1,HOUSEHOLD,CA_4,2016-05-06,4,2.0,2.0,0.0,2.142857,2.607143,2.94,0.0,0,4,5,2016,1
HOUSEHOLD_1_409,HOUSEHOLD_1,HOUSEHOLD,CA_4,2016-05-07,2,4.0,2.0,6.0,2.4285715,2.75,2.94,0.0,1,5,5,2016,1
HOUSEHOLD_1_409,HOUSEHOLD_1,HOUSEHOLD,CA_4,2016-05-08,3,2.0,3.0,9.0,2.4285715,2.607143,2.94,0.0,1,6,5,2016,1
HOUSEHOLD_1_409,HOUSEHOLD_1,HOUSEHOLD,CA_4,2016-05-09,3,3.0,1.0,2.0,2.4285715,2.392857,2.94,0.0,0,0,5,2016,1
HOUSEHOLD_1_409,HOUSEHOLD_1,HOUSEHOLD,CA_4,2016-05-10,6,3.0,4.0,1.0,2.7142856,2.4285715,2.94,0.0,0,1,5,2016,1
HOUSEHOLD_1_409,HOUSEHOLD_1,HOUSEHOLD,CA_4,2016-05-11,3,6.0,1.0,0.0,3.0,2.607143,2.94,0.0,0,2,5,2016,0
HOUSEHOLD_1_409,HOUSEHOLD_1,HOUSEHOLD,CA_4,2016-05-12,2,3.0,2.0,0.0,3.2857144,2.7142856,2.94,0.0,0,3,5,2016,0
HOUSEHOLD_1_409,HOUSEHOLD_1,HOUSEHOLD,CA_4,2016-05-13,4,2.0,4.0,3.0,3.2857144,2.7857144,2.94,0.0,0,4,5,2016,0
HOUSEHOLD_1_409,HOUSEHOLD_1,HOUSEHOLD,CA_4,2016-05-14,4,4.0,2.0,3.0,3.2857144,2.8214285,2.94,0.0,1,5,5,2016,0
HOUSEHOLD_1_409,HOUSEHOLD_1,HOUSEHOLD,CA_4,2016-05-15,6,4.0,3.0,5.0,3.5714285,2.857143,2.94,0.0,1,6,5,2016,0
HOUSEHOLD_1_409,HOUSEHOLD_1,HOUSEHOLD,CA_4,2016-05-16,0,6.0,3.0,2.0,4.0,2.892857,2.94,0.0,0,0,5,2016,0
HOUSEHOLD_1_409,HOUSEHOLD_1,HOUSEHOLD,CA_4,2016-05-17,4,0.0,6.0,7.0,3.5714285,2.8214285,2.94,0.0,0,1,5,2016,0
HOUSEHOLD_1_409,HOUSEHOLD_1,HOUSEHOLD,CA_4,2016-05-18,6,4.0,3.0,1.0,3.2857144,2.7142856,2.94,0.0,0,2,5,2016,0
HOUSEHOLD_1_409,HOUSEHOLD_1,HOUSEHOLD,CA_4,2016-05-19,7,6.0,2.0,2.0,3.7142856,2.892857,2.94,0.0,0,3,5,2016,0
HOUSEHOLD_1_409,HOUSEHOLD_1,HOUSEHOLD,CA_4,2016-05-20,4,7.0,4.0,3.0,4.428571,3.0714285,2.94,0.0,0,4,5,2016,0
HOUSEHOLD_1_409,HOUSEHOLD_1,HOUSEHOLD,CA_4,2016-05-21,4,4.0,4.0,0.0,4.428571,3.107143,2.94,0.0,1,5,5,2016,0
HOUSEHOLD_1_409,HOUSEHOLD_1,HOUSEHOLD,CA_4,2016-05-22,3,4.0,6.0,3.0,4.428571,3.25,2.94,0.0,1,6,5,2016,0
HOUSEHOLD_1_418,HOUSEHOLD_1,HOUSEHOLD,CA_1,2016-04-25,6,17.0,11.0,12.0,9.428572,15.0,0.97,0.0,0,0,4,2016,0
HOUSEHOLD_1_418,HOUSEHOLD_1,HOUSEHOLD,CA_1,2016-04-26,5,6.0,9.0,4.0,8.714286,14.785714,0.97,0.0,0,1,4,2016,0
HOUSEHOLD_1_418,HOUSEHOLD_1,HOUSEHOLD,CA_1,2016-04-27,14,5.0,9.0,17.0,8.142858,14.821428,0.97,0.0,0,2,4,2016,0
HOUSEHOLD_1_418,HOUSEHOLD_1,HOUSEHOLD,CA_1,2016-04-28,11,14.0,6.0,16.0,8.857142,14.714286,0.97,0.0,0,3,4,2016,0
HOUSEHOLD_1_418,HOUSEHOLD_1,HOUSEHOLD,CA_1,2016-04-29,9,11.0,3.0,20.0,9.571428,14.535714,0.97,0.0,0,4,4,2016,0
HOUSEHOLD_1_418,HOUSEHOLD_1,HOUSEHOLD,CA_1,2016-04-30,7,9.0,11.0,27.0,10.428572,14.142858,0.97,0.0,1,5,4,2016,0
HOUSEHOLD_1_418,HOUSEHOLD_1,HOUSEHOLD,CA_1,2016-05-01,13,7.0,17.0,25.0,9.857142,13.428572,0.97,0.0,1,6,5,2016,1
HOUSEHOLD_1_418,HOUSEHOLD_1,HOUSEHOLD,CA_1,2016-05-02,26,13.0,6.0,20.0,9.285714,13.0,0.97,0.0,0,0,5,2016,1
HOUSEHOLD_1_418,HOUSEHOLD_1,HOUSEHOLD,CA_1,2016-05-03,23,26.0,5.0,11.0,12.142858,13.214286,0.97,0.0,0,1,5,2016,1
HOUSEHOLD_1_418,HOUSEHOLD_1,HOUSEHOLD,CA_1,2016-05-04,19,23.0,14.0,10.0,14.714286,13.642858,0.97,0.0,0,2,5,2016,1
HOUSEHOLD_1_418,HOUSEHOLD_1,HOUSEHOLD,CA_1,2016-05-05,5,19.0,11.0,14.0,15.428572,13.964286,0.97,0.0,0,3,5,2016,1
HOUSEHOLD_1_418,HOUSEHOLD_1,HOUSEHOLD,CA_1,2016-05-06,15,5.0,9.0,30.0,14.571428,13.642858,0.97,0.0,0,4,5,2016,1
HOUSEHOLD_1_418,HOUSEHOLD_1,HOUSEHOLD,CA_1,2016-05-07,31,15.0,7.0,16.0,15.428572,13.107142,0.97,0.0,1,5,5,2016,1
HOUSEHOLD_1_418,HOUSEHOLD_1,HOUSEHOLD,CA_1,2016-05-08,21,31.0,13.0,16.0,18.857143,13.642858,0.97,0.0,1,6,5,2016,1
HOUSEHOLD_1_418,HOUSEHOLD_1,HOUSEHOLD,CA_1,2016-05-09,14,21.0,26.0,10.0,20.0,13.821428,0.97,0.0,0,0,5,2016,1
HOUSEHOLD_1_418,HOUSEHOLD_1,HOUSEHOLD,CA_1,2016-05-10,15,14.0,23.0,23.0,18.285715,13.964286,0.97,0.0,0,1,5,2016,1
HOUSEHOLD_1_418,HOUSEHOLD_1,HOUSEHOLD,CA_1,2016-05-11,17,15.0,19.0,10.0,17.142857,13.678572,0.97,0.0,0,2,5,2016,0
HOUSEHOLD_1_418,HOUSEHOLD_1,HOUSEHOLD,CA_1,2016-05-12,9,17.0,5.0,11.0,16.857143,13.928572,0.97,0.0,0,3,5,2016,0
HOUSEHOLD_1_418,HOUSEHOLD_1,HOUSEHOLD,CA_1,2016-05-13,10,9.0,15.0,22.0,17.428572,13.857142,0.97,0.0,0,4,5,2016,0
HOUSEHOLD_1_418,HOUSEHOLD_1,HOUSEHOLD,CA_1,2016-05-14,16,10.0,31.0,25.0,16.714285,13.428572,0.97,0.0,1,5,5,2016,0
HOUSEHOLD_1_418,HOUSEHOLD_1,HOUSEHOLD,CA_1,2016-05-15,16,16.0,21.0,15.0,14.571428,13.107142,0.97,0.0,1,6,5,2016,0
HOUSEHOLD_1_418,HOUSEHOLD_1,HOUSEHOLD,CA_1,2016-05-16,8,16.0,14.0,11.0,13.857142,13.142858,0.97,0.0,0,0,5,2016,0
HOUSEHOLD_1_418,HOUSEHOLD_1,HOUSEHOLD,CA_1,2016-05-17,9,8.0,15.0,9.0,13.0,13.035714,0.97,0.0,0,1,5,2016,0
HOUSEHOLD_1_418,HOUSEHOLD_1,HOUSEHOLD,CA_1,2016-05-18,5,9.0,17.0,9.0,12.142858,13.035714,0.97,0.0,0,2,5,2016,0
HOUSEHOLD_1_418,HOUSEHOLD_1,HOUSEHOLD,CA_1,2016-05-19,5,5.0,9.0,6.0,10.428572,12.892858,0.97,0.0,0,3,5,2016,0
HOUSEHOLD_1_418,HOUSEHOLD_1,HOUSEHOLD,CA_1,2016-05-20,9,5.0,10.0,3.0,9.857142,12.857142,0.97,0.0,0,4,5,2016,0
HOUSEHOLD_1_418,HOUSEHOLD_1,HOUSEHOLD,CA_1,2016-05-21,17,9.0,16.0,11.0,9.714286,13.071428,0.97,0.0,1,5,5,2016,0
HOUSEHOLD_1_418,HOUSEHOLD_1,HOUSEHOLD,CA_1,2016-05-22,28,17.0,16.0,17.0,9.857142,13.285714,0.97,0.0,1,6,5,2016,0
HOUSEHOLD_1_418,HOUSEHOLD_1,HOUSEHOLD,CA_2,2016-04-25,1,10.0,4.0,5.0,6.142857,5.428571,0.97,0.0,0,0,4,2016,0
HOUSEHOLD_1_418,HOUSEHOLD_1,HOUSEHOLD,CA_2,2016-04-26,2,1.0,3.0,0.0,5.714286,5.285714,0.97,0.0,0,1,4,2016,0
HOUSEHOLD_1_418,HOUSEHOLD_1,HOUSEHOLD,CA_2,2016-04-27,0,2.0,9.0,2.0,5.571429,5.357143,0.97,0.0,0,2,4,2016,0
HOUSEHOLD_1_418,HOUSEHOLD_1,HOUSEHOLD,CA_2,2016-04-28,3,0.0,4.0,2.0,4.285714,5.285714,0.97,0.0,0,3,4,2016,0
HOUSEHOLD_1_418,HOUSEHOLD_1,HOUSEHOLD,CA_2,2016-04-29,2,3.0,6.0,7.0,4.142857,5.321429,0.97,0.0,0,4,4,2016,0
HOUSEHOLD_1_418,HOUSEHOLD_1,HOUSEHOLD,CA_2,2016-04-30,13,2.0,7.0,9.0,3.5714285,5.142857,0.97,0.0,1,5,4,2016,0
HOUSEHOLD_1_418,HOUSEHOLD_1,HOUSEHOLD,CA_2,2016-05-01,9,13.0,10.0,9.0,4.428571,5.285714,0.97,0.0,1,6,5,2016,1
HOUSEHOLD_1_418,HOUSEHOLD_1,HOUSEHOLD,CA_2,2016-05-02,4,9.0,1.0,2.0,4.285714,5.285714,0.97,0.0,0,0,5,2016,1
HOUSEHOLD_1_418,HOUSEHOLD_1,HOUSEHOLD,CA_2,2016-05-03,3,4.0,2.0,6.0,4.714286,5.357143,0.97,0.0,0,1,5,2016,1
HOUSEHOLD_1_418,HOUSEHOLD_1,HOUSEHOLD,CA_2,2016-05-04,9,3.0,0.0,6.0,4.857143,5.25,0.97,0.0,0,2,5,2016,1
HOUSEHOLD_1_418,HOUSEHOLD_1,HOUSEHOLD,CA_2,2016-05-05,1,9.0,3.0,0.0,6.142857,5.357143,0.97,0.0,0,3,5,2016,1
HOUSEHOLD_1_418,HOUSEHOLD_1,HOUSEHOLD,CA_2,2016-05-06,4,1.0,2.0,5.0,5.857143,5.392857,0.97,0.0,0,4,5,2016,1
HOUSEHOLD_1_418,HOUSEHOLD_1,HOUSEHOLD,CA_2,2016-05-07,4,4.0,13.0,12.0,6.142857,5.357143,0.97,0.0,1,5,5,2016,1
HOUSEHOLD_1_418,HOUSEHOLD_1,HOUSEHOLD,CA_2,2016-05-08,4,4.0,9.0,15.0,4.857143,5.071429,0.97,0.0,1,6,5,2016,1
HOUSEHOLD_1_418,HOUSEHOLD_1,HOUSEHOLD,CA_2,2016-05-09,4,4.0,4.0,3.0,4.142857,4.678571,0.97,0.0,0,0,5,2016,1
HOUSEHOLD_1_418,HOUSEHOLD_1,HOUSEHOLD,CA_2,2016-05-10,0,4.0,3.0,5.0,4.142857,4.714286,0.97,0.0,0,1,5,2016,1
HOUSEHOLD_1_418,HOUSEHOLD_1,HOUSEHOLD,CA_2,2016-05-11,4,0.0,9.0,1.0,3.7142856,4.535714,0.97,0.0,0,2,5,2016,0
HOUSEHOLD_1_418,HOUSEHOLD_1,HOUSEHOLD,CA_2,2016-05-12,9,4.0,1.0,6.0,3.0,4.642857,0.97,0.0,0,3,5,2016,0
HOUSEHOLD_1_418,HOUSEHOLD_1,HOUSEHOLD,CA_2,2016-05-13,5,9.0,4.0,5.0,4.142857,4.75,0.97,0.0,0,4,5,2016,0
HOUSEHOLD_1_418,HOUSEHOLD_1,HOUSEHOLD,CA_2,2016-05-14,8,5.0,4.0,3.0,4.285714,4.75,0.97,0.0,1,5,5,2016,0
HOUSEHOLD_1_418,HOUSEHOLD_1,HOUSEHOLD,CA_2,2016-05-15,10,8.0,4.0,6.0,4.857143,4.928571,0.97,0.0,1,6,5,2016,0
HOUSEHOLD_1_418,HOUSEHOLD_1,HOUSEHOLD,CA_2,2016-05-16,1,10.0,4.0,4.0,5.714286,5.071429,0.97,0.0,0,0,5,2016,0
HOUSEHOLD_1_418,HOUSEHOLD_1,HOUSEHOLD,CA_2,2016-05-17,0,1.0,0.0,3.0,5.285714,4.964286,0.97,0.0,0,1,5,2016,0
HOUSEHOLD_1_418,HOUSEHOLD_1,HOUSEHOLD,CA_2,2016-05-18,0,0.0,4.0,9.0,5.285714,4.857143,0.97,0.0,0,2,5,2016,0
HOUSEHOLD_1_418,HOUSEHOLD_1,HOUSEHOLD,CA_2,2016-05-19,2,0.0,9.0,4.0,4.714286,4.535714,0.97,0.0,0,3,5,2016,0
HOUSEHOLD_1_418,HOUSEHOLD_1,HOUSEHOLD,CA_2,2016-05-20,1,2.0,5.0,6.0,3.7142856,4.464286,0.97,0.0,0,4,5,2016,0
HOUSEHOLD_1_418,HOUSEHOLD_1,HOUSEHOLD,CA_2,2016-05-21,7,1.0,8.0,7.0,3.142857,4.285714,0.97,0.0,1,5,5,2016,0
HOUSEHOLD_1_418,HOUSEHOLD_1,HOUSEHOLD,CA_2,2016-05-22,6,7.0,10.0,10.0,3.0,4.285714,0.97,0.0,1,6,5,2016,0
HOUSEHOLD_1_418,HOUSEHOLD_1,HOUSEHOLD,CA_3,2016-04-25,42,35.0,2.0,10.0,19.142857,20.464285,0.97,0.0,0,0,4,2016,0
HOUSEHOLD_1_418,HOUSEHOLD_1,HOUSEHOLD,CA_3,2016-04-26,14,42.0,2.0,17.0,24.857143,21.607143,0.97,0.0,0,1,4,2016,0
HOUSEHOLD_1_418,HOUSEHOLD_1,HOUSEHOLD,CA_3,2016-04-27,1,14.0,12.0,21.0,26.571428,21.5,0.97,0.0,0,2,4,2016,0
HOUSEHOLD_1_418,HOUSEHOLD_1,HOUSEHOLD,CA_3,2016-04-28,24,1.0,24.0,16.0,25.0,20.785715,0.97,0.0,0,3,4,2016,0
HOUSEHOLD_1_418,HOUSEHOLD_1,HOUSEHOLD,CA_3,2016-04-29,13,24.0,22.0,35.0,25.0,21.071428,0.97,0.0,0,4,4,2016,0
HOUSEHOLD_1_418,HOUSEHOLD_1,HOUSEHOLD,CA_3,2016-04-30,16,13.0,37.0,24.0,23.714285,20.285715,0.97,0.0,1,5,4,2016,0
HOUSEHOLD_1_418,HOUSEHOLD_1,HOUSEHOLD,CA_3,2016-05-01,21,16.0,35.0,17.0,20.714285,20.0,0.97,0.0,1,6,5,2016,1
HOUSEHOLD_1_418,HOUSEHOLD_1,HOUSEHOLD,CA_3,2016-05-02,28,21.0,42.0,20.0,18.714285,20.142857,0.97,0.0,0,0,5,2016,1
HOUSEHOLD_1_418,HOUSEHOLD_1,HOUSEHOLD,CA_3,2016-05-03,32,28.0,14.0,30.0,16.714285,20.428572,0.97,0.0,0,1,5,2016,1
HOUSEHOLD_1_418,HOUSEHOLD_1,HOUSEHOLD,CA_3,2016-05-04,17,32.0,1.0,34.0,19.285715,20.5,0.97,0.0,0,2,5,2016,1
HOUSEHOLD_1_418,HOUSEHOLD_1,HOUSEHOLD,CA_3,2016-05-05,24,17.0,24.0,23.0,21.571428,19.892857,0.97,0.0,0,3,5,2016,1
HOUSEHOLD_1_418,HOUSEHOLD_1,HOUSEHOLD,CA_3,2016-05-06,13,24.0,13.0,27.0,21.571428,19.928572,0.97,0.0,0,4,5,2016,1
HOUSEHOLD_1_418,HOUSEHOLD_1,HOUSEHOLD,CA_3,2016-05-07,18,13.0,16.0,34.0,21.571428,19.428572,0.97,0.0,1,5,5,2016,1
HOUSEHOLD_1_418,HOUSEHOLD_1,HOUSEHOLD,CA_3,2016-05-08,21,18.0,21.0,25.0,21.857143,18.857143,0.97,0.0,1,6,5,2016,1
HOUSEHOLD_1_418,HOUSEHOLD_1,HOUSEHOLD,CA_3,2016-05-09,17,21.0,28.0,28.0,21.857143,18.714285,0.97,0.0,0,0,5,2016,1
HOUSEHOLD_1_418,HOUSEHOLD_1,HOUSEHOLD,CA_3,2016-05-10,2,17.0,32.0,13.0,20.285715,18.321428,0.97,0.0,0,1,5,2016,1
HOUSEHOLD_1_418,HOUSEHOLD_1,HOUSEHOLD,CA_3,2016-05-11,9,2.0,17.0,19.0,16.0,17.928572,0.97,0.0,0,2,5,2016,0
HOUSEHOLD_1_418,HOUSEHOLD_1,HOUSEHOLD,CA_3,2016-05-12,8,9.0,24.0,16.0,14.857142,17.571428,0.97,0.0,0,3,5,2016,0
HOUSEHOLD_1_418,HOUSEHOLD_1,HOUSEHOLD,CA_3,2016-05-13,13,8.0,13.0,2.0,12.571428,17.285715,0.97,0.0,0,4,5,2016,0
HOUSEHOLD_1_418,HOUSEHOLD_1,HOUSEHOLD,CA_3,2016-05-14,16,13.0,18.0,21.0,12.571428,17.678572,0.97,0.0,1,5,5,2016,0
HOUSEHOLD_1_418,HOUSEHOLD_1,HOUSEHOLD,CA_3,2016-05-15,1,16.0,21.0,7.0,12.285714,17.5,0.97,0.0,1,6,5,2016,0
HOUSEHOLD_1_418,HOUSEHOLD_1,HOUSEHOLD,CA_3,2016-05-16,12,1.0,17.0,2.0,9.428572,17.285715,0.97,0.0,0,0,5,2016,0
HOUSEHOLD_1_418,HOUSEHOLD_1,HOUSEHOLD,CA_3,2016-05-17,13,12.0,2.0,2.0,8.714286,17.642857,0.97,0.0,0,1,5,2016,0
HOUSEHOLD_1_418,HOUSEHOLD_1,HOUSEHOLD,CA_3,2016-05-18,13,13.0,9.0,12.0,10.285714,18.035715,0.97,0.0,0,2,5,2016,0
HOUSEHOLD_1_418,HOUSEHOLD_1,HOUSEHOLD,CA_3,2016-05-19,6,13.0,8.0,24.0,10.857142,18.071428,0.97,0.0,0,3,5,2016,0
HOUSEHOLD_1_418,HOUSEHOLD_1,HOUSEHOLD,CA_3,2016-05-20,17,6.0,13.0,22.0,10.571428,17.428572,0.97,0.0,0,4,5,2016,0
HOUSEHOLD_1_418,HOUSEHOLD_1,HOUSEHOLD,CA_3,2016-05-21,16,17.0,16.0,37.0,11.142858,17.25,0.97,0.0,1,5,5,2016,0
HOUSEHOLD_1_418,HOUSEHOLD_1,HOUSEHOLD,CA_3,2016-05-22,12,16.0,1.0,35.0,11.142858,16.5,0.97,0.0,1,6,5,2016,0
HOUSEHOLD_1_418,HOUSEHOLD_1,HOUSEHOLD,CA_4,2016-04-25,2,1.0,0.0,1.0,1.4285715,1.9642857,0.97,0.0,0,0,4,2016,0
HOUSEHOLD_1_418,HOUSEHOLD_1,HOUSEHOLD,CA_4,2016-04-26,0,2.0,0.0,2.0,1.7142857,2.0,0.97,0.0,0,1,4,2016,0
HOUSEHOLD_1_418,HOUSEHOLD_1,HOUSEHOLD,CA_4,2016-04-27,8,0.0,1.0,5.0,1.7142857,1.9285715,0.97,0.0,0,2,4,2016,0
HOUSEHOLD_1_418,HOUSEHOLD_1,HOUSEHOLD,CA_4,2016-04-28,2,8.0,5.0,1.0,2.7142856,2.0357144,0.97,0.0,0,3,4,2016,0
HOUSEHOLD_1_418,HOUSEHOLD_1,HOUSEHOLD,CA_4,2016-04-29,1,2.0,3.0,3.0,2.2857144,2.0714285,0.97,0.0,0,4,4,2016,0
HOUSEHOLD_1_418,HOUSEHOLD_1,HOUSEHOLD,CA_4,2016-04-30,2,1.0,0.0,1.0,2.0,2.0,0.97,0.0,1,5,4,2016,0
HOUSEHOLD_1_418,HOUSEHOLD_1,HOUSEHOLD,CA_4,2016-05-01,1,2.0,1.0,3.0,2.2857144,2.0357144,0.97,0.0,1,6,5,2016,1
HOUSEHOLD_1_418,HOUSEHOLD_1,HOUSEHOLD,CA_4,2016-05-02,2,1.0,2.0,2.0,2.2857144,1.9642857,0.97,0.0,0,0,5,2016,1
HOUSEHOLD_1_418,HOUSEHOLD_1,HOUSEHOLD,CA_4,2016-05-03,2,2.0,0.0,3.0,2.2857144,1.9642857,0.97,0.0,0,1,5,2016,1
HOUSEHOLD_1_418,HOUSEHOLD_1,HOUSEHOLD,CA_4,2016-05-04,0,2.0,8.0,1.0,2.5714285,1.9285715,0.97,0.0,0,2,5,2016,1
HOUSEHOLD_1_418,HOUSEHOLD_1,HOUSEHOLD,CA_4,2016-05-05,1,0.0,2.0,3.0,1.4285715,1.8928572,0.97,0.0,0,3,5,2016,1
HOUSEHOLD_1_418,HOUSEHOLD_1,HOUSEHOLD,CA_4,2016-05-06,4,1.0,1.0,2.0,1.2857143,1.8214285,0.97,0.0,0,4,5,2016,1
HOUSEHOLD_1_418,HOUSEHOLD_1,HOUSEHOLD,CA_4,2016-05-07,1,4.0,2.0,3.0,1.7142857,1.8928572,0.97,0.0,1,5,5,2016,1
HOUSEHOLD_1_418,HOUSEHOLD_1,HOUSEHOLD,CA_4,2016-05-08,1,1.0,1.0,1.0,1.5714285,1.8214285,0.97,0.0,1,6,5,2016,1
HOUSEHOLD_1_418,HOUSEHOLD_1,HOUSEHOLD,CA_4,2016-05-09,5,1.0,2.0,1.0,1.5714285,1.8214285,0.97,0.0,0,0,5,2016,1
HOUSEHOLD_1_418,HOUSEHOLD_1,HOUSEHOLD,CA_4,2016-05-10,1,5.0,2.0,2.0,2.0,1.9642857,0.97,0.0,0,1,5,2016,1
HOUSEHOLD_1_418,HOUSEHOLD_1,HOUSEHOLD,CA_4,2016-05-11,2,1.0,0.0,3.0,1.8571428,1.9285715,0.97,0.0,0,2,5,2016,0
HOUSEHOLD_1_418,HOUSEHOLD_1,HOUSEHOLD,CA_4,2016-05-12,4,2.0,1.0,0.0,2.142857,1.8928572,0.97,0.0,0,3,5,2016,0
HOUSEHOLD_1_418,HOUSEHOLD_1,HOUSEHOLD,CA_4,2016-05-13,5,4.0,4.0,3.0,2.5714285,2.0357144,0.97,0.0,0,4,5,2016,0
HOUSEHOLD_1_418,HOUSEHOLD_1,HOUSEHOLD,CA_4,2016-05-14,4,5.0,1.0,1.0,2.7142856,2.107143,0.97,0.0,1,5,5,2016,0
HOUSEHOLD_1_418,HOUSEHOLD_1,HOUSEHOLD,CA_4,2016-05-15,3,4.0,1.0,4.0,3.142857,2.2142856,0.97,0.0,1,6,5,2016,0
HOUSEHOLD_1_418,HOUSEHOLD_1,HOUSEHOLD,CA_4,2016-05-16,3,3.0,5.0,0.0,3.4285715,2.1785715,0.97,0.0,0,0,5,2016,0
HOUSEHOLD_1_418,HOUSEHOLD_1,HOUSEHOLD,CA_4,2016-05-17,2,3.0,1.0,0.0,3.142857,2.2857144,0.97,0.0,0,1,5,2016,0
HOUSEHOLD_1_418,HOUSEHOLD_1,HOUSEHOLD,CA_4,2016-05-18,1,2.0,2.0,1.0,3.2857144,2.357143,0.97,0.0,0,2,5,2016,0
HOUSEHOLD_1_418,HOUSEHOLD_1,HOUSEHOLD,CA_4,2016-05-19,1,1.0,4.0,5.0,3.142857,2.357143,0.97,0.0,0,3,5,2016,0
HOUSEHOLD_1_418,HOUSEHOLD_1,HOUSEHOLD,CA_4,2016-05-20,5,1.0,5.0,3.0,2.7142856,2.2142856,0.97,0.0,0,4,5,2016,0
HOUSEHOLD_1_418,HOUSEHOLD_1,HOUSEHOLD,CA_4,2016-05-21,3,5.0,4.0,0.0,2.7142856,2.2857144,0.97,0.0,1,5,5,2016,0
HOUSEHOLD_1_418,HOUSEHOLD_1,HOUSEHOLD,CA_4,2016-05-22,3,3.0,3.0,1.0,2.5714285,2.392857,0.97,0.0,1,6,5,2016,0
HOUSEHOLD_1_465,HOUSEHOLD_1,HOUSEHOLD,CA_1,2016-04-25,11,24.0,10.0,8.0,17.0,16.321428,0.97,0.0,0,0,4,2016,0
HOUSEHOLD_1_465,HOUSEHOLD_1,HOUSEHOLD,CA_1,2016-04-26,7,11.0,9.0,12.0,17.142857,16.428572,0.97,0.0,0,1,4,2016,0
HOUSEHOLD_1_465,HOUSEHOLD_1,HOUSEHOLD,CA_1,2016-04-27,6,7.0,10.0,15.0,16.857143,16.25,0.97,0.0,0,2,4,2016,0
HOUSEHOLD_1_465,HOUSEHOLD_1,HOUSEHOLD,CA_1,2016-04-28,3,6.0,13.0,9.0,16.285715,15.928572,0.97,0.0,0,3,4,2016,0
HOUSEHOLD_1_465,HOUSEHOLD_1,HOUSEHOLD,CA_1,2016-04-29,3,3.0,16.0,17.0,14.857142,15.714286,0.97,0.0,0,4,4,2016,0
HOUSEHOLD_1_465,HOUSEHOLD_1,HOUSEHOLD,CA_1,2016-04-30,8,3.0,37.0,14.0,13.0,15.214286,0.97,0.0,1,5,4,2016,0
HOUSEHOLD_1_465,HOUSEHOLD_1,HOUSEHOLD,CA_1,2016-05-01,13,8.0,24.0,22.0,8.857142,15.0,0.97,0.0,1,6,5,2016,1
HOUSEHOLD_1_465,HOUSEHOLD_1,HOUSEHOLD,CA_1,2016-05-02,11,13.0,11.0,82.0,7.285714,14.678572,0.97,0.0,0,0,5,2016,1
HOUSEHOLD_1_465,HOUSEHOLD_1,HOUSEHOLD,CA_1,2016-05-03,10,11.0,7.0,2.0,7.285714,12.142858,0.97,0.0,0,1,5,2016,1
HOUSEHOLD_1_465,HOUSEHOLD_1,HOUSEHOLD,CA_1,2016-05-04,6,10.0,6.0,5.0,7.714286,12.428572,0.97,0.0,0,2,5,2016,1
HOUSEHOLD_1_465,HOUSEHOLD_1,HOUSEHOLD,CA_1,2016-05-05,17,6.0,3.0,16.0,7.714286,12.464286,0.97,0.0,0,3,5,2016,1
HOUSEHOLD_1_465,HOUSEHOLD_1,HOUSEHOLD,CA_1,2016-05-06,15,17.0,3.0,7.0,9.714286,12.5,0.97,0.0,0,4,5,2016,1
HOUSEHOLD_1_465,HOUSEHOLD_1,HOUSEHOLD,CA_1,2016-05-07,19,15.0,8.0,4.0,11.428572,12.785714,0.97,0.0,1,5,5,2016,1
HOUSEHOLD_1_465,HOUSEHOLD_1,HOUSEHOLD,CA_1,2016-05-08,17,19.0,13.0,19.0,13.0,13.321428,0.97,0.0,1,6,5,2016,1
HOUSEHOLD_1_465,HOUSEHOLD_1,HOUSEHOLD,CA_1,2016-05-09,13,17.0,11.0,11.0,13.571428,13.25,0.97,0.0,0,0,5,2016,1
HOUSEHOLD_1_465,HOUSEHOLD_1,HOUSEHOLD,CA_1,2016-05-10,9,13.0,10.0,19.0,13.857142,13.321428,0.97,0.0,0,1,5,2016,1
HOUSEHOLD_1_465,HOUSEHOLD_1,HOUSEHOLD,CA_1,2016-05-11,5,9.0,6.0,7.0,13.714286,12.964286,0.97,0.0,0,2,5,2016,0
HOUSEHOLD_1_465,HOUSEHOLD_1,HOUSEHOLD,CA_1,2016-05-12,5,5.0,17.0,9.0,13.571428,12.892858,0.97,0.0,0,3,5,2016,0
HOUSEHOLD_1_465,HOUSEHOLD_1,HOUSEHOLD,CA_1,2016-05-13,7,5.0,15.0,24.0,11.857142,12.75,0.97,0.0,0,4,5,2016,0
HOUSEHOLD_1_465,HOUSEHOLD_1,HOUSEHOLD,CA_1,2016-05-14,24,7.0,19.0,21.0,10.714286,12.142858,0.97,0.0,1,5,5,2016,0
HOUSEHOLD_1_465,HOUSEHOLD_1,HOUSEHOLD,CA_1,2016-05-15,16,24.0,17.0,15.0,11.428572,12.25,0.97,0.0,1,6,5,2016,0
HOUSEHOLD_1_465,HOUSEHOLD_1,HOUSEHOLD,CA_1,2016-05-16,7,16.0,13.0,10.0,11.285714,12.285714,0.97,0.0,0,0,5,2016,0
HOUSEHOLD_1_465,HOUSEHOLD_1,HOUSEHOLD,CA_1,2016-05-17,5,7.0,9.0,9.0,10.428572,12.178572,0.97,0.0,0,1,5,2016,0
HOUSEHOLD_1_465,HOUSEHOLD_1,HOUSEHOLD,CA_1,2016-05-18,4,5.0,5.0,10.0,9.857142,12.035714,0.97,0.0,0,2,5,2016,0
HOUSEHOLD_1_465,HOUSEHOLD_1,HOUSEHOLD,CA_1,2016-05-19,8,4.0,5.0,13.0,9.714286,11.821428,0.97,0.0,0,3,5,2016,0
HOUSEHOLD_1_465,HOUSEHOLD_1,HOUSEHOLD,CA_1,2016-05-20,9,8.0,7.0,16.0,10.142858,11.642858,0.97,0.0,0,4,5,2016,0
HOUSEHOLD_1_465,HOUSEHOLD_1,HOUSEHOLD,CA_1,2016-05-21,25,9.0,24.0,37.0,10.428572,11.392858,0.97,0.0,1,5,5,2016,0
HOUSEHOLD_1_465,HOUSEHOLD_1,HOUSEHOLD,CA_1,2016-05-22,21,25.0,16.0,24.0,10.571428,10.964286,0.97,0.0,1,6,5,2016,0
HOUSEHOLD_1_465,HOUSEHOLD_1,HOUSEHOLD,CA_2,2016-04-25,1,11.0,5.0,13.0,6.142857,7.321429,0.97,0.0,0,0,4,2016,0
HOUSEHOLD_1_465,HOUSEHOLD_1,HOUSEHOLD,CA_2,2016-04-26,4,1.0,4.0,8.0,5.571429,6.892857,0.97,0.0,0,1,4,2016,0
HOUSEHOLD_1_465,HOUSEHOLD_1,HOUSEHOLD,CA_2,2016-04-27,17,4.0,4.0,2.0,5.571429,6.75,0.97,0.0,0,2,4,2016,0
HOUSEHOLD_1_465,HOUSEHOLD_1,HOUSEHOLD,CA_2,2016-04-28,1,17.0,6.0,3.0,7.428571,7.285714,0.97,0.0,0,3,4,2016,0
HOUSEHOLD_1_465,HOUSEHOLD_1,HOUSEHOLD,CA_2,2016-04-29,5,1.0,5.0,4.0,6.714286,7.214286,0.97,0.0,0,4,4,2016,0
HOUSEHOLD_1_465,HOUSEHOLD_1,HOUSEHOLD,CA_2,2016-04-30,13,5.0,8.0,17.0,6.714286,7.25,0.97,0.0,1,5,4,2016,0
HOUSEHOLD_1_465,HOUSEHOLD_1,HOUSEHOLD,CA_2,2016-05-01,10,13.0,11.0,13.0,7.428571,7.107143,0.97,0.0,1,6,5,2016,1
HOUSEHOLD_1_465,HOUSEHOLD_1,HOUSEHOLD,CA_2,2016-05-02,7,10.0,1.0,7.0,7.285714,7.0,0.97,0.0,0,0,5,2016,1
HOUSEHOLD_1_465,HOUSEHOLD_1,HOUSEHOLD,CA_2,2016-05-03,3,7.0,4.0,10.0,8.142858,7.0,0.97,0.0,0,1,5,2016,1
HOUSEHOLD_1_465,HOUSEHOLD_1,HOUSEHOLD,CA_2,2016-05-04,4,3.0,17.0,5.0,8.0,6.75,0.97,0.0,0,2,5,2016,1
HOUSEHOLD_1_465,HOUSEHOLD_1,HOUSEHOLD,CA_2,2016-05-05,5,4.0,1.0,11.0,6.142857,6.714286,0.97,0.0,0,3,5,2016,1
HOUSEHOLD_1_465,HOUSEHOLD_1,HOUSEHOLD,CA_2,2016-05-06,3,5.0,5.0,9.0,6.714286,6.5,0.97,0.0,0,4,5,2016,1
HOUSEHOLD_1_465,HOUSEHOLD_1,HOUSEHOLD,CA_2,2016-05-07,9,3.0,13.0,6.0,6.428571,6.285714,0.97,0.0,1,5,5,2016,1
HOUSEHOLD_1_465,HOUSEHOLD_1,HOUSEHOLD,CA_2,2016-05-08,7,9.0,10.0,3.0,5.857143,6.392857,0.97,0.0,1,6,5,2016,1
HOUSEHOLD_1_465,HOUSEHOLD_1,HOUSEHOLD,CA_2,2016-05-09,11,7.0,7.0,3.0,5.428571,6.535714,0.97,0.0,0,0,5,2016,1
HOUSEHOLD_1_465,HOUSEHOLD_1,HOUSEHOLD,CA_2,2016-05-10,15,11.0,3.0,4.0,6.0,6.821429,0.97,0.0,0,1,5,2016,1
HOUSEHOLD_1_465,HOUSEHOLD_1,HOUSEHOLD,CA_2,2016-05-11,6,15.0,4.0,6.0,7.714286,7.214286,0.97,0.0,0,2,5,2016,0
HOUSEHOLD_1_465,HOUSEHOLD_1,HOUSEHOLD,CA_2,2016-05-12,11,6.0,5.0,4.0,8.0,7.214286,0.97,0.0,0,3,5,2016,0
HOUSEHOLD_1_465,HOUSEHOLD_1,HOUSEHOLD,CA_2,2016-05-13,11,11.0,3.0,5.0,8.857142,7.464286,0.97,0.0,0,4,5,2016,0
HOUSEHOLD_1_465,HOUSEHOLD_1,HOUSEHOLD,CA_2,2016-05-14,12,11.0,9.0,9.0,10.0,7.678571,0.97,0.0,1,5,5,2016,0
HOUSEHOLD_1_465,HOUSEHOLD_1,HOUSEHOLD,CA_2,2016-05-15,8,12.0,7.0,20.0,10.428572,7.785714,0.97,0.0,1,6,5,2016,0
HOUSEHOLD_1_465,HOUSEHOLD_1,HOUSEHOLD,CA_2,2016-05-16,0,8.0,11.0,5.0,10.571428,7.357143,0.97,0.0,0,0,5,2016,0
HOUSEHOLD_1_465,HOUSEHOLD_1,HOUSEHOLD,CA_2,2016-05-17,0,0.0,15.0,4.0,9.0,7.178571,0.97,0.0,0,1,5,2016,0
HOUSEHOLD_1_465,HOUSEHOLD_1,HOUSEHOLD,CA_2,2016-05-18,0,0.0,6.0,4.0,6.857143,7.035714,0.97,0.0,0,2,5,2016,0
HOUSEHOLD_1_465,HOUSEHOLD_1,HOUSEHOLD,CA_2,2016-05-19,0,0.0,11.0,6.0,6.0,6.892857,0.97,0.0,0,3,5,2016,0
HOUSEHOLD_1_465,HOUSEHOLD_1,HOUSEHOLD,CA_2,2016-05-20,0,0.0,11.0,5.0,4.428571,6.678571,0.97,0.0,0,4,5,2016,0
HOUSEHOLD_1_465,HOUSEHOLD_1,HOUSEHOLD,CA_2,2016-05-21,0,0.0,12.0,8.0,2.857143,6.5,0.97,0.0,1,5,5,2016,0
HOUSEHOLD_1_465,HOUSEHOLD_1,HOUSEHOLD,CA_2,2016-05-22,7,0.0,8.0,11.0,1.1428572,6.214286,0.97,0.0,1,6,5,2016,0
HOUSEHOLD_1_465,HOUSEHOLD_1,HOUSEHOLD,CA_3,2016-04-25,22,37.0,28.0,27.0,26.571428,29.214285,0.97,0.0,0,0,4,2016,0
HOUSEHOLD_1_465,HOUSEHOLD_1,HOUSEHOLD,CA_3,2016-04-26,13,22.0,12.0,23.0,25.714285,29.035715,0.97,0.0,0,1,4,2016,0
HOUSEHOLD_1_465,HOUSEHOLD_1,HOUSEHOLD,CA_3,2016-04-27,20,13.0,37.0,16.0,25.857143,28.678572,0.97,0.0,0,2,4,2016,0
HOUSEHOLD_1_465,HOUSEHOLD_1,HOUSEHOLD,CA_3,2016-04-28,16,20.0,42.0,38.0,23.428572,28.821428,0.97,0.0,0,3,4,2016,0
HOUSEHOLD_1_465,HOUSEHOLD_1,HOUSEHOLD,CA_3,2016-04-29,8,16.0,10.0,31.0,19.714285,28.035715,0.97,0.0,0,4,4,2016,0
HOUSEHOLD_1_465,HOUSEHOLD_1,HOUSEHOLD,CA_3,2016-04-30,19,8.0,20.0,34.0,19.428572,27.214285,0.97,0.0,1,5,4,2016,0
HOUSEHOLD_1_465,HOUSEHOLD_1,HOUSEHOLD,CA_3,2016-05-01,30,19.0,37.0,30.0,19.285715,26.678572,0.97,0.0,1,6,5,2016,1
HOUSEHOLD_1_465,HOUSEHOLD_1,HOUSEHOLD,CA_3,2016-05-02,20,30.0,22.0,58.0,18.285715,26.678572,0.97,0.0,0,0,5,2016,1
HOUSEHOLD_1_465,HOUSEHOLD_1,HOUSEHOLD,CA_3,2016-05-03,21,20.0,13.0,27.0,18.0,25.321428,0.97,0.0,0,1,5,2016,1
HOUSEHOLD_1_465,HOUSEHOLD_1,HOUSEHOLD,CA_3,2016-05-04,15,21.0,20.0,30.0,19.142857,25.107143,0.97,0.0,0,2,5,2016,1
HOUSEHOLD_1_465,HOUSEHOLD_1,HOUSEHOLD,CA_3,2016-05-05,23,15.0,16.0,14.0,18.428572,24.571428,0.97,0.0,0,3,5,2016,1
HOUSEHOLD_1_465,HOUSEHOLD_1,HOUSEHOLD,CA_3,2016-05-06,21,23.0,8.0,19.0,19.428572,24.892857,0.97,0.0,0,4,5,2016,1
HOUSEHOLD_1_465,HOUSEHOLD_1,HOUSEHOLD,CA_3,2016-05-07,25,21.0,19.0,38.0,21.285715,24.964285,0.97,0.0,1,5,5,2016,1
HOUSEHOLD_1_465,HOUSEHOLD_1,HOUSEHOLD,CA_3,2016-05-08,15,25.0,30.0,26.0,22.142857,24.5,0.97,0.0,1,6,5,2016,1
HOUSEHOLD_1_465,HOUSEHOLD_1,HOUSEHOLD,CA_3,2016-05-09,20,15.0,20.0,37.0,20.0,24.107143,0.97,0.0,0,0,5,2016,1
HOUSEHOLD_1_465,HOUSEHOLD_1,HOUSEHOLD,CA_3,2016-05-10,22,20.0,21.0,40.0,20.0,23.5,0.97,0.0,0,1,5,2016,1
HOUSEHOLD_1_465,HOUSEHOLD_1,HOUSEHOLD,CA_3,2016-05-11,26,22.0,15.0,29.0,20.142857,22.857143,0.97,0.0,0,2,5,2016,0
HOUSEHOLD_1_465,HOUSEHOLD_1,HOUSEHOLD,CA_3,2016-05-12,11,26.0,23.0,18.0,21.714285,22.75,0.97,0.0,0,3,5,2016,0
HOUSEHOLD_1_465,HOUSEHOLD_1,HOUSEHOLD,CA_3,2016-05-13,27,11.0,21.0,28.0,20.0,22.5,0.97,0.0,0,4,5,2016,0
HOUSEHOLD_1_465,HOUSEHOLD_1,HOUSEHOLD,CA_3,2016-05-14,24,27.0,25.0,30.0,20.857143,22.464285,0.97,0.0,1,5,5,2016,0
HOUSEHOLD_1_465,HOUSEHOLD_1,HOUSEHOLD,CA_3,2016-05-15,42,24.0,15.0,39.0,20.714285,22.25,0.97,0.0,1,6,5,2016,0
HOUSEHOLD_1_465,HOUSEHOLD_1,HOUSEHOLD,CA_3,2016-05-16,7,42.0,20.0,28.0,24.571428,22.357143,0.97,0.0,0,0,5,2016,0
HOUSEHOLD_1_465,HOUSEHOLD_1,HOUSEHOLD,CA_3,2016-05-17,7,7.0,22.0,12.0,22.714285,21.607143,0.97,0.0,0,1,5,2016,0
HOUSEHOLD_1_465,HOUSEHOLD_1,HOUSEHOLD,CA_3,2016-05-18,11,7.0,26.0,37.0,20.571428,21.428572,0.97,0.0,0,2,5,2016,0
HOUSEHOLD_1_465,HOUSEHOLD_1,HOUSEHOLD,CA_3,2016-05-19,7,11.0,11.0,42.0,18.428572,20.5,0.97,0.0,0,3,5,2016,0
HOUSEHOLD_1_465,HOUSEHOLD_1,HOUSEHOLD,CA_3,2016-05-20,33,7.0,27.0,10.0,17.857143,19.25,0.97,0.0,0,4,5,2016,0
HOUSEHOLD_1_465,HOUSEHOLD_1,HOUSEHOLD,CA_3,2016-05-21,20,33.0,24.0,20.0,18.714285,20.071428,0.97,0.0,1,5,5,2016,0
HOUSEHOLD_1_465,HOUSEHOLD_1,HOUSEHOLD,CA_3,2016-05-22,2,20.0,42.0,37.0,18.142857,20.071428,0.97,0.0,1,6,5,2016,0
HOUSEHOLD_1_465,HOUSEHOLD_1,HOUSEHOLD,CA_4,2016-04-25,2,5.0,2.0,3.0,2.4285715,2.392857,0.97,0.0,0,0,4,2016,0
HOUSEHOLD_1_465,HOUSEHOLD_1,HOUSEHOLD,CA_4,2016-04-26,4,2.0,0.0,0.0,2.4285715,2.357143,0.97,0.0,0,1,4,2016,0
HOUSEHOLD_1_465,HOUSEHOLD_1,HOUSEHOLD,CA_4,2016-04-27,1,4.0,4.0,0.0,3.0,2.5,0.97,0.0,0,2,4,2016,0
HOUSEHOLD_1_465,HOUSEHOLD_1,HOUSEHOLD,CA_4,2016-04-28,1,1.0,1.0,1.0,2.5714285,2.5357144,0.97,0.0,0,3,4,2016,0
HOUSEHOLD_1_465,HOUSEHOLD_1,HOUSEHOLD,CA_4,2016-04-29,4,1.0,3.0,2.0,2.5714285,2.5357144,0.97,0.0,0,4,4,2016,0
HOUSEHOLD_1_465,HOUSEHOLD_1,HOUSEHOLD,CA_4,2016-04-30,6,4.0,2.0,1.0,2.7142856,2.607143,0.97,0.0,1,5,4,2016,0
HOUSEHOLD_1_465,HOUSEHOLD_1,HOUSEHOLD,CA_4,2016-05-01,5,6.0,5.0,3.0,3.2857144,2.7857144,0.97,0.0,1,6,5,2016,1
HOUSEHOLD_1_465,HOUSEHOLD_1,HOUSEHOLD,CA_4,2016-05-02,3,5.0,2.0,6.0,3.2857144,2.857143,0.97,0.0,0,0,5,2016,1
HOUSEHOLD_1_465,HOUSEHOLD_1,HOUSEHOLD,CA_4,2016-05-03,4,3.0,4.0,0.0,3.4285715,2.75,0.97,0.0,0,1,5,2016,1
HOUSEHOLD_1_465,HOUSEHOLD_1,HOUSEHOLD,CA_4,2016-05-04,5,4.0,1.0,5.0,3.4285715,2.892857,0.97,0.0,0,2,5,2016,1
HOUSEHOLD_1_465,HOUSEHOLD_1,HOUSEHOLD,CA_4,2016-05-05,0,5.0,1.0,6.0,4.0,2.892857,0.97,0.0,0,3,5,2016,1
HOUSEHOLD_1_465,HOUSEHOLD_1,HOUSEHOLD,CA_4,2016-05-06,0,0.0,4.0,2.0,3.857143,2.6785715,0.97,0.0,0,4,5,2016,1
HOUSEHOLD_1_465,HOUSEHOLD_1,HOUSEHOLD,CA_4,2016-05-07,2,0.0,6.0,4.0,3.2857144,2.607143,0.97,0.0,1,5,5,2016,1
HOUSEHOLD_1_465,HOUSEHOLD_1,HOUSEHOLD,CA_4,2016-05-08,0,2.0,5.0,6.0,2.7142856,2.5357144,0.97,0.0,1,6,5,2016,1
HOUSEHOLD_1_465,HOUSEHOLD_1,HOUSEHOLD,CA_4,2016-05-09,4,0.0,3.0,2.0,2.0,2.3214285,0.97,0.0,0,0,5,2016,1
HOUSEHOLD_1_465,HOUSEHOLD_1,HOUSEHOLD,CA_4,2016-05-10,5,4.0,4.0,2.0,2.142857,2.392857,0.97,0.0,0,1,5,2016,1
HOUSEHOLD_1_465,HOUSEHOLD_1,HOUSEHOLD,CA_4,2016-05-11,7,5.0,5.0,2.0,2.2857144,2.5,0.97,0.0,0,2,5,2016,0
HOUSEHOLD_1_465,HOUSEHOLD_1,HOUSEHOLD,CA_4,2016-05-12,1,7.0,0.0,0.0,2.5714285,2.6785715,0.97,0.0,0,3,5,2016,0
HOUSEHOLD_1_465,HOUSEHOLD_1,HOUSEHOLD,CA_4,2016-05-13,2,1.0,0.0,0.0,2.7142856,2.7142856,0.97,0.0,0,4,5,2016,0
HOUSEHOLD_1_465,HOUSEHOLD_1,HOUSEHOLD,CA_4,2016-05-14,2,2.0,2.0,4.0,3.0,2.7857144,0.97,0.0,1,5,5,2016,0
HOUSEHOLD_1_465,HOUSEHOLD_1,HOUSEHOLD,CA_4,2016-05-15,3,2.0,0.0,1.0,3.0,2.7142856,0.97,0.0,1,6,5,2016,0
HOUSEHOLD_1_465,HOUSEHOLD_1,HOUSEHOLD,CA_4,2016-05-16,8,3.0,4.0,2.0,3.4285715,2.7857144,0.97,0.0,0,0,5,2016,0
HOUSEHOLD_1_465,HOUSEHOLD_1,HOUSEHOLD,CA_4,2016-05-17,0,8.0,5.0,0.0,4.0,3.0,0.97,0.0,0,1,5,2016,0
HOUSEHOLD_1_465,HOUSEHOLD_1,HOUSEHOLD,CA_4,2016-05-18,2,0.0,7.0,4.0,3.2857144,3.0,0.97,0.0,0,2,5,2016,0
HOUSEHOLD_1_465,HOUSEHOLD_1,HOUSEHOLD,CA_4,2016-05-19,5,2.0,1.0,1.0,2.5714285,2.9285715,0.97,0.0,0,3,5,2016,0
HOUSEHOLD_1_465,HOUSEHOLD_1,HOUSEHOLD,CA_4,2016-05-20,2,5.0,2.0,3.0,3.142857,3.0714285,0.97,0.0,0,4,5,2016,0
HOUSEHOLD_1_465,HOUSEHOLD_1,HOUSEHOLD,CA_4,2016-05-21,2,2.0,2.0,2.0,3.142857,3.0357144,0.97,0.0,1,5,5,2016,0
HOUSEHOLD_1_465,HOUSEHOLD_1,HOUSEHOLD,CA_4,2016-05-22,4,2.0,3.0,5.0,3.142857,3.0357144,0.97,0.0,1,6,5,2016,0
HOUSEHOLD_1_517,HOUSEHOLD_1,HOUSEHOLD,CA_1,2016-04-25,4,11.0,7.0,5.0,9.0,7.107143,0.88,0.0,0,0,4,2016,0
HOUSEHOLD_1_517,HOUSEHOLD_1,HOUSEHOLD,CA_1,2016-04-26,12,4.0,2.0,7.0,8.571428,7.071429,0.88,0.0,0,1,4,2016,0
HOUSEHOLD_1_517,HOUSEHOLD_1,HOUSEHOLD,CA_1,2016-04-27,4,12.0,9.0,7.0,10.0,7.25,0.88,0.0,0,2,4,2016,0
HOUSEHOLD_1_517,HOUSEHOLD_1,HOUSEHOLD,CA_1,2016-04-28,8,4.0,11.0,1.0,9.285714,7.142857,0.88,0.0,0,3,4,2016,0
HOUSEHOLD_1_517,HOUSEHOLD_1,HOUSEHOLD,CA_1,2016-04-29,7,8.0,8.0,9.0,8.857142,7.392857,0.88,0.0,0,4,4,2016,0
HOUSEHOLD_1_517,HOUSEHOLD_1,HOUSEHOLD,CA_1,2016-04-30,1,7.0,15.0,14.0,8.714286,7.321429,0.88,0.0,1,5,4,2016,0
HOUSEHOLD_1_517,HOUSEHOLD_1,HOUSEHOLD,CA_1,2016-05-01,0,1.0,11.0,15.0,6.714286,6.857143,0.88,0.0,1,6,5,2016,1
HOUSEHOLD_1_517,HOUSEHOLD_1,HOUSEHOLD,CA_1,2016-05-02,17,0.0,4.0,0.0,5.142857,6.321429,0.88,0.0,0,0,5,2016,1
HOUSEHOLD_1_517,HOUSEHOLD_1,HOUSEHOLD,CA_1,2016-05-03,15,17.0,12.0,0.0,7.0,6.928571,0.88,0.0,0,1,5,2016,1
HOUSEHOLD_1_517,HOUSEHOLD_1,HOUSEHOLD,CA_1,2016-05-04,6,15.0,4.0,0.0,7.428571,7.464286,0.88,0.0,0,2,5,2016,1
HOUSEHOLD_1_517,HOUSEHOLD_1,HOUSEHOLD,CA_1,2016-05-05,9,6.0,8.0,7.0,7.714286,7.678571,0.88,0.0,0,3,5,2016,1
HOUSEHOLD_1_517,HOUSEHOLD_1,HOUSEHOLD,CA_1,2016-05-06,10,9.0,7.0,9.0,7.857143,7.75,0.88,0.0,0,4,5,2016,1
HOUSEHOLD_1_517,HOUSEHOLD_1,HOUSEHOLD,CA_1,2016-05-07,11,10.0,1.0,13.0,8.285714,7.785714,0.88,0.0,1,5,5,2016,1
HOUSEHOLD_1_517,HOUSEHOLD_1,HOUSEHOLD,CA_1,2016-05-08,3,11.0,0.0,6.0,9.714286,7.714286,0.88,0.0,1,6,5,2016,1
HOUSEHOLD_1_517,HOUSEHOLD_1,HOUSEHOLD,CA_1,2016-05-09,8,3.0,17.0,0.0,10.142858,7.607143,0.88,0.0,0,0,5,2016,1
HOUSEHOLD_1_517,HOUSEHOLD_1,HOUSEHOLD,CA_1,2016-05-10,7,8.0,15.0,0.0,8.857142,7.892857,0.88,0.0,0,1,5,2016,1
HOUSEHOLD_1_517,HOUSEHOLD_1,HOUSEHOLD,CA_1,2016-05-11,11,7.0,6.0,0.0,7.714286,8.142858,0.88,0.0,0,2,5,2016,0
HOUSEHOLD_1_517,HOUSEHOLD_1,HOUSEHOLD,CA_1,2016-05-12,6,11.0,9.0,0.0,8.428572,8.535714,0.88,0.0,0,3,5,2016,0
HOUSEHOLD_1_517,HOUSEHOLD_1,HOUSEHOLD,CA_1,2016-05-13,14,6.0,10.0,0.0,8.0,8.75,0.88,0.0,0,4,5,2016,0
HOUSEHOLD_1_517,HOUSEHOLD_1,HOUSEHOLD,CA_1,2016-05-14,1,14.0,11.0,21.0,8.571428,9.25,0.88,0.0,1,5,5,2016,0
HOUSEHOLD_1_517,HOUSEHOLD_1,HOUSEHOLD,CA_1,2016-05-15,0,1.0,3.0,22.0,7.142857,8.535714,0.88,0.0,1,6,5,2016,0
HOUSEHOLD_1_517,HOUSEHOLD_1,HOUSEHOLD,CA_1,2016-05-16,12,0.0,8.0,7.0,6.714286,7.75,0.88,0.0,0,0,5,2016,0
HOUSEHOLD_1_517,HOUSEHOLD_1,HOUSEHOLD,CA_1,2016-05-17,0,12.0,7.0,2.0,7.285714,7.928571,0.88,0.0,0,1,5,2016,0
HOUSEHOLD_1_517,HOUSEHOLD_1,HOUSEHOLD,CA_1,2016-05-18,7,0.0,11.0,9.0,6.285714,7.857143,0.88,0.0,0,2,5,2016,0
HOUSEHOLD_1_517,HOUSEHOLD_1,HOUSEHOLD,CA_1,2016-05-19,3,7.0,6.0,11.0,5.714286,7.785714,0.88,0.0,0,3,5,2016,0
HOUSEHOLD_1_517,HOUSEHOLD_1,HOUSEHOLD,CA_1,2016-05-20,13,3.0,14.0,8.0,5.285714,7.5,0.88,0.0,0,4,5,2016,0
HOUSEHOLD_1_517,HOUSEHOLD_1,HOUSEHOLD,CA_1,2016-05-21,7,13.0,1.0,15.0,5.142857,7.678571,0.88,0.0,1,5,5,2016,0
HOUSEHOLD_1_517,HOUSEHOLD_1,HOUSEHOLD,CA_1,2016-05-22,13,7.0,0.0,11.0,6.0,7.392857,0.88,0.0,1,6,5,2016,0
HOUSEHOLD_1_517,HOUSEHOLD_1,HOUSEHOLD,CA_2,2016-04-25,5,5.0,10.0,12.0,6.857143,7.035714,0.88,0.0,0,0,4,2016,0
HOUSEHOLD_1_517,HOUSEHOLD_1,HOUSEHOLD,CA_2,2016-04-26,3,5.0,5.0,4.0,6.142857,6.785714,0.88,0.0,0,1,4,2016,0
HOUSEHOLD_1_517,HOUSEHOLD_1,HOUSEHOLD,CA_2,2016-04-27,5,3.0,6.0,10.0,5.857143,6.75,0.88,0.0,0,2,4,2016,0
HOUSEHOLD_1_517,HOUSEHOLD_1,HOUSEHOLD,CA_2,2016-04-28,1,5.0,5.0,6.0,5.714286,6.571429,0.88,0.0,0,3,4,2016,0
HOUSEHOLD_1_517,HOUSEHOLD_1,HOUSEHOLD,CA_2,2016-04-29,4,1.0,4.0,7.0,5.142857,6.392857,0.88,0.0,0,4,4,2016,0
HOUSEHOLD_1_517,HOUSEHOLD_1,HOUSEHOLD,CA_2,2016-04-30,10,4.0,13.0,7.0,5.142857,6.285714,0.88,0.0,1,5,4,2016,0
HOUSEHOLD_1_517,HOUSEHOLD_1,HOUSEHOLD,CA_2,2016-05-01,13,10.0,5.0,6.0,4.714286,6.392857,0.88,0.0,1,6,5,2016,1
HOUSEHOLD_1_517,HOUSEHOLD_1,HOUSEHOLD,CA_2,2016-05-02,10,13.0,5.0,6.0,5.857143,6.642857,0.88,0.0,0,0,5,2016,1
HOUSEHOLD_1_517,HOUSEHOLD_1,HOUSEHOLD,CA_2,2016-05-03,10,10.0,3.0,6.0,6.571429,6.785714,0.88,0.0,0,1,5,2016,1
HOUSEHOLD_1_517,HOUSEHOLD_1,HOUSEHOLD,CA_2,2016-05-04,3,10.0,5.0,6.0,7.571429,6.928571,0.88,0.0,0,2,5,2016,1
HOUSEHOLD_1_517,HOUSEHOLD_1,HOUSEHOLD,CA_2,2016-05-05,8,3.0,1.0,7.0,7.285714,6.821429,0.88,0.0,0,3,5,2016,1
HOUSEHOLD_1_517,HOUSEHOLD_1,HOUSEHOLD,CA_2,2016-05-06,5,8.0,4.0,12.0,8.285714,6.857143,0.88,0.0,0,4,5,2016,1
HOUSEHOLD_1_517,HOUSEHOLD_1,HOUSEHOLD,CA_2,2016-05-07,16,5.0,10.0,5.0,8.428572,6.607143,0.88,0.0,1,5,5,2016,1
HOUSEHOLD_1_517,HOUSEHOLD_1,HOUSEHOLD,CA_2,2016-05-08,14,16.0,13.0,8.0,9.285714,7.0,0.88,0.0,1,6,5,2016,1
HOUSEHOLD_1_517,HOUSEHOLD_1,HOUSEHOLD,CA_2,2016-05-09,8,14.0,10.0,6.0,9.428572,7.214286,0.88,0.0,0,0,5,2016,1
HOUSEHOLD_1_517,HOUSEHOLD_1,HOUSEHOLD,CA_2,2016-05-10,4,8.0,10.0,7.0,9.142858,7.285714,0.88,0.0,0,1,5,2016,1
HOUSEHOLD_1_517,HOUSEHOLD_1,HOUSEHOLD,CA_2,2016-05-11,8,4.0,3.0,7.0,8.285714,7.178571,0.88,0.0,0,2,5,2016,0
HOUSEHOLD_1_517,HOUSEHOLD_1,HOUSEHOLD,CA_2,2016-05-12,6,8.0,8.0,5.0,9.0,7.214286,0.88,0.0,0,3,5,2016,0
HOUSEHOLD_1_517,HOUSEHOLD_1,HOUSEHOLD,CA_2,2016-05-13,2,6.0,5.0,7.0,8.714286,7.25,0.88,0.0,0,4,5,2016,0
HOUSEHOLD_1_517,HOUSEHOLD_1,HOUSEHOLD,CA_2,2016-05-14,10,2.0,16.0,8.0,8.285714,7.071429,0.88,0.0,1,5,5,2016,0
HOUSEHOLD_1_517,HOUSEHOLD_1,HOUSEHOLD,CA_2,2016-05-15,14,10.0,14.0,7.0,7.428571,7.142857,0.88,0.0,1,6,5,2016,0
HOUSEHOLD_1_517,HOUSEHOLD_1,HOUSEHOLD,CA_2,2016-05-16,2,14.0,8.0,10.0,7.428571,7.392857,0.88,0.0,0,0,5,2016,0
HOUSEHOLD_1_517,HOUSEHOLD_1,HOUSEHOLD,CA_2,2016-05-17,6,2.0,4.0,5.0,6.571429,7.107143,0.88,0.0,0,1,5,2016,0
HOUSEHOLD_1_517,HOUSEHOLD_1,HOUSEHOLD,CA_2,2016-05-18,1,6.0,8.0,6.0,6.857143,7.142857,0.88,0.0,0,2,5,2016,0
HOUSEHOLD_1_517,HOUSEHOLD_1,HOUSEHOLD,CA_2,2016-05-19,4,1.0,6.0,5.0,5.857143,6.964286,0.88,0.0,0,3,5,2016,0
HOUSEHOLD_1_517,HOUSEHOLD_1,HOUSEHOLD,CA_2,2016-05-20,5,4.0,2.0,4.0,5.571429,6.928571,0.88,0.0,0,4,5,2016,0
HOUSEHOLD_1_517,HOUSEHOLD_1,HOUSEHOLD,CA_2,2016-05-21,5,5.0,10.0,13.0,6.0,6.964286,0.88,0.0,1,5,5,2016,0
HOUSEHOLD_1_517,HOUSEHOLD_1,HOUSEHOLD,CA_2,2016-05-22,8,5.0,14.0,5.0,5.285714,6.678571,0.88,0.0,1,6,5,2016,0
HOUSEHOLD_1_517,HOUSEHOLD_1,HOUSEHOLD,CA_3,2016-04-25,12,12.0,9.0,21.0,9.857142,13.928572,0.88,0.0,0,0,4,2016,0
HOUSEHOLD_1_517,HOUSEHOLD_1,HOUSEHOLD,CA_3,2016-04-26,19,12.0,12.0,15.0,10.285714,13.607142,0.88,0.0,0,1,4,2016,0
HOUSEHOLD_1_517,HOUSEHOLD_1,HOUSEHOLD,CA_3,2016-04-27,12,19.0,0.0,7.0,11.285714,13.75,0.88,0.0,0,2,4,2016,0
HOUSEHOLD_1_517,HOUSEHOLD_1,HOUSEHOLD,CA_3,2016-04-28,19,12.0,12.0,24.0,13.0,13.928572,0.88,0.0,0,3,4,2016,0
HOUSEHOLD_1_517,HOUSEHOLD_1,HOUSEHOLD,CA_3,2016-04-29,18,19.0,15.0,0.0,14.0,13.75,0.88,0.0,0,4,4,2016,0
HOUSEHOLD_1_517,HOUSEHOLD_1,HOUSEHOLD,CA_3,2016-04-30,19,18.0,9.0,18.0,14.428572,14.392858,0.88,0.0,1,5,4,2016,0
HOUSEHOLD_1_517,HOUSEHOLD_1,HOUSEHOLD,CA_3,2016-05-01,16,19.0,12.0,17.0,15.857142,14.428572,0.88,0.0,1,6,5,2016,1
HOUSEHOLD_1_517,HOUSEHOLD_1,HOUSEHOLD,CA_3,2016-05-02,26,16.0,12.0,22.0,16.428572,14.392858,0.88,0.0,0,0,5,2016,1
HOUSEHOLD_1_517,HOUSEHOLD_1,HOUSEHOLD,CA_3,2016-05-03,18,26.0,19.0,15.0,18.428572,14.535714,0.88,0.0,0,1,5,2016,1
HOUSEHOLD_1_517,HOUSEHOLD_1,HOUSEHOLD,CA_3,2016-05-04,23,18.0,12.0,12.0,18.285715,14.642858,0.88,0.0,0,2,5,2016,1
HOUSEHOLD_1_517,HOUSEHOLD_1,HOUSEHOLD,CA_3,2016-05-05,10,23.0,19.0,21.0,19.857143,15.035714,0.88,0.0,0,3,5,2016,1
HOUSEHOLD_1_517,HOUSEHOLD_1,HOUSEHOLD,CA_3,2016-05-06,12,10.0,18.0,15.0,18.571428,14.642858,0.88,0.0,0,4,5,2016,1
HOUSEHOLD_1_517,HOUSEHOLD_1,HOUSEHOLD,CA_3,2016-05-07,10,12.0,19.0,12.0,17.714285,14.535714,0.88,0.0,1,5,5,2016,1
HOUSEHOLD_1_517,HOUSEHOLD_1,HOUSEHOLD,CA_3,2016-05-08,0,10.0,16.0,0.0,16.428572,14.464286,0.88,0.0,1,6,5,2016,1
HOUSEHOLD_1_517,HOUSEHOLD_1,HOUSEHOLD,CA_3,2016-05-09,20,0.0,26.0,25.0,14.142858,14.464286,0.88,0.0,0,0,5,2016,1
HOUSEHOLD_1_517,HOUSEHOLD_1,HOUSEHOLD,CA_3,2016-05-10,10,20.0,18.0,22.0,13.285714,14.285714,0.88,0.0,0,1,5,2016,1
HOUSEHOLD_1_517,HOUSEHOLD_1,HOUSEHOLD,CA_3,2016-05-11,14,10.0,23.0,13.0,12.142858,13.857142,0.88,0.0,0,2,5,2016,0
HOUSEHOLD_1_517,HOUSEHOLD_1,HOUSEHOLD,CA_3,2016-05-12,14,14.0,10.0,3.0,10.857142,13.892858,0.88,0.0,0,3,5,2016,0
HOUSEHOLD_1_517,HOUSEHOLD_1,HOUSEHOLD,CA_3,2016-05-13,5,14.0,12.0,12.0,11.428572,14.285714,0.88,0.0,0,4,5,2016,0
HOUSEHOLD_1_517,HOUSEHOLD_1,HOUSEHOLD,CA_3,2016-05-14,15,5.0,10.0,19.0,10.428572,14.035714,0.88,0.0,1,5,5,2016,0
HOUSEHOLD_1_517,HOUSEHOLD_1,HOUSEHOLD,CA_3,2016-05-15,23,15.0,0.0,28.0,11.142858,13.892858,0.88,0.0,1,6,5,2016,0
HOUSEHOLD_1_517,HOUSEHOLD_1,HOUSEHOLD,CA_3,2016-05-16,11,23.0,20.0,9.0,14.428572,13.714286,0.88,0.0,0,0,5,2016,0
HOUSEHOLD_1_517,HOUSEHOLD_1,HOUSEHOLD,CA_3,2016-05-17,7,11.0,10.0,12.0,13.142858,13.785714,0.88,0.0,0,1,5,2016,0
HOUSEHOLD_1_517,HOUSEHOLD_1,HOUSEHOLD,CA_3,2016-05-18,17,7.0,14.0,0.0,12.714286,13.607142,0.88,0.0,0,2,5,2016,0
HOUSEHOLD_1_517,HOUSEHOLD_1,HOUSEHOLD,CA_3,2016-05-19,14,17.0,14.0,12.0,13.142858,14.214286,0.88,0.0,0,3,5,2016,0
HOUSEHOLD_1_517,HOUSEHOLD_1,HOUSEHOLD,CA_3,2016-05-20,0,14.0,5.0,15.0,13.142858,14.285714,0.88,0.0,0,4,5,2016,0
HOUSEHOLD_1_517,HOUSEHOLD_1,HOUSEHOLD,CA_3,2016-05-21,12,0.0,15.0,9.0,12.428572,13.75,0.88,0.0,1,5,5,2016,0
HOUSEHOLD_1_517,HOUSEHOLD_1,HOUSEHOLD,CA_3,2016-05-22,13,12.0,23.0,12.0,12.0,13.857142,0.88,0.0,1,6,5,2016,0
HOUSEHOLD_1_517,HOUSEHOLD_1,HOUSEHOLD,CA_4,2016-04-25,5,10.0,3.0,3.0,4.857143,4.0,0.88,0.0,0,0,4,2016,0
HOUSEHOLD_1_517,HOUSEHOLD_1,HOUSEHOLD,CA_4,2016-04-26,1,5.0,9.0,3.0,5.142857,4.071429,0.88,0.0,0,1,4,2016,0
HOUSEHOLD_1_517,HOUSEHOLD_1,HOUSEHOLD,CA_4,2016-04-27,1,1.0,2.0,4.0,4.0,4.0,0.88,0.0,0,2,4,2016,0
HOUSEHOLD_1_517,HOUSEHOLD_1,HOUSEHOLD,CA_4,2016-04-28,1,1.0,2.0,3.0,3.857143,3.892857,0.88,0.0,0,3,4,2016,0
HOUSEHOLD_1_517,HOUSEHOLD_1,HOUSEHOLD,CA_4,2016-04-29,6,1.0,7.0,5.0,3.7142856,3.8214285,0.88,0.0,0,4,4,2016,0
HOUSEHOLD_1_517,HOUSEHOLD_1,HOUSEHOLD,CA_4,2016-04-30,6,6.0,1.0,6.0,3.5714285,3.857143,0.88,0.0,1,5,4,2016,0
HOUSEHOLD_1_517,HOUSEHOLD_1,HOUSEHOLD,CA_4,2016-05-01,2,6.0,10.0,1.0,4.285714,3.857143,0.88,0.0,1,6,5,2016,1
HOUSEHOLD_1_517,HOUSEHOLD_1,HOUSEHOLD,CA_4,2016-05-02,1,2.0,5.0,8.0,3.142857,3.892857,0.88,0.0,0,0,5,2016,1
HOUSEHOLD_1_517,HOUSEHOLD_1,HOUSEHOLD,CA_4,2016-05-03,9,1.0,1.0,2.0,2.5714285,3.642857,0.88,0.0,0,1,5,2016,1
HOUSEHOLD_1_517,HOUSEHOLD_1,HOUSEHOLD,CA_4,2016-05-04,7,9.0,1.0,8.0,3.7142856,3.892857,0.88,0.0,0,2,5,2016,1
HOUSEHOLD_1_517,HOUSEHOLD_1,HOUSEHOLD,CA_4,2016-05-05,3,7.0,1.0,4.0,4.571429,3.857143,0.88,0.0,0,3,5,2016,1
HOUSEHOLD_1_517,HOUSEHOLD_1,HOUSEHOLD,CA_4,2016-05-06,2,3.0,6.0,2.0,4.857143,3.8214285,0.88,0.0,0,4,5,2016,1
HOUSEHOLD_1_517,HOUSEHOLD_1,HOUSEHOLD,CA_4,2016-05-07,10,2.0,6.0,7.0,4.285714,3.8214285,0.88,0.0,1,5,5,2016,1
HOUSEHOLD_1_517,HOUSEHOLD_1,HOUSEHOLD,CA_4,2016-05-08,3,10.0,2.0,3.0,4.857143,3.9285715,0.88,0.0,1,6,5,2016,1
HOUSEHOLD_1_517,HOUSEHOLD_1,HOUSEHOLD,CA_4,2016-05-09,7,3.0,1.0,0.0,5.0,3.9285715,0.88,0.0,0,0,5,2016,1
HOUSEHOLD_1_517,HOUSEHOLD_1,HOUSEHOLD,CA_4,2016-05-10,6,7.0,9.0,0.0,5.857143,4.178571,0.88,0.0,0,1,5,2016,1
HOUSEHOLD_1_517,HOUSEHOLD_1,HOUSEHOLD,CA_4,2016-05-11,4,6.0,7.0,4.0,5.428571,4.392857,0.88,0.0,0,2,5,2016,0
HOUSEHOLD_1_517,HOUSEHOLD_1,HOUSEHOLD,CA_4,2016-05-12,2,4.0,3.0,6.0,5.0,4.392857,0.88,0.0,0,3,5,2016,0
HOUSEHOLD_1_517,HOUSEHOLD_1,HOUSEHOLD,CA_4,2016-05-13,3,2.0,2.0,0.0,4.857143,4.25,0.88,0.0,0,4,5,2016,0
HOUSEHOLD_1_517,HOUSEHOLD_1,HOUSEHOLD,CA_4,2016-05-14,6,3.0,10.0,3.0,5.0,4.357143,0.88,0.0,1,5,5,2016,0
HOUSEHOLD_1_517,HOUSEHOLD_1,HOUSEHOLD,CA_4,2016-05-15,4,6.0,3.0,6.0,4.428571,4.464286,0.88,0.0,1,6,5,2016,0
HOUSEHOLD_1_517,HOUSEHOLD_1,HOUSEHOLD,CA_4,2016-05-16,0,4.0,7.0,3.0,4.571429,4.392857,0.88,0.0,0,0,5,2016,0
HOUSEHOLD_1_517,HOUSEHOLD_1,HOUSEHOLD,CA_4,2016-05-17,8,0.0,6.0,9.0,3.5714285,4.285714,0.88,0.0,0,1,5,2016,0
HOUSEHOLD_1_517,HOUSEHOLD_1,HOUSEHOLD,CA_4,2016-05-18,5,8.0,4.0,2.0,3.857143,4.25,0.88,0.0,0,2,5,2016,0
HOUSEHOLD_1_517,HOUSEHOLD_1,HOUSEHOLD,CA_4,2016-05-19,0,5.0,2.0,2.0,4.0,4.357143,0.88,0.0,0,3,5,2016,0
HOUSEHOLD_1_517,HOUSEHOLD_1,HOUSEHOLD,CA_4,2016-05-20,8,0.0,3.0,7.0,3.7142856,4.285714,0.88,0.0,0,4,5,2016,0
HOUSEHOLD_1_517,HOUSEHOLD_1,HOUSEHOLD,CA_4,2016-05-21,14,8.0,6.0,1.0,4.428571,4.321429,0.88,0.0,1,5,5,2016,0
HOUSEHOLD_1_517,HOUSEHOLD_1,HOUSEHOLD,CA_4,2016-05-22,0,14.0,4.0,10.0,5.571429,4.785714,0.88,0.0,1,6,5,2016,0
